# cute chibi brachiosaurus - procedurally lofted
mtllib brachiosaurus.mtl
v 4.70000 1.05000 0.09400
v 4.69721 1.07208 0.09164
v 4.69455 1.09304 0.08469
v 4.69217 1.11186 0.07349
v 4.69018 1.12756 0.05861
v 4.68868 1.13938 0.04079
v 4.68776 1.14672 0.02092
v 4.68744 1.14921 0.00000
v 4.68776 1.14672 -0.02092
v 4.68868 1.13938 -0.04079
v 4.69018 1.12756 -0.05861
v 4.69217 1.11186 -0.07349
v 4.69455 1.09304 -0.08469
v 4.69721 1.07208 -0.09164
v 4.70000 1.05000 -0.09400
v 4.70279 1.02792 -0.09164
v 4.70545 1.00696 -0.08469
v 4.70783 0.98814 -0.07349
v 4.70982 0.97244 -0.05861
v 4.71132 0.96062 -0.04079
v 4.71224 0.95328 -0.02092
v 4.71256 0.95079 -0.00000
v 4.71224 0.95328 0.02092
v 4.71132 0.96062 0.04079
v 4.70982 0.97244 0.05861
v 4.70783 0.98814 0.07349
v 4.70545 1.00696 0.08469
v 4.70279 1.02792 0.09164
v 4.59120 1.03623 0.12520
v 4.58722 1.06560 0.12206
v 4.58343 1.09349 0.11280
v 4.58004 1.11852 0.09789
v 4.57720 1.13942 0.07806
v 4.57507 1.15514 0.05432
v 4.57374 1.16490 0.02786
v 4.57329 1.16821 0.00000
v 4.57374 1.16490 -0.02786
v 4.57507 1.15514 -0.05432
v 4.57720 1.13942 -0.07806
v 4.58004 1.11852 -0.09789
v 4.58343 1.09349 -0.11280
v 4.58722 1.06560 -0.12206
v 4.59120 1.03623 -0.12520
v 4.59519 1.00686 -0.12206
v 4.59898 0.97896 -0.11280
v 4.60237 0.95394 -0.09789
v 4.60521 0.93304 -0.07806
v 4.60734 0.91731 -0.05432
v 4.60867 0.90755 -0.02786
v 4.60912 0.90424 -0.00000
v 4.60867 0.90755 0.02786
v 4.60734 0.91731 0.05432
v 4.60521 0.93304 0.07806
v 4.60237 0.95394 0.09789
v 4.59898 0.97896 0.11280
v 4.59519 1.00686 0.12206
v 4.44074 1.01481 0.16711
v 4.43530 1.05400 0.16292
v 4.43014 1.09122 0.15056
v 4.42551 1.12461 0.13065
v 4.42164 1.15249 0.10419
v 4.41873 1.17347 0.07251
v 4.41692 1.18649 0.03719
v 4.41631 1.19091 0.00000
v 4.41692 1.18649 -0.03719
v 4.41873 1.17347 -0.07251
v 4.42164 1.15249 -0.10419
v 4.42551 1.12461 -0.13065
v 4.43014 1.09122 -0.15056
v 4.43530 1.05400 -0.16292
v 4.44074 1.01481 -0.16711
v 4.44618 0.97563 -0.16292
v 4.45134 0.93841 -0.15056
v 4.45597 0.90502 -0.13065
v 4.45984 0.87714 -0.10419
v 4.46275 0.85616 -0.07251
v 4.46456 0.84314 -0.03719
v 4.46517 0.83872 -0.00000
v 4.46456 0.84314 0.03719
v 4.46275 0.85616 0.07251
v 4.45984 0.87714 0.10419
v 4.45597 0.90502 0.13065
v 4.45134 0.93841 0.15056
v 4.44618 0.97563 0.16292
v 4.26250 0.99062 0.21737
v 4.25612 1.04169 0.21192
v 4.25005 1.09019 0.19585
v 4.24462 1.13369 0.16995
v 4.24007 1.17003 0.13553
v 4.23666 1.19737 0.09432
v 4.23454 1.21434 0.04837
v 4.23382 1.22009 0.00000
v 4.23454 1.21434 -0.04837
v 4.23666 1.19737 -0.09432
v 4.24007 1.17003 -0.13553
v 4.24462 1.13369 -0.16995
v 4.25005 1.09019 -0.19585
v 4.25612 1.04169 -0.21192
v 4.26250 0.99062 -0.21737
v 4.26888 0.93956 -0.21192
v 4.27495 0.89106 -0.19585
v 4.28038 0.84756 -0.16995
v 4.28493 0.81122 -0.13553
v 4.28834 0.78388 -0.09432
v 4.29046 0.76691 -0.04837
v 4.29118 0.76116 -0.00000
v 4.29046 0.76691 0.04837
v 4.28834 0.78388 0.09432
v 4.28493 0.81122 0.13553
v 4.28038 0.84756 0.16995
v 4.27495 0.89106 0.19585
v 4.26888 0.93956 0.21192
v 4.07037 0.96852 0.27364
v 4.06412 1.03299 0.26678
v 4.05818 1.09424 0.24655
v 4.05285 1.14918 0.21394
v 4.04840 1.19506 0.17061
v 4.04505 1.22958 0.11873
v 4.04297 1.25101 0.06089
v 4.04227 1.25827 0.00000
v 4.04297 1.25101 -0.06089
v 4.04505 1.22958 -0.11873
v 4.04840 1.19506 -0.17061
v 4.05285 1.14918 -0.21394
v 4.05818 1.09424 -0.24655
v 4.06412 1.03299 -0.26678
v 4.07037 0.96852 -0.27364
v 4.07662 0.90404 -0.26678
v 4.08256 0.84280 -0.24655
v 4.08789 0.78786 -0.21394
v 4.09234 0.74198 -0.17061
v 4.09569 0.70746 -0.11873
v 4.09777 0.68603 -0.06089
v 4.09847 0.67877 -0.00000
v 4.09777 0.68603 0.06089
v 4.09569 0.70746 0.11873
v 4.09234 0.74198 0.17061
v 4.08789 0.78786 0.21394
v 4.08256 0.84280 0.24655
v 4.07662 0.90404 0.26678
v 3.87824 0.95336 0.33357
v 3.87430 1.03222 0.32521
v 3.87055 1.10713 0.30054
v 3.86719 1.17433 0.26080
v 3.86439 1.23045 0.20798
v 3.86227 1.27268 0.14473
v 3.86096 1.29889 0.07423
v 3.86052 1.30777 0.00000
v 3.86096 1.29889 -0.07423
v 3.86227 1.27268 -0.14473
v 3.86439 1.23045 -0.20798
v 3.86719 1.17433 -0.26080
v 3.87055 1.10713 -0.30054
v 3.87430 1.03222 -0.32521
v 3.87824 0.95336 -0.33357
v 3.88218 0.87449 -0.32521
v 3.88593 0.79958 -0.30054
v 3.88929 0.73238 -0.26080
v 3.89210 0.67626 -0.20798
v 3.89421 0.63404 -0.14473
v 3.89552 0.60782 -0.07423
v 3.89596 0.59894 -0.00000
v 3.89552 0.60782 0.07423
v 3.89421 0.63404 0.14473
v 3.89210 0.67626 0.20798
v 3.88929 0.73238 0.26080
v 3.88593 0.79958 0.30054
v 3.88218 0.87449 0.32521
v 3.70000 0.95000 0.39480
v 3.70069 1.04346 0.38490
v 3.70134 1.13223 0.35570
v 3.70193 1.21186 0.30867
v 3.70242 1.27836 0.24615
v 3.70278 1.32840 0.17130
v 3.70301 1.35946 0.08785
v 3.70309 1.36999 0.00000
v 3.70301 1.35946 -0.08785
v 3.70278 1.32840 -0.17130
v 3.70242 1.27836 -0.24615
v 3.70193 1.21186 -0.30867
v 3.70134 1.13223 -0.35570
v 3.70069 1.04346 -0.38490
v 3.70000 0.95000 -0.39480
v 3.69931 0.85654 -0.38490
v 3.69866 0.76777 -0.35570
v 3.69807 0.68814 -0.30867
v 3.69758 0.62164 -0.24615
v 3.69722 0.57160 -0.17130
v 3.69699 0.54054 -0.08785
v 3.69691 0.53001 -0.00000
v 3.69699 0.54054 0.08785
v 3.69722 0.57160 0.17130
v 3.69758 0.62164 0.24615
v 3.69807 0.68814 0.30867
v 3.69866 0.76777 0.35570
v 3.69931 0.85654 0.38490
v 3.53218 0.95590 0.45697
v 3.53752 1.06395 0.44551
v 3.54259 1.16657 0.41171
v 3.54715 1.25863 0.35727
v 3.55095 1.33551 0.28491
v 3.55381 1.39336 0.19827
v 3.55558 1.42927 0.10168
v 3.55619 1.44144 0.00000
v 3.55558 1.42927 -0.10168
v 3.55381 1.39336 -0.19827
v 3.55095 1.33551 -0.28491
v 3.54715 1.25863 -0.35727
v 3.54259 1.16657 -0.41171
v 3.53752 1.06395 -0.44551
v 3.53218 0.95590 -0.45697
v 3.52683 0.84786 -0.44551
v 3.52176 0.74523 -0.41171
v 3.51721 0.65317 -0.35727
v 3.51340 0.57629 -0.28491
v 3.51054 0.51845 -0.19827
v 3.50877 0.48254 -0.10168
v 3.50817 0.47036 -0.00000
v 3.50877 0.48254 0.10168
v 3.51054 0.51845 0.19827
v 3.51340 0.57629 0.28491
v 3.51721 0.65317 0.35727
v 3.52176 0.74523 0.41171
v 3.52683 0.84786 0.44551
v 3.36296 0.96667 0.52187
v 3.37332 1.08977 0.50879
v 3.38316 1.20670 0.47019
v 3.39198 1.31160 0.40802
v 3.39935 1.39920 0.32538
v 3.40490 1.46511 0.22643
v 3.40834 1.50603 0.11613
v 3.40951 1.51990 0.00000
v 3.40834 1.50603 -0.11613
v 3.40490 1.46511 -0.22643
v 3.39935 1.39920 -0.32538
v 3.39198 1.31160 -0.40802
v 3.38316 1.20670 -0.47019
v 3.37332 1.08977 -0.50879
v 3.36296 0.96667 -0.52187
v 3.35261 0.84356 -0.50879
v 3.34277 0.72663 -0.47019
v 3.33394 0.62173 -0.40802
v 3.32657 0.53413 -0.32538
v 3.32103 0.46822 -0.22643
v 3.31759 0.42731 -0.11613
v 3.31642 0.41344 -0.00000
v 3.31759 0.42731 0.11613
v 3.32103 0.46822 0.22643
v 3.32657 0.53413 0.32538
v 3.33394 0.62173 0.40802
v 3.34277 0.72663 0.47019
v 3.35261 0.84356 0.50879
v 3.19375 0.98437 0.59044
v 3.21202 1.12295 0.57563
v 3.22938 1.25457 0.53197
v 3.24495 1.37264 0.46162
v 3.25795 1.47125 0.36813
v 3.26774 1.54544 0.25618
v 3.27381 1.59150 0.13138
v 3.27587 1.60711 0.00000
v 3.27381 1.59150 -0.13138
v 3.26774 1.54544 -0.25618
v 3.25795 1.47125 -0.36813
v 3.24495 1.37264 -0.46162
v 3.22938 1.25457 -0.53197
v 3.21202 1.12295 -0.57563
v 3.19375 0.98438 -0.59044
v 3.17548 0.84580 -0.57563
v 3.15812 0.71418 -0.53197
v 3.14255 0.59611 -0.46162
v 3.12955 0.49750 -0.36813
v 3.11976 0.42331 -0.25618
v 3.11369 0.37725 -0.13138
v 3.11163 0.36164 -0.00000
v 3.11369 0.37725 0.13138
v 3.11976 0.42331 0.25618
v 3.12955 0.49750 0.36813
v 3.14255 0.59611 0.46162
v 3.15812 0.71418 0.53197
v 3.17548 0.84580 0.57563
v 3.02593 1.01111 0.66357
v 3.05585 1.16532 0.64693
v 3.08426 1.31179 0.59786
v 3.10976 1.44319 0.51880
v 3.13105 1.55292 0.41373
v 3.14707 1.63549 0.28791
v 3.15701 1.68674 0.14766
v 3.16038 1.70411 0.00000
v 3.15701 1.68674 -0.14766
v 3.14707 1.63549 -0.28791
v 3.13105 1.55292 -0.41373
v 3.10976 1.44319 -0.51880
v 3.08426 1.31179 -0.59786
v 3.05585 1.16532 -0.64693
v 3.02593 1.01111 -0.66357
v 2.99601 0.85690 -0.64693
v 2.96759 0.71043 -0.59786
v 2.94209 0.57903 -0.51880
v 2.92080 0.46930 -0.41373
v 2.90479 0.38674 -0.28791
v 2.89484 0.33548 -0.14766
v 2.89147 0.31811 -0.00000
v 2.89484 0.33548 0.14766
v 2.90479 0.38674 0.28791
v 2.92080 0.46930 0.41373
v 2.94209 0.57903 0.51880
v 2.96759 0.71043 0.59786
v 2.99601 0.85690 0.64693
v 2.86088 1.04896 0.74219
v 2.90711 1.21846 0.72358
v 2.95102 1.37946 0.66869
v 2.99041 1.52389 0.58026
v 3.02330 1.64451 0.46275
v 3.04805 1.73526 0.32202
v 3.06342 1.79160 0.16515
v 3.06863 1.81070 0.00000
v 3.06342 1.79160 -0.16515
v 3.04805 1.73526 -0.32202
v 3.02330 1.64451 -0.46275
v 2.99041 1.52389 -0.58026
v 2.95102 1.37946 -0.66869
v 2.90711 1.21846 -0.72358
v 2.86088 1.04896 -0.74219
v 2.81465 0.87946 -0.72358
v 2.77074 0.71845 -0.66869
v 2.73135 0.57402 -0.58026
v 2.69846 0.45341 -0.46275
v 2.67371 0.36266 -0.32202
v 2.65834 0.30632 -0.16515
v 2.65313 0.28722 -0.00000
v 2.65834 0.30632 0.16515
v 2.67371 0.36266 0.32202
v 2.69846 0.45341 0.46275
v 2.73135 0.57402 0.58026
v 2.77074 0.71845 0.66869
v 2.81465 0.87946 0.72358
v 2.70000 1.10000 0.82720
v 2.77004 1.28286 0.80646
v 2.83658 1.45656 0.74528
v 2.89626 1.61237 0.64673
v 2.94610 1.74249 0.51575
v 2.98360 1.84040 0.35891
v 3.00688 1.90117 0.18407
v 3.01477 1.92178 0.00000
v 3.00688 1.90117 -0.18407
v 2.98360 1.84040 -0.35891
v 2.94610 1.74249 -0.51575
v 2.89626 1.61237 -0.64673
v 2.83658 1.45656 -0.74528
v 2.77004 1.28286 -0.80646
v 2.70000 1.10000 -0.82720
v 2.62996 0.91714 -0.80646
v 2.56342 0.74344 -0.74528
v 2.50374 0.58763 -0.64673
v 2.45390 0.45751 -0.51575
v 2.41640 0.35960 -0.35891
v 2.39312 0.29883 -0.18407
v 2.38523 0.27822 -0.00000
v 2.39312 0.29883 0.18407
v 2.41640 0.35960 0.35891
v 2.45390 0.45751 0.51575
v 2.50374 0.58763 0.64673
v 2.56342 0.74344 0.74528
v 2.62996 0.91714 0.80646
v 2.54421 1.17025 0.92042
v 2.64444 1.36372 0.89734
v 2.73964 1.54748 0.82927
v 2.82505 1.71233 0.71961
v 2.89637 1.84999 0.57387
v 2.95003 1.95357 0.39935
v 2.98334 2.01787 0.20481
v 2.99463 2.03967 0.00000
v 2.98334 2.01787 -0.20481
v 2.95003 1.95357 -0.39935
v 2.89637 1.84999 -0.57387
v 2.82505 1.71233 -0.71961
v 2.73964 1.54748 -0.82927
v 2.64444 1.36372 -0.89734
v 2.54421 1.17025 -0.92042
v 2.44398 0.97679 -0.89734
v 2.34878 0.79303 -0.82927
v 2.26338 0.62818 -0.71961
v 2.19206 0.49052 -0.57387
v 2.13840 0.38694 -0.39935
v 2.10508 0.32263 -0.20481
v 2.09379 0.30084 -0.00000
v 2.10508 0.32263 0.20481
v 2.13840 0.38694 0.39935
v 2.19206 0.49052 0.57387
v 2.26338 0.62818 0.71961
v 2.34878 0.79303 0.82927
v 2.44398 0.97679 0.89734
v 2.39259 1.25926 1.02147
v 2.52140 1.46390 0.99586
v 2.64375 1.65828 0.92031
v 2.75351 1.83266 0.79861
v 2.84516 1.97828 0.63687
v 2.91413 2.08784 0.44320
v 2.95694 2.15586 0.22730
v 2.97145 2.17892 0.00000
v 2.95694 2.15586 -0.22730
v 2.91413 2.08784 -0.44320
v 2.84516 1.97828 -0.63687
v 2.75351 1.83266 -0.79861
v 2.64375 1.65828 -0.92031
v 2.52140 1.46390 -0.99586
v 2.39259 1.25926 -1.02147
v 2.26378 1.05462 -0.99586
v 2.14144 0.86024 -0.92031
v 2.03168 0.68586 -0.79861
v 1.94002 0.54024 -0.63687
v 1.87106 0.43068 -0.44320
v 1.82825 0.36266 -0.22730
v 1.81373 0.33960 -0.00000
v 1.82825 0.36266 0.22730
v 1.87106 0.43068 0.44320
v 1.94002 0.54024 0.63687
v 2.03168 0.68586 0.79861
v 2.14144 0.86024 0.92031
v 2.26378 1.05462 0.99586
v 2.24375 1.35938 1.12800
v 2.39503 1.57941 1.09972
v 2.53872 1.78842 1.01629
v 2.66762 1.97591 0.88191
v 2.77527 2.13249 0.70330
v 2.85626 2.25030 0.48942
v 2.90654 2.32343 0.25100
v 2.92358 2.34823 0.00000
v 2.90654 2.32343 -0.25100
v 2.85626 2.25030 -0.48942
v 2.77527 2.13249 -0.70330
v 2.66762 1.97591 -0.88191
v 2.53872 1.78842 -1.01629
v 2.39503 1.57941 -1.09972
v 2.24375 1.35938 -1.12800
v 2.09247 1.13934 -1.09972
v 1.94878 0.93033 -1.01629
v 1.81988 0.74284 -0.88191
v 1.71223 0.58626 -0.70330
v 1.63124 0.46845 -0.48942
v 1.58096 0.39532 -0.25100
v 1.56392 0.37052 -0.00000
v 1.58096 0.39532 0.25100
v 1.63124 0.46845 0.48942
v 1.71223 0.58626 0.70330
v 1.81988 0.74284 0.88191
v 1.94878 0.93033 1.01629
v 2.09247 1.13934 1.09972
v 2.09630 1.46296 1.23767
v 2.26243 1.70430 1.20664
v 2.42023 1.93353 1.11510
v 2.56178 2.13916 0.96765
v 2.68000 2.31089 0.77167
v 2.76894 2.44010 0.53700
v 2.82416 2.52031 0.27541
v 2.84288 2.54750 0.00000
v 2.82416 2.52031 -0.27541
v 2.76894 2.44010 -0.53700
v 2.68000 2.31089 -0.77167
v 2.56178 2.13916 -0.96765
v 2.42023 1.93353 -1.11510
v 2.26243 1.70430 -1.20664
v 2.09630 1.46296 -1.23767
v 1.93017 1.22163 -1.20664
v 1.77237 0.99240 -1.11510
v 1.63081 0.78676 -0.96765
v 1.51260 0.61503 -0.77167
v 1.42365 0.48583 -0.53700
v 1.36843 0.40561 -0.27541
v 1.34972 0.37842 -0.00000
v 1.36843 0.40561 0.27541
v 1.42365 0.48583 0.53700
v 1.51260 0.61503 0.77167
v 1.63081 0.78676 0.96765
v 1.77237 0.99240 1.11510
v 1.93017 1.22163 1.20664
v 1.94884 1.56238 1.34812
v 2.11919 1.83225 1.31432
v 2.28100 2.08858 1.21461
v 2.42616 2.31852 1.05400
v 2.54737 2.51055 0.84054
v 2.63858 2.65504 0.58493
v 2.69520 2.74473 0.29998
v 2.71439 2.77514 0.00000
v 2.69520 2.74473 -0.29998
v 2.63858 2.65504 -0.58493
v 2.54737 2.51055 -0.84054
v 2.42616 2.31852 -1.05400
v 2.28100 2.08858 -1.21461
v 2.11919 1.83225 -1.31432
v 1.94884 1.56238 -1.34812
v 1.77849 1.29252 -1.31432
v 1.61668 1.03619 -1.21461
v 1.47153 0.80625 -1.05400
v 1.35031 0.61422 -0.84054
v 1.25911 0.46973 -0.58493
v 1.20249 0.38004 -0.29998
v 1.18329 0.34963 -0.00000
v 1.20249 0.38004 0.29998
v 1.25911 0.46973 0.58493
v 1.35031 0.61422 0.84054
v 1.47153 0.80625 1.05400
v 1.61668 1.03619 1.21461
v 1.77849 1.29252 1.31432
v 1.80000 1.65000 1.45700
v 1.96826 1.95108 1.42047
v 2.12809 2.23706 1.31271
v 2.27146 2.49360 1.13913
v 2.39120 2.70785 0.90842
v 2.48129 2.86904 0.63217
v 2.53721 2.96911 0.32421
v 2.55617 3.00304 0.00000
v 2.53721 2.96911 -0.32421
v 2.48129 2.86904 -0.63217
v 2.39120 2.70785 -0.90842
v 2.27146 2.49360 -1.13913
v 2.12809 2.23706 -1.31271
v 1.96826 1.95108 -1.42047
v 1.80000 1.65000 -1.45700
v 1.63174 1.34892 -1.42047
v 1.47191 1.06294 -1.31271
v 1.32854 0.80640 -1.13913
v 1.20880 0.59215 -0.90842
v 1.11871 0.43096 -0.63217
v 1.06279 0.33089 -0.32421
v 1.04383 0.29696 -0.00000
v 1.06279 0.33089 0.32421
v 1.11871 0.43096 0.63217
v 1.20880 0.59215 0.90842
v 1.32854 0.80640 1.13913
v 1.47191 1.06294 1.31271
v 1.63174 1.34892 1.42047
v 1.65000 1.72940 1.57211
v 1.82291 2.05895 1.53269
v 1.98715 2.37197 1.41642
v 2.13449 2.65277 1.22912
v 2.25753 2.88727 0.98019
v 2.35010 3.06371 0.68211
v 2.40757 3.17324 0.34983
v 2.42705 3.21037 0.00000
v 2.40757 3.17324 -0.34983
v 2.35010 3.06371 -0.68211
v 2.25753 2.88727 -0.98019
v 2.13449 2.65277 -1.22912
v 1.98715 2.37197 -1.41642
v 1.82291 2.05895 -1.53269
v 1.65000 1.72940 -1.57211
v 1.47709 1.39985 -1.53269
v 1.31285 1.08683 -1.41642
v 1.16551 0.80603 -1.22912
v 1.04247 0.57153 -0.98019
v 0.94990 0.39509 -0.68211
v 0.89243 0.28555 -0.34983
v 0.87295 0.24842 -0.00000
v 0.89243 0.28555 0.34983
v 0.94990 0.39509 0.68211
v 1.04247 0.57153 0.98019
v 1.16551 0.80603 1.22912
v 1.31285 1.08683 1.41642
v 1.47709 1.39985 1.53269
v 1.50000 1.80741 1.69687
v 1.68141 2.16580 1.65433
v 1.85372 2.50623 1.52883
v 2.00830 2.81161 1.32667
v 2.13739 3.06663 1.05798
v 2.23451 3.25852 0.73625
v 2.29481 3.37764 0.37759
v 2.31525 3.41802 0.00000
v 2.29481 3.37764 -0.37759
v 2.23451 3.25852 -0.73625
v 2.13739 3.06663 -1.05798
v 2.00830 2.81161 -1.32667
v 1.85372 2.50623 -1.52883
v 1.68141 2.16580 -1.65433
v 1.50000 1.80741 -1.69687
v 1.31859 1.44901 -1.65433
v 1.14628 1.10859 -1.52883
v 0.99170 0.80321 -1.32667
v 0.86261 0.54818 -1.05798
v 0.76549 0.35630 -0.73625
v 0.70519 0.23718 -0.37759
v 0.68475 0.19680 -0.00000
v 0.70519 0.23718 0.37759
v 0.76549 0.35630 0.73625
v 0.86261 0.54818 1.05798
v 0.99170 0.80321 1.32667
v 1.14628 1.10859 1.52883
v 1.31859 1.44901 1.65433
v 1.35000 1.88125 1.82243
v 1.53323 2.27182 1.77673
v 1.70727 2.64280 1.64195
v 1.86340 2.97560 1.42483
v 1.99378 3.25352 1.13626
v 2.09188 3.46263 0.79072
v 2.15278 3.59244 0.40553
v 2.17343 3.63645 0.00000
v 2.15278 3.59244 -0.40553
v 2.09188 3.46263 -0.79072
v 1.99378 3.25352 -1.13626
v 1.86340 2.97560 -1.42483
v 1.70727 2.64280 -1.64195
v 1.53323 2.27182 -1.77673
v 1.35000 1.88125 -1.82243
v 1.16677 1.49068 -1.77673
v 0.99273 1.11970 -1.64195
v 0.83660 0.78690 -1.42483
v 0.70622 0.50898 -1.13626
v 0.60812 0.29987 -0.79072
v 0.54722 0.17006 -0.40553
v 0.52657 0.12605 -0.00000
v 0.54722 0.17006 0.40553
v 0.60812 0.29987 0.79072
v 0.70622 0.50898 1.13626
v 0.83660 0.78690 1.42483
v 0.99273 1.11970 1.64195
v 1.16677 1.49068 1.77673
v 1.20000 1.94815 1.93988
v 1.37551 2.37250 1.89124
v 1.54221 2.77558 1.74777
v 1.69176 3.13717 1.51666
v 1.81664 3.43913 1.20950
v 1.91061 3.66633 0.84168
v 1.96894 3.80738 0.43166
v 1.98871 3.85519 0.00000
v 1.96894 3.80738 -0.43166
v 1.91061 3.66633 -0.84168
v 1.81664 3.43913 -1.20950
v 1.69176 3.13717 -1.51666
v 1.54221 2.77558 -1.74777
v 1.37551 2.37250 -1.89124
v 1.20000 1.94815 -1.93988
v 1.02449 1.52379 -1.89124
v 0.85779 1.12071 -1.74777
v 0.70824 0.75913 -1.51666
v 0.58336 0.45716 -1.20950
v 0.48939 0.22996 -0.84168
v 0.43106 0.08892 -0.43166
v 0.41129 0.04111 -0.00000
v 0.43106 0.08892 0.43166
v 0.48939 0.22996 0.84168
v 0.58336 0.45716 1.20950
v 0.70824 0.75913 1.51666
v 0.85779 1.12071 1.74777
v 1.02449 1.52379 1.89124
v 1.05000 2.00532 2.04037
v 1.20528 2.46269 1.98921
v 1.35277 2.89712 1.83831
v 1.48508 3.28683 1.59522
v 1.59557 3.61228 1.27215
v 1.67871 3.85715 0.88528
v 1.73032 4.00917 0.45402
v 1.74781 4.06070 0.00000
v 1.73032 4.00917 -0.45402
v 1.67871 3.85715 -0.88528
v 1.59557 3.61228 -1.27215
v 1.48508 3.28683 -1.59522
v 1.35277 2.89712 -1.83831
v 1.20528 2.46269 -1.98921
v 1.05000 2.00532 -2.04037
v 0.89472 1.54796 -1.98921
v 0.74723 1.11353 -1.83831
v 0.61492 0.72382 -1.59522
v 0.50443 0.39837 -1.27215
v 0.42129 0.15349 -0.88528
v 0.36968 0.00148 -0.45402
v 0.35219 -0.05005 -0.00000
v 0.36968 0.00148 0.45402
v 0.42129 0.15349 0.88528
v 0.50443 0.39837 1.27215
v 0.61492 0.72382 1.59522
v 0.74723 1.11353 1.83831
v 0.89472 1.54796 1.98921
v 0.90000 2.05000 2.11500
v 1.01968 2.53616 2.06197
v 1.13336 2.99794 1.90555
v 1.23533 3.41218 1.65357
v 1.32049 3.75813 1.31868
v 1.38457 4.01841 0.91766
v 1.42434 4.18000 0.47063
v 1.43783 4.23477 0.00000
v 1.42434 4.18000 -0.47063
v 1.38457 4.01841 -0.91766
v 1.32049 3.75813 -1.31868
v 1.23533 3.41218 -1.65357
v 1.13336 2.99794 -1.90555
v 1.01968 2.53616 -2.06197
v 0.90000 2.05000 -2.11500
v 0.78032 1.56384 -2.06197
v 0.66664 1.10206 -1.90555
v 0.56467 0.68782 -1.65357
v 0.47951 0.34187 -1.31868
v 0.41543 0.08159 -0.91766
v 0.37566 -0.08000 -0.47063
v 0.36217 -0.13477 -0.00000
v 0.37566 -0.08000 0.47063
v 0.41543 0.08159 0.91766
v 0.47951 0.34187 1.31868
v 0.56467 0.68782 1.65357
v 0.66664 1.10206 1.90555
v 0.78032 1.56384 2.06197
v 0.74769 2.07975 2.16254
v 0.82392 2.58596 2.10832
v 0.89634 3.06680 1.94838
v 0.96130 3.49814 1.69074
v 1.01555 3.85835 1.34832
v 1.05637 4.12938 0.93829
v 1.08170 4.29763 0.48121
v 1.09029 4.35467 0.00000
v 1.08170 4.29763 -0.48121
v 1.05637 4.12938 -0.93829
v 1.01555 3.85835 -1.34832
v 0.96130 3.49814 -1.69074
v 0.89634 3.06680 -1.94838
v 0.82392 2.58596 -2.10832
v 0.74769 2.07975 -2.16254
v 0.67145 1.57353 -2.10832
v 0.59903 1.09269 -1.94838
v 0.53407 0.66135 -1.69074
v 0.47982 0.30114 -1.34832
v 0.43901 0.03011 -0.93829
v 0.41367 -0.13814 -0.48121
v 0.40508 -0.19518 -0.00000
v 0.41367 -0.13814 0.48121
v 0.43901 0.03011 0.93829
v 0.47982 0.30114 1.34832
v 0.53407 0.66135 1.69074
v 0.59903 1.09269 1.94838
v 0.67145 1.57353 2.10832
v 0.59259 2.09630 2.18985
v 0.63155 2.61322 2.13495
v 0.66856 3.10423 1.97299
v 0.70176 3.54469 1.71210
v 0.72949 3.91252 1.36535
v 0.75035 4.18928 0.95014
v 0.76330 4.36109 0.48729
v 0.76769 4.41934 0.00000
v 0.76330 4.36109 -0.48729
v 0.75035 4.18928 -0.95014
v 0.72949 3.91252 -1.36535
v 0.70176 3.54469 -1.71210
v 0.66856 3.10423 -1.97299
v 0.63155 2.61322 -2.13495
v 0.59259 2.09630 -2.18985
v 0.55363 1.57937 -2.13495
v 0.51662 1.08837 -1.97299
v 0.48342 0.64790 -1.71210
v 0.45570 0.28007 -1.36535
v 0.43484 0.00331 -0.95014
v 0.42189 -0.16850 -0.48729
v 0.41750 -0.22674 -0.00000
v 0.42189 -0.16850 0.48729
v 0.43484 0.00331 0.95014
v 0.45570 0.28007 1.36535
v 0.48342 0.64790 1.71210
v 0.51662 1.08837 1.97299
v 0.55363 1.57937 2.13495
v 0.43750 2.10312 2.20019
v 0.45005 2.62381 2.14502
v 0.46196 3.11839 1.98230
v 0.47265 3.56206 1.72018
v 0.48158 3.93257 1.37179
v 0.48830 4.21134 0.95463
v 0.49247 4.38440 0.48959
v 0.49388 4.44307 0.00000
v 0.49247 4.38440 -0.48959
v 0.48830 4.21134 -0.95463
v 0.48158 3.93257 -1.37179
v 0.47265 3.56206 -1.72018
v 0.46196 3.11839 -1.98230
v 0.45005 2.62381 -2.14502
v 0.43750 2.10312 -2.20019
v 0.42495 1.58244 -2.14502
v 0.41304 1.08786 -1.98230
v 0.40235 0.64419 -1.72018
v 0.39342 0.27368 -1.37179
v 0.38670 -0.00509 -0.95463
v 0.38253 -0.17815 -0.48959
v 0.38112 -0.23682 -0.00000
v 0.38253 -0.17815 0.48959
v 0.38670 -0.00509 0.95463
v 0.39342 0.27368 1.37179
v 0.40235 0.64419 1.72018
v 0.41304 1.08786 1.98230
v 0.42495 1.58244 2.14502
v 0.28519 2.10370 2.19681
v 0.28237 2.62374 2.14174
v 0.27969 3.11769 1.97926
v 0.27729 3.56080 1.71754
v 0.27529 3.93085 1.36969
v 0.27378 4.20927 0.95316
v 0.27284 4.38211 0.48884
v 0.27252 4.44071 0.00000
v 0.27284 4.38211 -0.48884
v 0.27378 4.20927 -0.95316
v 0.27529 3.93085 -1.36969
v 0.27729 3.56080 -1.71754
v 0.27969 3.11769 -1.97926
v 0.28237 2.62374 -2.14174
v 0.28519 2.10370 -2.19681
v 0.28800 1.58367 -2.14174
v 0.29068 1.08972 -1.97926
v 0.29308 0.64661 -1.71754
v 0.29508 0.27656 -1.36969
v 0.29659 -0.00186 -0.95316
v 0.29753 -0.17471 -0.48884
v 0.29785 -0.23330 -0.00000
v 0.29753 -0.17471 0.48884
v 0.29659 -0.00186 0.95316
v 0.29508 0.27656 1.36969
v 0.29308 0.64661 1.71754
v 0.29068 1.08972 1.97926
v 0.28800 1.58367 2.14174
v 0.13843 2.10150 2.18300
v 0.13172 2.61823 2.12827
v 0.12534 3.10904 1.96681
v 0.11962 3.54934 1.70674
v 0.11485 3.91703 1.36108
v 0.11125 4.19368 0.94717
v 0.10902 4.36543 0.48576
v 0.10827 4.42365 0.00000
v 0.10902 4.36543 -0.48576
v 0.11125 4.19368 -0.94717
v 0.11485 3.91703 -1.36108
v 0.11962 3.54934 -1.70674
v 0.12534 3.10904 -1.96681
v 0.13172 2.61823 -2.12827
v 0.13843 2.10150 -2.18300
v 0.14514 1.58478 -2.12827
v 0.15151 1.09396 -1.96681
v 0.15723 0.65367 -1.70674
v 0.16200 0.28598 -1.36108
v 0.16560 0.00933 -0.94717
v 0.16783 -0.16242 -0.48576
v 0.16858 -0.22064 -0.00000
v 0.16783 -0.16242 0.48576
v 0.16560 0.00933 0.94717
v 0.16200 0.28598 1.36108
v 0.15723 0.65367 1.70674
v 0.15151 1.09396 1.96681
v 0.14514 1.58478 2.12827
v 0.00000 2.10000 2.16200
v -0.01985 2.61141 2.10779
v -0.03870 3.09718 1.94789
v -0.05561 3.53295 1.69032
v -0.06974 3.89686 1.34798
v -0.08036 4.17067 0.93806
v -0.08696 4.34065 0.48109
v -0.08920 4.39827 0.00000
v -0.08696 4.34065 -0.48109
v -0.08036 4.17067 -0.93806
v -0.06974 3.89686 -1.34798
v -0.05561 3.53295 -1.69032
v -0.03870 3.09718 -1.94789
v -0.01985 2.61141 -2.10779
v -0.00000 2.10000 -2.16200
v 0.01985 1.58859 -2.10779
v 0.03870 1.10282 -1.94789
v 0.05561 0.66705 -1.69032
v 0.06974 0.30314 -1.34798
v 0.08036 0.02933 -0.93806
v 0.08696 -0.14065 -0.48109
v 0.08920 -0.19827 -0.00000
v 0.08696 -0.14065 0.48109
v 0.08036 0.02933 0.93806
v 0.06974 0.30314 1.34798
v 0.05561 0.66705 1.69032
v 0.03870 1.10282 1.94789
v 0.01985 1.58859 2.10779
v -0.12998 2.09109 2.13165
v -0.18851 2.59229 2.07820
v -0.24411 3.06837 1.92055
v -0.29399 3.49544 1.66659
v -0.33564 3.85208 1.32906
v -0.36698 4.12043 0.92489
v -0.38644 4.28702 0.47434
v -0.39303 4.34349 0.00000
v -0.38644 4.28702 -0.47434
v -0.36698 4.12043 -0.92489
v -0.33564 3.85208 -1.32906
v -0.29399 3.49544 -1.66659
v -0.24411 3.06837 -1.92055
v -0.18851 2.59229 -2.07820
v -0.12998 2.09109 -2.13165
v -0.07144 1.58988 -2.07820
v -0.01584 1.11381 -1.92055
v 0.03403 0.68674 -1.66659
v 0.07569 0.33009 -1.32906
v 0.10703 0.06175 -0.92489
v 0.12648 -0.10484 -0.47434
v 0.13308 -0.16131 -0.00000
v 0.12648 -0.10484 0.47434
v 0.10703 0.06175 0.92489
v 0.07569 0.33009 1.32906
v 0.03403 0.68674 1.66659
v -0.01584 1.11381 1.92055
v -0.07144 1.58988 2.07820
v -0.25370 2.07037 2.08889
v -0.34261 2.55680 2.03652
v -0.42706 3.01884 1.88202
v -0.50282 3.43332 1.63316
v -0.56608 3.77946 1.30240
v -0.61368 4.03990 0.90633
v -0.64323 4.20157 0.46482
v -0.65325 4.25638 0.00000
v -0.64323 4.20157 -0.46482
v -0.61368 4.03990 -0.90633
v -0.56608 3.77946 -1.30240
v -0.50282 3.43332 -1.63316
v -0.42706 3.01884 -1.88202
v -0.34261 2.55680 -2.03652
v -0.25370 2.07037 -2.08889
v -0.16480 1.58394 -2.03652
v -0.08035 1.12190 -1.88202
v -0.00459 0.70742 -1.63316
v 0.05868 0.36128 -1.30240
v 0.10628 0.10084 -0.90633
v 0.13583 -0.06083 -0.46482
v 0.14584 -0.11564 -0.00000
v 0.13583 -0.06083 0.46482
v 0.10628 0.10084 0.90633
v 0.05868 0.36128 1.30240
v -0.00459 0.70742 1.63316
v -0.08035 1.12190 1.88202
v -0.16480 1.58394 2.03652
v -0.37188 2.04688 2.03569
v -0.45541 2.52148 1.98465
v -0.53475 2.97228 1.83409
v -0.60592 3.37668 1.59156
v -0.66536 3.71440 1.26923
v -0.71008 3.96850 0.88325
v -0.73784 4.12624 0.45298
v -0.74726 4.17972 0.00000
v -0.73784 4.12624 -0.45298
v -0.71008 3.96850 -0.88325
v -0.66536 3.71440 -1.26923
v -0.60592 3.37668 -1.59156
v -0.53475 2.97228 -1.83409
v -0.45541 2.52148 -1.98465
v -0.37188 2.04688 -2.03569
v -0.28834 1.57227 -1.98465
v -0.20900 1.12147 -1.83409
v -0.13783 0.71707 -1.59156
v -0.07839 0.37935 -1.26923
v -0.03367 0.12525 -0.88325
v -0.00591 -0.03249 -0.45298
v 0.00351 -0.08597 -0.00000
v -0.00591 -0.03249 0.45298
v -0.03367 0.12525 0.88325
v -0.07839 0.37935 1.26923
v -0.13783 0.71707 1.59156
v -0.20900 1.12147 1.83409
v -0.28834 1.57227 1.98465
v -0.48519 2.02963 1.97400
v -0.52539 2.49519 1.92451
v -0.56359 2.93741 1.77851
v -0.59785 3.33410 1.54334
v -0.62646 3.66539 1.23077
v -0.64799 3.91465 0.85649
v -0.66136 4.06938 0.43926
v -0.66589 4.12184 0.00000
v -0.66136 4.06938 -0.43926
v -0.64799 3.91465 -0.85649
v -0.62646 3.66539 -1.23077
v -0.59785 3.33410 -1.54334
v -0.56359 2.93741 -1.77851
v -0.52539 2.49519 -1.92451
v -0.48519 2.02963 -1.97400
v -0.44498 1.56407 -1.92451
v -0.40678 1.12185 -1.77851
v -0.37252 0.72516 -1.54334
v -0.34391 0.39387 -1.23077
v -0.32238 0.14461 -0.85649
v -0.30901 -0.01013 -0.43926
v -0.30448 -0.06258 -0.00000
v -0.30901 -0.01013 0.43926
v -0.32238 0.14461 0.85649
v -0.34391 0.39387 1.23077
v -0.37252 0.72516 1.54334
v -0.40678 1.12185 1.77851
v -0.44498 1.56407 1.92451
v -0.59433 2.02766 1.90578
v -0.55174 2.47679 1.85800
v -0.51128 2.90340 1.71705
v -0.47499 3.28610 1.49000
v -0.44469 3.60569 1.18824
v -0.42189 3.84616 0.82689
v -0.40773 3.99543 0.42408
v -0.40293 4.04604 0.00000
v -0.40773 3.99543 -0.42408
v -0.42189 3.84616 -0.82689
v -0.44469 3.60569 -1.18824
v -0.47499 3.28610 -1.49000
v -0.51128 2.90340 -1.71705
v -0.55174 2.47679 -1.85800
v -0.59433 2.02766 -1.90578
v -0.63692 1.57853 -1.85800
v -0.67737 1.15192 -1.71705
v -0.71366 0.76923 -1.49000
v -0.74397 0.44963 -1.18824
v -0.76677 0.20917 -0.82689
v -0.78093 0.05989 -0.42408
v -0.78573 0.00929 -0.00000
v -0.78093 0.05989 0.42408
v -0.76677 0.20917 0.82689
v -0.74397 0.44963 1.18824
v -0.71366 0.76923 1.49000
v -0.67737 1.15192 1.71705
v -0.63692 1.57853 1.85800
v -0.70000 2.05000 1.83300
v -0.56621 2.46278 1.78704
v -0.43913 2.85485 1.65148
v -0.32513 3.20657 1.43310
v -0.22993 3.50029 1.14286
v -0.15830 3.72129 0.79531
v -0.11383 3.85849 0.40788
v -0.09876 3.90500 0.00000
v -0.11383 3.85849 -0.40788
v -0.15830 3.72129 -0.79531
v -0.22993 3.50029 -1.14286
v -0.32513 3.20657 -1.43310
v -0.43913 2.85485 -1.65148
v -0.56621 2.46278 -1.78704
v -0.70000 2.05000 -1.83300
v -0.83379 1.63722 -1.78704
v -0.96087 1.24515 -1.65148
v -1.07487 0.89343 -1.43310
v -1.17007 0.59971 -1.14286
v -1.24170 0.37871 -0.79531
v -1.28617 0.24151 -0.40788
v -1.30124 0.19500 -0.00000
v -1.28617 0.24151 0.40788
v -1.24170 0.37871 0.79531
v -1.17007 0.59971 1.14286
v -1.07487 0.89343 1.43310
v -0.96087 1.24515 1.65148
v -0.83379 1.63722 1.78704
v -0.80787 2.09688 1.74988
v -0.62012 2.46612 1.70601
v -0.44178 2.81685 1.57659
v -0.28180 3.13148 1.36811
v -0.14820 3.39423 1.09103
v -0.04768 3.59192 0.75924
v 0.01473 3.71465 0.38938
v 0.03588 3.75625 0.00000
v 0.01473 3.71465 -0.38938
v -0.04768 3.59192 -0.75924
v -0.14820 3.39423 -1.09103
v -0.28180 3.13148 -1.36811
v -0.44178 2.81685 -1.57659
v -0.62012 2.46612 -1.70601
v -0.80787 2.09688 -1.74988
v -0.99562 1.72763 -1.70601
v -1.17396 1.37690 -1.57659
v -1.33394 1.06227 -1.36811
v -1.46754 0.79952 -1.09103
v -1.56806 0.60183 -0.75924
v -1.63047 0.47910 -0.38938
v -1.65162 0.43750 -0.00000
v -1.63047 0.47910 0.38938
v -1.56806 0.60183 0.75924
v -1.46754 0.79952 1.09103
v -1.33394 1.06227 1.36811
v -1.17396 1.37690 1.57659
v -0.99562 1.72763 1.70601
v -0.91852 2.16111 1.65370
v -0.70241 2.48753 1.61224
v -0.49715 2.79758 1.48994
v -0.31301 3.07572 1.29292
v -0.15923 3.30799 1.03107
v -0.04353 3.48275 0.71752
v 0.02830 3.59124 0.36798
v 0.05265 3.62802 0.00000
v 0.02830 3.59124 -0.36798
v -0.04353 3.48275 -0.71752
v -0.15923 3.30799 -1.03107
v -0.31301 3.07572 -1.29292
v -0.49715 2.79758 -1.48994
v -0.70241 2.48753 -1.61224
v -0.91852 2.16111 -1.65370
v -1.13462 1.83469 -1.61224
v -1.33989 1.52464 -1.48994
v -1.52403 1.24651 -1.29292
v -1.67781 1.01423 -1.03107
v -1.79351 0.83947 -0.71752
v -1.86533 0.73098 -0.36798
v -1.88968 0.69420 -0.00000
v -1.86533 0.73098 0.36798
v -1.79351 0.83947 0.71752
v -1.67781 1.01423 1.03107
v -1.52403 1.24651 1.29292
v -1.33989 1.52464 1.48994
v -1.13462 1.83469 1.61224
v -1.02500 2.24062 1.55100
v -0.78669 2.51994 1.51211
v -0.56033 2.78524 1.39740
v -0.35727 3.02323 1.21262
v -0.18769 3.22199 0.96703
v -0.06010 3.37153 0.67295
v 0.01911 3.46436 0.34513
v 0.04596 3.49583 0.00000
v 0.01911 3.46436 -0.34513
v -0.06010 3.37153 -0.67295
v -0.18769 3.22199 -0.96703
v -0.35727 3.02323 -1.21262
v -0.56033 2.78524 -1.39740
v -0.78669 2.51994 -1.51211
v -1.02500 2.24062 -1.55100
v -1.26331 1.96131 -1.51211
v -1.48967 1.69601 -1.39740
v -1.69273 1.45802 -1.21262
v -1.86231 1.25926 -0.96703
v -1.98990 1.10972 -0.67295
v -2.06911 1.01689 -0.34513
v -2.09596 0.98542 -0.00000
v -2.06911 1.01689 0.34513
v -1.98990 1.10972 0.67295
v -1.86231 1.25926 0.96703
v -1.69273 1.45802 1.21262
v -1.48967 1.69601 1.39740
v -1.26331 1.96131 1.51211
v -1.12037 2.33333 1.44830
v -0.86282 2.55964 1.41198
v -0.61819 2.77459 1.30487
v -0.39874 2.96742 1.13232
v -0.21547 3.12845 0.90300
v -0.07758 3.24961 0.62839
v 0.00802 3.32483 0.32228
v 0.03704 3.35033 0.00000
v 0.00802 3.32483 -0.32228
v -0.07758 3.24961 -0.62839
v -0.21547 3.12845 -0.90300
v -0.39874 2.96742 -1.13232
v -0.61819 2.77459 -1.30487
v -0.86282 2.55964 -1.41198
v -1.12037 2.33333 -1.44830
v -1.37792 2.10703 -1.41198
v -1.62255 1.89208 -1.30487
v -1.84200 1.69925 -1.13232
v -2.02527 1.53821 -0.90300
v -2.16316 1.41705 -0.62839
v -2.24876 1.34184 -0.32228
v -2.27778 1.31634 -0.00000
v -2.24876 1.34184 0.32228
v -2.16316 1.41705 0.62839
v -2.02527 1.53821 0.90300
v -1.84200 1.69925 1.13232
v -1.62255 1.89208 1.30487
v -1.37792 2.10703 1.41198
v -1.19769 2.43715 1.35212
v -0.92301 2.60149 1.31822
v -0.66211 2.75758 1.21822
v -0.42807 2.89761 1.05713
v -0.23262 3.01454 0.84303
v -0.08556 3.10253 0.58666
v 0.00574 3.15715 0.30088
v 0.03668 3.17566 0.00000
v 0.00574 3.15715 -0.30088
v -0.08556 3.10253 -0.58666
v -0.23262 3.01454 -0.84303
v -0.42807 2.89761 -1.05713
v -0.66211 2.75758 -1.21822
v -0.92301 2.60149 -1.31822
v -1.19769 2.43715 -1.35212
v -1.47236 2.27282 -1.31822
v -1.73326 2.11672 -1.21822
v -1.96730 1.97670 -1.05713
v -2.16275 1.85976 -0.84303
v -2.30981 1.77178 -0.58666
v -2.40111 1.71716 -0.30088
v -2.43206 1.69864 -0.00000
v -2.40111 1.71716 0.30088
v -2.30981 1.77178 0.58666
v -2.16275 1.85976 0.84303
v -1.96730 1.97670 1.05713
v -1.73326 2.11672 1.21822
v -1.47236 2.27282 1.31822
v -1.25000 2.55000 1.26900
v -0.96120 2.63269 1.23718
v -0.68689 2.71124 1.14333
v -0.44081 2.78170 0.99214
v -0.23530 2.84054 0.79121
v -0.08068 2.88482 0.55060
v 0.01530 2.91230 0.28238
v 0.04784 2.92162 0.00000
v 0.01530 2.91230 -0.28238
v -0.08068 2.88482 -0.55060
v -0.23530 2.84054 -0.79121
v -0.44081 2.78170 -0.99214
v -0.68689 2.71124 -1.14333
v -0.96120 2.63269 -1.23718
v -1.25000 2.55000 -1.26900
v -1.53880 2.46731 -1.23718
v -1.81311 2.38876 -1.14333
v -2.05919 2.31830 -0.99214
v -2.26470 2.25946 -0.79121
v -2.41932 2.21518 -0.55060
v -2.51530 2.18770 -0.28238
v -2.54784 2.17838 -0.00000
v -2.51530 2.18770 0.28238
v -2.41932 2.21518 0.55060
v -2.26470 2.25946 0.79121
v -2.05919 2.31830 0.99214
v -1.81311 2.38876 1.14333
v -1.53880 2.46731 1.23718
v -1.26632 2.67685 1.19763
v -0.98281 2.67685 1.16760
v -0.71352 2.67685 1.07903
v -0.47195 2.67685 0.93634
v -0.27021 2.67685 0.74671
v -0.11842 2.67685 0.51963
v -0.02419 2.67685 0.26650
v 0.00775 2.67685 0.00000
v -0.02419 2.67685 -0.26650
v -0.11842 2.67685 -0.51963
v -0.27021 2.67685 -0.74671
v -0.47195 2.67685 -0.93634
v -0.71352 2.67685 -1.07903
v -0.98281 2.67685 -1.16760
v -1.26632 2.67685 -1.19763
v -1.54983 2.67685 -1.16760
v -1.81912 2.67685 -1.07903
v -2.06069 2.67685 -0.93634
v -2.26243 2.67685 -0.74671
v -2.41422 2.67685 -0.51963
v -2.50845 2.67685 -0.26650
v -2.54039 2.67685 -0.00000
v -2.50845 2.67685 0.26650
v -2.41422 2.67685 0.51963
v -2.26243 2.67685 0.74671
v -2.06069 2.67685 0.93634
v -1.81912 2.67685 1.07903
v -1.54983 2.67685 1.16760
v -1.25000 2.82037 1.13253
v -0.98570 2.77543 1.10413
v -0.73465 2.73274 1.02037
v -0.50944 2.69445 0.88544
v -0.32137 2.66247 0.70612
v -0.17986 2.63841 0.49138
v -0.09201 2.62348 0.25201
v -0.06223 2.61841 0.00000
v -0.09201 2.62348 -0.25201
v -0.17986 2.63841 -0.49138
v -0.32137 2.66247 -0.70612
v -0.50944 2.69445 -0.88544
v -0.73465 2.73274 -1.02037
v -0.98570 2.77543 -1.10413
v -1.25000 2.82037 -1.13253
v -1.51430 2.86531 -1.10413
v -1.76535 2.90800 -1.02037
v -1.99056 2.94629 -0.88544
v -2.17863 2.97827 -0.70612
v -2.32014 3.00233 -0.49138
v -2.40799 3.01726 -0.25201
v -2.43777 3.02233 -0.00000
v -2.40799 3.01726 0.25201
v -2.32014 3.00233 0.49138
v -2.17863 2.97827 0.70612
v -1.99056 2.94629 0.88544
v -1.76535 2.90800 1.02037
v -1.51430 2.86531 1.10413
v -1.21563 2.97500 1.07395
v -0.96783 2.91815 1.04702
v -0.73246 2.86416 0.96760
v -0.52132 2.81572 0.83965
v -0.34500 2.77527 0.66960
v -0.21233 2.74483 0.46597
v -0.12997 2.72594 0.23898
v -0.10205 2.71953 0.00000
v -0.12997 2.72594 -0.23898
v -0.21233 2.74483 -0.46597
v -0.34500 2.77527 -0.66960
v -0.52132 2.81572 -0.83965
v -0.73246 2.86416 -0.96760
v -0.96783 2.91815 -1.04702
v -1.21562 2.97500 -1.07395
v -1.46342 3.03185 -1.04702
v -1.69879 3.08584 -0.96760
v -1.90993 3.13428 -0.83965
v -2.08625 3.17473 -0.66960
v -2.21892 3.20517 -0.46597
v -2.30128 3.22406 -0.23898
v -2.32920 3.23047 -0.00000
v -2.30128 3.22406 0.23898
v -2.21892 3.20517 0.46597
v -2.08625 3.17473 0.66960
v -1.90993 3.13428 0.83965
v -1.69879 3.08584 0.96760
v -1.46342 3.03185 1.04702
v -1.17778 3.13519 1.02216
v -0.94058 3.08737 0.99654
v -0.71527 3.04195 0.92094
v -0.51316 3.00121 0.79916
v -0.34437 2.96718 0.63731
v -0.21738 2.94158 0.44350
v -0.13854 2.92569 0.22745
v -0.11181 2.92030 0.00000
v -0.13854 2.92569 -0.22745
v -0.21738 2.94158 -0.44350
v -0.34437 2.96718 -0.63731
v -0.51316 3.00121 -0.79916
v -0.71527 3.04195 -0.92094
v -0.94058 3.08737 -0.99654
v -1.17778 3.13519 -1.02216
v -1.41498 3.18300 -0.99654
v -1.64028 3.22842 -0.92094
v -1.84240 3.26917 -0.79916
v -2.01118 3.30319 -0.63731
v -2.13818 3.32879 -0.44350
v -2.21702 3.34468 -0.22745
v -2.24374 3.35007 -0.00000
v -2.21702 3.34468 0.22745
v -2.13818 3.32879 0.44350
v -2.01118 3.30319 0.63731
v -1.84240 3.26917 0.79916
v -1.64028 3.22842 0.92094
v -1.41498 3.18300 0.99654
v -1.15104 3.29537 0.97743
v -0.92056 3.27503 0.95292
v -0.70163 3.25572 0.88063
v -0.50524 3.23839 0.76418
v -0.34123 3.22392 0.60942
v -0.21783 3.21303 0.42409
v -0.14122 3.20627 0.21750
v -0.11525 3.20398 0.00000
v -0.14122 3.20627 -0.21750
v -0.21783 3.21303 -0.42409
v -0.34123 3.22392 -0.60942
v -0.50524 3.23839 -0.76418
v -0.70163 3.25572 -0.88063
v -0.92056 3.27503 -0.95292
v -1.15104 3.29537 -0.97743
v -1.38153 3.31571 -0.95292
v -1.60045 3.33502 -0.88063
v -1.79685 3.35235 -0.76418
v -1.96086 3.36682 -0.60942
v -2.08426 3.37771 -0.42409
v -2.16086 3.38447 -0.21750
v -2.18683 3.38676 -0.00000
v -2.16086 3.38447 0.21750
v -2.08426 3.37771 0.42409
v -1.96086 3.36682 0.60942
v -1.79685 3.35235 0.76418
v -1.60045 3.33502 0.88063
v -1.38153 3.31571 0.95292
v -1.15000 3.45000 0.94000
v -0.92820 3.46792 0.91643
v -0.71752 3.48493 0.84691
v -0.52853 3.50020 0.73492
v -0.37071 3.51295 0.58608
v -0.25196 3.52254 0.40785
v -0.17824 3.52849 0.20917
v -0.15325 3.53051 0.00000
v -0.17824 3.52849 -0.20917
v -0.25196 3.52254 -0.40785
v -0.37071 3.51295 -0.58608
v -0.52853 3.50020 -0.73492
v -0.71752 3.48493 -0.84691
v -0.92820 3.46792 -0.91643
v -1.15000 3.45000 -0.94000
v -1.37180 3.43208 -0.91643
v -1.58248 3.41507 -0.84691
v -1.77147 3.39980 -0.73492
v -1.92929 3.38705 -0.58608
v -2.04804 3.37746 -0.40785
v -2.12176 3.37151 -0.20917
v -2.14675 3.36949 -0.00000
v -2.12176 3.37151 0.20917
v -2.04804 3.37746 0.40785
v -1.92929 3.38705 0.58608
v -1.77147 3.39980 0.73492
v -1.58248 3.41507 0.84691
v -1.37180 3.43208 0.91643
v -1.17569 3.60058 0.91267
v -0.96473 3.64717 0.88979
v -0.76434 3.69143 0.82229
v -0.58458 3.73113 0.71355
v -0.43446 3.76429 0.56904
v -0.32151 3.78923 0.39599
v -0.25139 3.80472 0.20309
v -0.22762 3.80997 0.00000
v -0.25139 3.80472 -0.20309
v -0.32151 3.78923 -0.39599
v -0.43446 3.76429 -0.56904
v -0.58458 3.73113 -0.71355
v -0.76434 3.69143 -0.82229
v -0.96473 3.64717 -0.88979
v -1.17569 3.60058 -0.91267
v -1.38666 3.55398 -0.88979
v -1.58705 3.50973 -0.82229
v -1.76681 3.47003 -0.71355
v -1.91693 3.43687 -0.56904
v -2.02988 3.41192 -0.39599
v -2.10000 3.39644 -0.20309
v -2.12377 3.39119 -0.00000
v -2.10000 3.39644 0.20309
v -2.02988 3.41192 0.39599
v -1.91693 3.43687 0.56904
v -1.76681 3.47003 0.71355
v -1.58705 3.50973 0.82229
v -1.38666 3.55398 0.88979
v -1.21667 3.75185 0.89579
v -1.01398 3.81419 0.87333
v -0.82146 3.87341 0.80707
v -0.64876 3.92653 0.70035
v -0.50453 3.97089 0.55851
v -0.39602 4.00426 0.38867
v -0.32865 4.02498 0.19933
v -0.30581 4.03201 0.00000
v -0.32865 4.02498 -0.19933
v -0.39602 4.00426 -0.38867
v -0.50453 3.97089 -0.55851
v -0.64876 3.92653 -0.70035
v -0.82146 3.87341 -0.80707
v -1.01398 3.81419 -0.87333
v -1.21667 3.75185 -0.89579
v -1.41935 3.68951 -0.87333
v -1.61187 3.63030 -0.80707
v -1.78457 3.57718 -0.70035
v -1.92880 3.53282 -0.55851
v -2.03732 3.49944 -0.38867
v -2.10468 3.47872 -0.19933
v -2.12752 3.47170 -0.00000
v -2.10468 3.47872 0.19933
v -2.03732 3.49944 0.38867
v -1.92880 3.53282 0.55851
v -1.78457 3.57718 0.70035
v -1.61187 3.63030 0.80707
v -1.41935 3.68951 0.87333
v -1.26875 3.90313 0.88595
v -1.07193 3.97557 0.86374
v -0.88499 4.04439 0.79821
v -0.71729 4.10612 0.69266
v -0.57723 4.15767 0.55238
v -0.47186 4.19646 0.38440
v -0.40644 4.22054 0.19714
v -0.38427 4.22870 0.00000
v -0.40644 4.22054 -0.19714
v -0.47186 4.19646 -0.38440
v -0.57723 4.15767 -0.55238
v -0.71729 4.10612 -0.69266
v -0.88499 4.04439 -0.79821
v -1.07193 3.97557 -0.86374
v -1.26875 3.90313 -0.88595
v -1.46557 3.83068 -0.86374
v -1.65251 3.76186 -0.79821
v -1.82021 3.70013 -0.69266
v -1.96027 3.64858 -0.55238
v -2.06564 3.60979 -0.38440
v -2.13106 3.58571 -0.19714
v -2.15323 3.57755 -0.00000
v -2.13106 3.58571 0.19714
v -2.06564 3.60979 0.38440
v -1.96027 3.64858 0.55238
v -1.82021 3.70013 0.69266
v -1.65251 3.76186 0.79821
v -1.46557 3.83068 0.86374
v -1.32778 4.05370 0.87977
v -1.13462 4.13156 0.85771
v -0.95114 4.20552 0.79265
v -0.78655 4.27187 0.68783
v -0.64910 4.32727 0.54853
v -0.54568 4.36896 0.38172
v -0.48148 4.39484 0.19577
v -0.45972 4.40361 0.00000
v -0.48148 4.39484 -0.19577
v -0.54568 4.36896 -0.38172
v -0.64910 4.32727 -0.54853
v -0.78655 4.27187 -0.68783
v -0.95114 4.20552 -0.79265
v -1.13462 4.13156 -0.85771
v -1.32778 4.05370 -0.87977
v -1.52094 3.97584 -0.85771
v -1.70441 3.90189 -0.79265
v -1.86900 3.83554 -0.68783
v -2.00645 3.78014 -0.54853
v -2.10987 3.73845 -0.38172
v -2.17407 3.71257 -0.19577
v -2.19584 3.70380 -0.00000
v -2.17407 3.71257 0.19577
v -2.10987 3.73845 0.38172
v -2.00645 3.78014 0.54853
v -1.86900 3.83554 0.68783
v -1.70441 3.90189 0.79265
v -1.52094 3.97584 0.85771
v -1.38958 4.20289 0.87385
v -1.19835 4.28178 0.85194
v -1.01671 4.35670 0.78731
v -0.85377 4.42392 0.68320
v -0.71769 4.48005 0.54484
v -0.61530 4.52228 0.37915
v -0.55174 4.54850 0.19445
v -0.53020 4.55739 0.00000
v -0.55174 4.54850 -0.19445
v -0.61530 4.52228 -0.37915
v -0.71769 4.48005 -0.54484
v -0.85377 4.42392 -0.68320
v -1.01671 4.35670 -0.78731
v -1.19835 4.28178 -0.85194
v -1.38958 4.20289 -0.87385
v -1.58081 4.12401 -0.85194
v -1.76246 4.04908 -0.78731
v -1.92540 3.98187 -0.68320
v -2.06148 3.92574 -0.54484
v -2.16386 3.88350 -0.37915
v -2.22742 3.85728 -0.19445
v -2.24897 3.84840 -0.00000
v -2.22742 3.85728 0.19445
v -2.16386 3.88350 0.37915
v -2.06148 3.92574 0.54484
v -1.92540 3.98187 0.68320
v -1.76246 4.04908 0.78731
v -1.58081 4.12401 0.85194
v -1.45000 4.35000 0.86480
v -1.26105 4.42880 0.84312
v -1.08158 4.50364 0.77916
v -0.92058 4.57078 0.67613
v -0.78613 4.62685 0.53919
v -0.68497 4.66904 0.37522
v -0.62217 4.69523 0.19244
v -0.60088 4.70411 0.00000
v -0.62217 4.69523 -0.19244
v -0.68497 4.66904 -0.37522
v -0.78613 4.62685 -0.53919
v -0.92058 4.57078 -0.67613
v -1.08158 4.50364 -0.77916
v -1.26105 4.42880 -0.84312
v -1.45000 4.35000 -0.86480
v -1.63895 4.27120 -0.84312
v -1.81842 4.19636 -0.77916
v -1.97942 4.12922 -0.67613
v -2.11387 4.07315 -0.53919
v -2.21503 4.03096 -0.37522
v -2.27783 4.00477 -0.19244
v -2.29912 3.99589 -0.00000
v -2.27783 4.00477 0.19244
v -2.21503 4.03096 0.37522
v -2.11387 4.07315 0.53919
v -1.97942 4.12922 0.67613
v -1.81842 4.19636 0.77916
v -1.63895 4.27120 0.84312
v -1.51146 4.49514 0.85307
v -1.32677 4.57683 0.83168
v -1.15135 4.65442 0.76859
v -0.99399 4.72402 0.66696
v -0.86257 4.78215 0.53188
v -0.76369 4.82588 0.37013
v -0.70231 4.85303 0.18983
v -0.68150 4.86224 0.00000
v -0.70231 4.85303 -0.18983
v -0.76369 4.82588 -0.37013
v -0.86257 4.78215 -0.53188
v -0.99399 4.72402 -0.66696
v -1.15135 4.65442 -0.76859
v -1.32677 4.57683 -0.83168
v -1.51146 4.49514 -0.85307
v -1.69614 4.41345 -0.83168
v -1.87157 4.33586 -0.76859
v -2.02893 4.26626 -0.66696
v -2.16035 4.20813 -0.53188
v -2.25923 4.16439 -0.37013
v -2.32061 4.13724 -0.18983
v -2.34142 4.12804 -0.00000
v -2.32061 4.13724 0.18983
v -2.25923 4.16439 0.37013
v -2.16035 4.20813 0.53188
v -2.02893 4.26626 0.66696
v -1.87157 4.33586 0.76859
v -1.69614 4.41345 0.83168
v -1.57778 4.63889 0.84147
v -1.39773 4.72411 0.82038
v -1.22671 4.80505 0.75814
v -1.07329 4.87766 0.65789
v -0.94517 4.93830 0.52465
v -0.84877 4.98393 0.36510
v -0.78893 5.01225 0.18725
v -0.76865 5.02185 0.00000
v -0.78893 5.01225 -0.18725
v -0.84877 4.98393 -0.36510
v -0.94517 4.93830 -0.52465
v -1.07329 4.87766 -0.65789
v -1.22671 4.80505 -0.75814
v -1.39773 4.72411 -0.82038
v -1.57778 4.63889 -0.84147
v -1.75783 4.55367 -0.82038
v -1.92885 4.47273 -0.75814
v -2.08226 4.40012 -0.65789
v -2.21038 4.33948 -0.52465
v -2.30678 4.29385 -0.36510
v -2.36662 4.26553 -0.18725
v -2.38691 4.25593 -0.00000
v -2.36662 4.26553 0.18725
v -2.30678 4.29385 0.36510
v -2.21038 4.33948 0.52465
v -2.08226 4.40012 0.65789
v -1.92885 4.47273 0.75814
v -1.75783 4.55367 0.82038
v -1.64687 4.78125 0.83014
v -1.47042 4.86775 0.80932
v -1.30282 4.94991 0.74793
v -1.15246 5.02361 0.64903
v -1.02690 5.08516 0.51758
v -0.93243 5.13147 0.36018
v -0.87378 5.16022 0.18472
v -0.85390 5.16996 0.00000
v -0.87378 5.16022 -0.18472
v -0.93243 5.13147 -0.36018
v -1.02690 5.08516 -0.51758
v -1.15246 5.02361 -0.64903
v -1.30282 4.94991 -0.74793
v -1.47042 4.86775 -0.80932
v -1.64687 4.78125 -0.83014
v -1.82333 4.69475 -0.80932
v -1.99093 4.61259 -0.74793
v -2.14129 4.53889 -0.64903
v -2.26685 4.47734 -0.51758
v -2.36132 4.43103 -0.36018
v -2.41997 4.40228 -0.18472
v -2.43985 4.39254 -0.00000
v -2.41997 4.40228 0.18472
v -2.36132 4.43103 0.36018
v -2.26685 4.47734 0.51758
v -2.14129 4.53889 0.64903
v -1.99093 4.61259 0.74793
v -1.82333 4.69475 0.80932
v -1.71667 4.92222 0.81919
v -1.54270 5.00791 0.79865
v -1.37746 5.08931 0.73807
v -1.22923 5.16232 0.64047
v -1.10544 5.22330 0.51076
v -1.01230 5.26917 0.35543
v -0.95448 5.29765 0.18229
v -0.93488 5.30731 0.00000
v -0.95448 5.29765 -0.18229
v -1.01230 5.26917 -0.35543
v -1.10544 5.22330 -0.51076
v -1.22923 5.16232 -0.64047
v -1.37746 5.08931 -0.73807
v -1.54270 5.00791 -0.79865
v -1.71667 4.92222 -0.81919
v -1.89063 4.83653 -0.79865
v -2.05587 4.75514 -0.73807
v -2.20410 4.68212 -0.64047
v -2.32789 4.62115 -0.51076
v -2.42103 4.57527 -0.35543
v -2.47885 4.54679 -0.18229
v -2.49845 4.53714 -0.00000
v -2.47885 4.54679 0.18229
v -2.42103 4.57527 0.35543
v -2.32789 4.62115 0.51076
v -2.20410 4.68212 0.64047
v -2.05587 4.75514 0.73807
v -1.89063 4.83653 0.79865
v -1.78507 5.06181 0.80877
v -1.61247 5.14465 0.78849
v -1.44852 5.22335 0.72868
v -1.30145 5.29394 0.63232
v -1.17863 5.35290 0.50426
v -1.08622 5.39725 0.35091
v -1.02885 5.42479 0.17997
v -1.00940 5.43412 0.00000
v -1.02885 5.42479 -0.17997
v -1.08622 5.39725 -0.35091
v -1.17863 5.35290 -0.50426
v -1.30145 5.29394 -0.63232
v -1.44852 5.22335 -0.72868
v -1.61247 5.14465 -0.78849
v -1.78507 5.06181 -0.80877
v -1.95767 4.97896 -0.78849
v -2.12162 4.90026 -0.72868
v -2.26869 4.82967 -0.63232
v -2.39151 4.77071 -0.50426
v -2.48392 4.72636 -0.35091
v -2.54129 4.69882 -0.17997
v -2.56073 4.68949 -0.00000
v -2.54129 4.69882 0.17997
v -2.48392 4.72636 0.35091
v -2.39151 4.77071 0.50426
v -2.26869 4.82967 0.63232
v -2.12162 4.90026 0.72868
v -1.95767 4.97896 0.78849
v -1.85000 5.20000 0.79900
v -1.67830 5.27933 0.77897
v -1.51520 5.35467 0.71987
v -1.36889 5.42227 0.62468
v -1.24671 5.47871 0.49817
v -1.15478 5.52118 0.34667
v -1.09771 5.54755 0.17779
v -1.07837 5.55649 0.00000
v -1.09771 5.54755 -0.17779
v -1.15478 5.52118 -0.34667
v -1.24671 5.47871 -0.49817
v -1.36889 5.42227 -0.62468
v -1.51520 5.35467 -0.71987
v -1.67830 5.27933 -0.77897
v -1.85000 5.20000 -0.79900
v -2.02170 5.12067 -0.77897
v -2.18480 5.04533 -0.71987
v -2.33111 4.97773 -0.62468
v -2.45329 4.92129 -0.49817
v -2.54522 4.87882 -0.34667
v -2.60229 4.85245 -0.17779
v -2.62163 4.84351 -0.00000
v -2.60229 4.85245 0.17779
v -2.54522 4.87882 0.34667
v -2.45329 4.92129 0.49817
v -2.33111 4.97773 0.62468
v -2.18480 5.04533 0.71987
v -2.02170 5.12067 0.77897
v -1.91238 5.33738 0.79008
v -1.74200 5.41452 0.77027
v -1.58016 5.48778 0.71184
v -1.43498 5.55351 0.61771
v -1.31373 5.60839 0.49261
v -1.22251 5.64969 0.34280
v -1.16588 5.67533 0.17581
v -1.14668 5.68402 0.00000
v -1.16588 5.67533 -0.17581
v -1.22251 5.64969 -0.34280
v -1.31373 5.60839 -0.49261
v -1.43498 5.55351 -0.61771
v -1.58016 5.48778 -0.71184
v -1.74200 5.41452 -0.77027
v -1.91238 5.33738 -0.79008
v -2.08277 5.26025 -0.77027
v -2.24461 5.18698 -0.71184
v -2.38979 5.12126 -0.61771
v -2.51103 5.06637 -0.49261
v -2.60226 5.02508 -0.34280
v -2.65889 4.99944 -0.17581
v -2.67809 4.99075 -0.00000
v -2.65889 4.99944 0.17581
v -2.60226 5.02508 0.34280
v -2.51103 5.06637 0.49261
v -2.38979 5.12126 0.61771
v -2.24461 5.18698 0.71184
v -2.08277 5.26025 0.77027
v -1.97407 5.47407 0.78194
v -1.80518 5.54983 0.76234
v -1.64475 5.62178 0.70450
v -1.50084 5.68632 0.61135
v -1.38066 5.74023 0.48753
v -1.29023 5.78078 0.33927
v -1.23410 5.80596 0.17400
v -1.21507 5.81450 0.00000
v -1.23410 5.80596 -0.17400
v -1.29023 5.78078 -0.33927
v -1.38066 5.74023 -0.48753
v -1.50084 5.68632 -0.61135
v -1.64475 5.62178 -0.70450
v -1.80518 5.54983 -0.76234
v -1.97407 5.47407 -0.78194
v -2.14297 5.39832 -0.76234
v -2.30339 5.32637 -0.70450
v -2.44731 5.26182 -0.61135
v -2.56749 5.20792 -0.48753
v -2.65791 5.16736 -0.33927
v -2.71405 5.14219 -0.17400
v -2.73308 5.13365 -0.00000
v -2.71405 5.14219 0.17400
v -2.65791 5.16736 0.33927
v -2.56749 5.20792 0.48753
v -2.44731 5.26182 0.61135
v -2.30339 5.32637 0.70450
v -2.14297 5.39832 0.76234
v -2.03438 5.60938 0.77432
v -1.86668 5.68339 0.75491
v -1.70740 5.75370 0.69764
v -1.56451 5.81676 0.60539
v -1.44518 5.86943 0.48278
v -1.35540 5.90906 0.33597
v -1.29966 5.93366 0.17230
v -1.28077 5.94200 0.00000
v -1.29966 5.93366 -0.17230
v -1.35540 5.90906 -0.33597
v -1.44518 5.86943 -0.48278
v -1.56451 5.81676 -0.60539
v -1.70740 5.75370 -0.69764
v -1.86668 5.68339 -0.75491
v -2.03438 5.60938 -0.77432
v -2.20207 5.53536 -0.75491
v -2.36135 5.46505 -0.69764
v -2.50424 5.40199 -0.60539
v -2.62357 5.34932 -0.48278
v -2.71335 5.30969 -0.33597
v -2.76909 5.28509 -0.17230
v -2.78798 5.27675 -0.00000
v -2.76909 5.28509 0.17230
v -2.71335 5.30969 0.33597
v -2.62357 5.34932 0.48278
v -2.50424 5.40199 0.60539
v -2.36135 5.46505 0.69764
v -2.20207 5.53536 0.75491
v -2.09259 5.74259 0.76697
v -1.92586 5.81447 0.74774
v -1.76750 5.88274 0.69102
v -1.62543 5.94398 0.59964
v -1.50679 5.99512 0.47820
v -1.41752 6.03360 0.33278
v -1.36211 6.05749 0.17067
v -1.34332 6.06559 0.00000
v -1.36211 6.05749 -0.17067
v -1.41752 6.03360 -0.33278
v -1.50679 5.99512 -0.47820
v -1.62543 5.94398 -0.59964
v -1.76750 5.88274 -0.69102
v -1.92586 5.81447 -0.74774
v -2.09259 5.74259 -0.76697
v -2.25932 5.67072 -0.74774
v -2.41769 5.60245 -0.69102
v -2.55976 5.54121 -0.59964
v -2.67840 5.49006 -0.47820
v -2.76766 5.45158 -0.33278
v -2.82308 5.42769 -0.17067
v -2.84186 5.41960 -0.00000
v -2.82308 5.42769 0.17067
v -2.76766 5.45158 0.33278
v -2.67840 5.49006 0.47820
v -2.55976 5.54121 0.59964
v -2.41769 5.60245 0.69102
v -2.25932 5.67072 0.74774
v -2.14803 5.87303 0.75962
v -1.98208 5.94228 0.74057
v -1.82445 6.00805 0.68439
v -1.68305 6.06706 0.59389
v -1.56496 6.11633 0.47361
v -1.47611 6.15340 0.32958
v -1.42095 6.17642 0.16903
v -1.40225 6.18422 0.00000
v -1.42095 6.17642 -0.16903
v -1.47611 6.15340 -0.32958
v -1.56496 6.11633 -0.47361
v -1.68305 6.06706 -0.59389
v -1.82445 6.00805 -0.68439
v -1.98208 5.94228 -0.74057
v -2.14803 5.87303 -0.75962
v -2.31398 5.80379 -0.74057
v -2.47161 5.73801 -0.68439
v -2.61302 5.67901 -0.59389
v -2.73111 5.62973 -0.47361
v -2.81996 5.59266 -0.32958
v -2.87512 5.56965 -0.16903
v -2.89381 5.56184 -0.00000
v -2.87512 5.56965 0.16903
v -2.81996 5.59266 0.32958
v -2.73111 5.62973 0.47361
v -2.61302 5.67901 0.59389
v -2.47161 5.73801 0.68439
v -2.31398 5.80379 0.74057
v -2.20000 6.00000 0.75200
v -2.03456 6.06573 0.73315
v -1.87742 6.12816 0.67753
v -1.73645 6.18417 0.58794
v -1.61873 6.23094 0.46886
v -1.53016 6.26613 0.32628
v -1.47517 6.28798 0.16734
v -1.45653 6.29538 0.00000
v -1.47517 6.28798 -0.16734
v -1.53016 6.26613 -0.32628
v -1.61873 6.23094 -0.46886
v -1.73645 6.18417 -0.58794
v -1.87742 6.12816 -0.67753
v -2.03456 6.06573 -0.73315
v -2.20000 6.00000 -0.75200
v -2.36544 5.93427 -0.73315
v -2.52258 5.87184 -0.67753
v -2.66355 5.81583 -0.58794
v -2.78127 5.76906 -0.46886
v -2.86984 5.73387 -0.32628
v -2.92483 5.71202 -0.16734
v -2.94347 5.70462 -0.00000
v -2.92483 5.71202 0.16734
v -2.86984 5.73387 0.32628
v -2.78127 5.76906 0.46886
v -2.66355 5.81583 0.58794
v -2.52258 5.87184 0.67753
v -2.36544 5.93427 0.73315
v -2.25035 6.13056 0.74362
v -2.08552 6.19237 0.72498
v -1.92896 6.25108 0.66998
v -1.78852 6.30374 0.58139
v -1.67123 6.34772 0.46364
v -1.58298 6.38082 0.32265
v -1.52820 6.40136 0.16547
v -1.50963 6.40833 0.00000
v -1.52820 6.40136 -0.16547
v -1.58298 6.38082 -0.32265
v -1.67123 6.34772 -0.46364
v -1.78852 6.30374 -0.58139
v -1.92896 6.25108 -0.66998
v -2.08552 6.19237 -0.72498
v -2.25035 6.13056 -0.74362
v -2.41517 6.06875 -0.72498
v -2.57173 6.01004 -0.66998
v -2.71218 5.95737 -0.58139
v -2.82946 5.91339 -0.46364
v -2.91771 5.88029 -0.32265
v -2.97249 5.85975 -0.16547
v -2.99107 5.85279 -0.00000
v -2.97249 5.85975 0.16547
v -2.91771 5.88029 0.32265
v -2.82946 5.91339 0.46364
v -2.71218 5.95737 0.58139
v -2.57173 6.01004 0.66998
v -2.41517 6.06875 0.72498
v -2.30000 6.26667 0.73459
v -2.13629 6.32531 0.71617
v -1.98079 6.38102 0.66185
v -1.84130 6.43099 0.57433
v -1.72481 6.47273 0.45801
v -1.63716 6.50413 0.31873
v -1.58275 6.52362 0.16346
v -1.56430 6.53023 0.00000
v -1.58275 6.52362 -0.16346
v -1.63716 6.50413 -0.31873
v -1.72481 6.47273 -0.45801
v -1.84130 6.43099 -0.57433
v -1.98079 6.38102 -0.66185
v -2.13629 6.32531 -0.71617
v -2.30000 6.26667 -0.73459
v -2.46371 6.20802 -0.71617
v -2.61921 6.15231 -0.66185
v -2.75870 6.10234 -0.57433
v -2.87519 6.06061 -0.45801
v -2.96284 6.02921 -0.31873
v -3.01725 6.00971 -0.16346
v -3.03570 6.00311 -0.00000
v -3.01725 6.00971 0.16346
v -2.96284 6.02921 0.31873
v -2.87519 6.06061 0.45801
v -2.75870 6.10234 0.57433
v -2.61921 6.15231 0.66185
v -2.46371 6.20802 0.71617
v -2.34688 6.40000 0.72556
v -2.18465 6.45643 0.70737
v -2.03056 6.51002 0.65371
v -1.89233 6.55810 0.56727
v -1.77689 6.59825 0.45238
v -1.69004 6.62846 0.31481
v -1.63612 6.64722 0.16145
v -1.61784 6.65358 0.00000
v -1.63612 6.64722 -0.16145
v -1.69004 6.62846 -0.31481
v -1.77689 6.59825 -0.45238
v -1.89233 6.55810 -0.56727
v -2.03056 6.51002 -0.65371
v -2.18465 6.45643 -0.70737
v -2.34688 6.40000 -0.72556
v -2.50910 6.34357 -0.70737
v -2.66319 6.28998 -0.65371
v -2.80142 6.24190 -0.56727
v -2.91686 6.20175 -0.45238
v -3.00371 6.17154 -0.31481
v -3.05763 6.15278 -0.16145
v -3.07591 6.14642 -0.00000
v -3.05763 6.15278 0.16145
v -3.00371 6.17154 0.31481
v -2.91686 6.20175 0.45238
v -2.80142 6.24190 0.56727
v -2.66319 6.28998 0.65371
v -2.50910 6.34357 0.70737
v -2.38889 6.52222 0.71719
v -2.22828 6.57725 0.69920
v -2.07572 6.62951 0.64616
v -1.93887 6.67640 0.56072
v -1.82458 6.71555 0.44716
v -1.73859 6.74501 0.31117
v -1.68521 6.76330 0.15959
v -1.66711 6.76950 0.00000
v -1.68521 6.76330 -0.15959
v -1.73859 6.74501 -0.31117
v -1.82458 6.71555 -0.44716
v -1.93887 6.67640 -0.56072
v -2.07572 6.62951 -0.64616
v -2.22828 6.57725 -0.69920
v -2.38889 6.52222 -0.71719
v -2.54950 6.46720 -0.69920
v -2.70206 6.41493 -0.64616
v -2.83891 6.36805 -0.56072
v -2.95320 6.32889 -0.44716
v -3.03919 6.29943 -0.31117
v -3.09257 6.28115 -0.15959
v -3.11067 6.27495 -0.00000
v -3.09257 6.28115 0.15959
v -3.03919 6.29943 0.31117
v -2.95320 6.32889 0.44716
v -2.83891 6.36805 0.56072
v -2.70206 6.41493 0.64616
v -2.54950 6.46720 0.69920
v -2.42396 6.62500 0.71011
v -2.26499 6.67965 0.69231
v -2.11399 6.73155 0.63979
v -1.97853 6.77812 0.55519
v -1.86541 6.81700 0.44275
v -1.78030 6.84626 0.30811
v -1.72746 6.86442 0.15802
v -1.70955 6.87058 0.00000
v -1.72746 6.86442 -0.15802
v -1.78030 6.84626 -0.30811
v -1.86541 6.81700 -0.44275
v -1.97853 6.77812 -0.55519
v -2.11399 6.73155 -0.63979
v -2.26499 6.67965 -0.69231
v -2.42396 6.62500 -0.71011
v -2.58293 6.57035 -0.69231
v -2.73393 6.51845 -0.63979
v -2.86939 6.47188 -0.55519
v -2.98251 6.43300 -0.44275
v -3.06762 6.40374 -0.30811
v -3.12046 6.38558 -0.15802
v -3.13837 6.37942 -0.00000
v -3.12046 6.38558 0.15802
v -3.06762 6.40374 0.30811
v -2.98251 6.43300 0.44275
v -2.86939 6.47188 0.55519
v -2.73393 6.51845 0.63979
v -2.58293 6.57035 0.69231
v -2.45000 6.70000 0.70500
v -2.29234 6.75474 0.68732
v -2.14259 6.80674 0.63518
v -2.00825 6.85338 0.55119
v -1.89607 6.89234 0.43956
v -1.81166 6.92165 0.30589
v -1.75926 6.93984 0.15688
v -1.74149 6.94601 0.00000
v -1.75926 6.93984 -0.15688
v -1.81166 6.92165 -0.30589
v -1.89607 6.89234 -0.43956
v -2.00825 6.85338 -0.55119
v -2.14259 6.80674 -0.63518
v -2.29234 6.75474 -0.68732
v -2.45000 6.70000 -0.70500
v -2.60766 6.64526 -0.68732
v -2.75741 6.59326 -0.63518
v -2.89175 6.54662 -0.55119
v -3.00393 6.50766 -0.43956
v -3.08834 6.47835 -0.30589
v -3.14074 6.46016 -0.15688
v -3.15851 6.45399 -0.00000
v -3.14074 6.46016 0.15688
v -3.08834 6.47835 0.30589
v -3.00393 6.50766 0.43956
v -2.89175 6.54662 0.55119
v -2.75741 6.59326 0.63518
v -2.60766 6.64526 0.68732
v 4.70000 1.05000 0.00000
v -2.80000 7.83000 0.00000
v -2.80000 5.93000 0.00000
v -2.61466 7.81175 0.00000
v -2.62217 7.81175 0.05222
v -2.64409 7.81175 0.10020
v -2.67863 7.81175 0.14007
v -2.72301 7.81175 0.16859
v -2.77362 7.81175 0.18345
v -2.82638 7.81175 0.18345
v -2.87699 7.81175 0.16859
v -2.92137 7.81175 0.14007
v -2.95591 7.81175 0.10020
v -2.97783 7.81175 0.05222
v -2.98534 7.81175 0.00000
v -2.97783 7.81175 -0.05222
v -2.95591 7.81175 -0.10020
v -2.92137 7.81175 -0.14007
v -2.87699 7.81175 -0.16859
v -2.82638 7.81175 -0.18345
v -2.77362 7.81175 -0.18345
v -2.72301 7.81175 -0.16859
v -2.67863 7.81175 -0.14007
v -2.64409 7.81175 -0.10020
v -2.62217 7.81175 -0.05222
v -2.43645 7.75769 0.00000
v -2.45118 7.75769 0.10242
v -2.49416 7.75769 0.19655
v -2.56193 7.75769 0.27475
v -2.64898 7.75769 0.33070
v -2.74826 7.75769 0.35985
v -2.85174 7.75769 0.35985
v -2.95102 7.75769 0.33070
v -3.03807 7.75769 0.27475
v -3.10584 7.75769 0.19655
v -3.14882 7.75769 0.10242
v -3.16355 7.75769 0.00000
v -3.14882 7.75769 -0.10242
v -3.10584 7.75769 -0.19655
v -3.03807 7.75769 -0.27475
v -2.95102 7.75769 -0.33070
v -2.85174 7.75769 -0.35985
v -2.74826 7.75769 -0.35985
v -2.64898 7.75769 -0.33070
v -2.56193 7.75769 -0.27475
v -2.49416 7.75769 -0.19655
v -2.45118 7.75769 -0.10242
v -2.27221 7.66990 0.00000
v -2.29359 7.66990 0.14870
v -2.35599 7.66990 0.28535
v -2.45437 7.66990 0.39888
v -2.58075 7.66990 0.48010
v -2.72489 7.66990 0.52242
v -2.87511 7.66990 0.52242
v -3.01925 7.66990 0.48010
v -3.14563 7.66990 0.39888
v -3.24401 7.66990 0.28535
v -3.30641 7.66990 0.14870
v -3.32779 7.66990 0.00000
v -3.30641 7.66990 -0.14870
v -3.24401 7.66990 -0.28535
v -3.14563 7.66990 -0.39888
v -3.01925 7.66990 -0.48010
v -2.87511 7.66990 -0.52242
v -2.72489 7.66990 -0.52242
v -2.58075 7.66990 -0.48010
v -2.45437 7.66990 -0.39888
v -2.35599 7.66990 -0.28535
v -2.29359 7.66990 -0.14870
v -2.12825 7.55175 0.00000
v -2.15546 7.55175 0.18925
v -2.23489 7.55175 0.36318
v -2.36010 7.55175 0.50768
v -2.52094 7.55175 0.61105
v -2.70440 7.55175 0.66491
v -2.89560 7.55175 0.66491
v -3.07906 7.55175 0.61105
v -3.23990 7.55175 0.50768
v -3.36511 7.55175 0.36318
v -3.44454 7.55175 0.18925
v -3.47175 7.55175 0.00000
v -3.44454 7.55175 -0.18925
v -3.36511 7.55175 -0.36318
v -3.23990 7.55175 -0.50768
v -3.07906 7.55175 -0.61105
v -2.89560 7.55175 -0.66491
v -2.70440 7.55175 -0.66491
v -2.52094 7.55175 -0.61105
v -2.36010 7.55175 -0.50768
v -2.23489 7.55175 -0.36318
v -2.15546 7.55175 -0.18925
v -2.01010 7.40779 0.00000
v -2.04210 7.40779 0.22254
v -2.13550 7.40779 0.42705
v -2.28273 7.40779 0.59696
v -2.47187 7.40779 0.71851
v -2.68759 7.40779 0.78186
v -2.91241 7.40779 0.78186
v -3.12813 7.40779 0.71851
v -3.31727 7.40779 0.59696
v -3.46450 7.40779 0.42705
v -3.55790 7.40779 0.22254
v -3.58990 7.40779 0.00000
v -3.55790 7.40779 -0.22254
v -3.46450 7.40779 -0.42705
v -3.31727 7.40779 -0.59696
v -3.12813 7.40779 -0.71851
v -2.91241 7.40779 -0.78186
v -2.68759 7.40779 -0.78186
v -2.47187 7.40779 -0.71851
v -2.28273 7.40779 -0.59696
v -2.13550 7.40779 -0.42705
v -2.04210 7.40779 -0.22254
v -1.92231 7.24355 0.00000
v -1.95787 7.24355 0.24727
v -2.06164 7.24355 0.47451
v -2.22524 7.24355 0.66331
v -2.43540 7.24355 0.79837
v -2.67509 7.24355 0.86875
v -2.92491 7.24355 0.86875
v -3.16460 7.24355 0.79837
v -3.37476 7.24355 0.66331
v -3.53836 7.24355 0.47451
v -3.64213 7.24355 0.24727
v -3.67769 7.24355 0.00000
v -3.64213 7.24355 -0.24727
v -3.53836 7.24355 -0.47451
v -3.37476 7.24355 -0.66331
v -3.16460 7.24355 -0.79837
v -2.92491 7.24355 -0.86875
v -2.67509 7.24355 -0.86875
v -2.43540 7.24355 -0.79837
v -2.22524 7.24355 -0.66331
v -2.06164 7.24355 -0.47451
v -1.95787 7.24355 -0.24727
v -1.86825 7.06534 0.00000
v -1.90600 7.06534 0.26250
v -2.01617 7.06534 0.50374
v -2.18984 7.06534 0.70417
v -2.41294 7.06534 0.84755
v -2.66740 7.06534 0.92226
v -2.93260 7.06534 0.92226
v -3.18706 7.06534 0.84755
v -3.41016 7.06534 0.70417
v -3.58383 7.06534 0.50374
v -3.69400 7.06534 0.26250
v -3.73175 7.06534 0.00000
v -3.69400 7.06534 -0.26250
v -3.58383 7.06534 -0.50374
v -3.41016 7.06534 -0.70417
v -3.18706 7.06534 -0.84755
v -2.93260 7.06534 -0.92226
v -2.66740 7.06534 -0.92226
v -2.41294 7.06534 -0.84755
v -2.18984 7.06534 -0.70417
v -2.01617 7.06534 -0.50374
v -1.90600 7.06534 -0.26250
v -1.85000 6.88000 0.00000
v -1.88848 6.88000 0.26765
v -2.00081 6.88000 0.51361
v -2.17788 6.88000 0.71796
v -2.40536 6.88000 0.86415
v -2.66480 6.88000 0.94033
v -2.93520 6.88000 0.94033
v -3.19464 6.88000 0.86415
v -3.42212 6.88000 0.71796
v -3.59919 6.88000 0.51361
v -3.71152 6.88000 0.26765
v -3.75000 6.88000 0.00000
v -3.71152 6.88000 -0.26765
v -3.59919 6.88000 -0.51361
v -3.42212 6.88000 -0.71796
v -3.19464 6.88000 -0.86415
v -2.93520 6.88000 -0.94033
v -2.66480 6.88000 -0.94033
v -2.40536 6.88000 -0.86415
v -2.17788 6.88000 -0.71796
v -2.00081 6.88000 -0.51361
v -1.88848 6.88000 -0.26765
v -1.86825 6.69466 0.00000
v -1.90600 6.69466 0.26250
v -2.01617 6.69466 0.50374
v -2.18984 6.69466 0.70417
v -2.41294 6.69466 0.84755
v -2.66740 6.69466 0.92226
v -2.93260 6.69466 0.92226
v -3.18706 6.69466 0.84755
v -3.41016 6.69466 0.70417
v -3.58383 6.69466 0.50374
v -3.69400 6.69466 0.26250
v -3.73175 6.69466 0.00000
v -3.69400 6.69466 -0.26250
v -3.58383 6.69466 -0.50374
v -3.41016 6.69466 -0.70417
v -3.18706 6.69466 -0.84755
v -2.93260 6.69466 -0.92226
v -2.66740 6.69466 -0.92226
v -2.41294 6.69466 -0.84755
v -2.18984 6.69466 -0.70417
v -2.01617 6.69466 -0.50374
v -1.90600 6.69466 -0.26250
v -1.92231 6.51645 0.00000
v -1.95787 6.51645 0.24727
v -2.06164 6.51645 0.47451
v -2.22524 6.51645 0.66331
v -2.43540 6.51645 0.79837
v -2.67509 6.51645 0.86875
v -2.92491 6.51645 0.86875
v -3.16460 6.51645 0.79837
v -3.37476 6.51645 0.66331
v -3.53836 6.51645 0.47451
v -3.64213 6.51645 0.24727
v -3.67769 6.51645 0.00000
v -3.64213 6.51645 -0.24727
v -3.53836 6.51645 -0.47451
v -3.37476 6.51645 -0.66331
v -3.16460 6.51645 -0.79837
v -2.92491 6.51645 -0.86875
v -2.67509 6.51645 -0.86875
v -2.43540 6.51645 -0.79837
v -2.22524 6.51645 -0.66331
v -2.06164 6.51645 -0.47451
v -1.95787 6.51645 -0.24727
v -2.01010 6.35221 0.00000
v -2.04210 6.35221 0.22254
v -2.13550 6.35221 0.42705
v -2.28273 6.35221 0.59696
v -2.47187 6.35221 0.71851
v -2.68759 6.35221 0.78186
v -2.91241 6.35221 0.78186
v -3.12813 6.35221 0.71851
v -3.31727 6.35221 0.59696
v -3.46450 6.35221 0.42705
v -3.55790 6.35221 0.22254
v -3.58990 6.35221 0.00000
v -3.55790 6.35221 -0.22254
v -3.46450 6.35221 -0.42705
v -3.31727 6.35221 -0.59696
v -3.12813 6.35221 -0.71851
v -2.91241 6.35221 -0.78186
v -2.68759 6.35221 -0.78186
v -2.47187 6.35221 -0.71851
v -2.28273 6.35221 -0.59696
v -2.13550 6.35221 -0.42705
v -2.04210 6.35221 -0.22254
v -2.12825 6.20825 0.00000
v -2.15546 6.20825 0.18925
v -2.23489 6.20825 0.36318
v -2.36010 6.20825 0.50768
v -2.52094 6.20825 0.61105
v -2.70440 6.20825 0.66491
v -2.89560 6.20825 0.66491
v -3.07906 6.20825 0.61105
v -3.23990 6.20825 0.50768
v -3.36511 6.20825 0.36318
v -3.44454 6.20825 0.18925
v -3.47175 6.20825 0.00000
v -3.44454 6.20825 -0.18925
v -3.36511 6.20825 -0.36318
v -3.23990 6.20825 -0.50768
v -3.07906 6.20825 -0.61105
v -2.89560 6.20825 -0.66491
v -2.70440 6.20825 -0.66491
v -2.52094 6.20825 -0.61105
v -2.36010 6.20825 -0.50768
v -2.23489 6.20825 -0.36318
v -2.15546 6.20825 -0.18925
v -2.27221 6.09010 0.00000
v -2.29359 6.09010 0.14870
v -2.35599 6.09010 0.28535
v -2.45437 6.09010 0.39888
v -2.58075 6.09010 0.48010
v -2.72489 6.09010 0.52242
v -2.87511 6.09010 0.52242
v -3.01925 6.09010 0.48010
v -3.14563 6.09010 0.39888
v -3.24401 6.09010 0.28535
v -3.30641 6.09010 0.14870
v -3.32779 6.09010 0.00000
v -3.30641 6.09010 -0.14870
v -3.24401 6.09010 -0.28535
v -3.14563 6.09010 -0.39888
v -3.01925 6.09010 -0.48010
v -2.87511 6.09010 -0.52242
v -2.72489 6.09010 -0.52242
v -2.58075 6.09010 -0.48010
v -2.45437 6.09010 -0.39888
v -2.35599 6.09010 -0.28535
v -2.29359 6.09010 -0.14870
v -2.43645 6.00231 0.00000
v -2.45118 6.00231 0.10242
v -2.49416 6.00231 0.19655
v -2.56193 6.00231 0.27475
v -2.64898 6.00231 0.33070
v -2.74826 6.00231 0.35985
v -2.85174 6.00231 0.35985
v -2.95102 6.00231 0.33070
v -3.03807 6.00231 0.27475
v -3.10584 6.00231 0.19655
v -3.14882 6.00231 0.10242
v -3.16355 6.00231 0.00000
v -3.14882 6.00231 -0.10242
v -3.10584 6.00231 -0.19655
v -3.03807 6.00231 -0.27475
v -2.95102 6.00231 -0.33070
v -2.85174 6.00231 -0.35985
v -2.74826 6.00231 -0.35985
v -2.64898 6.00231 -0.33070
v -2.56193 6.00231 -0.27475
v -2.49416 6.00231 -0.19655
v -2.45118 6.00231 -0.10242
v -2.61466 5.94825 0.00000
v -2.62217 5.94825 0.05222
v -2.64409 5.94825 0.10020
v -2.67863 5.94825 0.14007
v -2.72301 5.94825 0.16859
v -2.77362 5.94825 0.18345
v -2.82638 5.94825 0.18345
v -2.87699 5.94825 0.16859
v -2.92137 5.94825 0.14007
v -2.95591 5.94825 0.10020
v -2.97783 5.94825 0.05222
v -2.98534 5.94825 0.00000
v -2.97783 5.94825 -0.05222
v -2.95591 5.94825 -0.10020
v -2.92137 5.94825 -0.14007
v -2.87699 5.94825 -0.16859
v -2.82638 5.94825 -0.18345
v -2.77362 5.94825 -0.18345
v -2.72301 5.94825 -0.16859
v -2.67863 5.94825 -0.14007
v -2.64409 5.94825 -0.10020
v -2.62217 5.94825 -0.05222
v -3.68000 7.20600 0.00000
v -3.68000 6.19400 0.00000
v -3.53053 7.18876 0.00000
v -3.54191 7.18876 0.05448
v -3.57431 7.18876 0.10066
v -3.62280 7.18876 0.13151
v -3.68000 7.18876 0.14235
v -3.73720 7.18876 0.13151
v -3.78569 7.18876 0.10066
v -3.81809 7.18876 0.05448
v -3.82947 7.18876 0.00000
v -3.81809 7.18876 -0.05448
v -3.78569 7.18876 -0.10066
v -3.73720 7.18876 -0.13151
v -3.68000 7.18876 -0.14235
v -3.62280 7.18876 -0.13151
v -3.57431 7.18876 -0.10066
v -3.54191 7.18876 -0.05448
v -3.39125 7.13821 0.00000
v -3.41323 7.13821 0.10524
v -3.47582 7.13821 0.19445
v -3.56950 7.13821 0.25407
v -3.68000 7.13821 0.27500
v -3.79050 7.13821 0.25407
v -3.88418 7.13821 0.19445
v -3.94677 7.13821 0.10524
v -3.96875 7.13821 0.00000
v -3.94677 7.13821 -0.10524
v -3.88418 7.13821 -0.19445
v -3.79050 7.13821 -0.25407
v -3.68000 7.13821 -0.27500
v -3.56950 7.13821 -0.25407
v -3.47582 7.13821 -0.19445
v -3.41323 7.13821 -0.10524
v -3.27165 7.05780 0.00000
v -3.30273 7.05780 0.14883
v -3.39125 7.05780 0.27500
v -3.52373 7.05780 0.35930
v -3.68000 7.05780 0.38891
v -3.83627 7.05780 0.35930
v -3.96875 7.05780 0.27500
v -4.05727 7.05780 0.14883
v -4.08835 7.05780 0.00000
v -4.05727 7.05780 -0.14883
v -3.96875 7.05780 -0.27500
v -3.83627 7.05780 -0.35930
v -3.68000 7.05780 -0.38891
v -3.52373 7.05780 -0.35930
v -3.39125 7.05780 -0.27500
v -3.30273 7.05780 -0.14883
v -3.17987 6.95300 0.00000
v -3.21794 6.95300 0.18228
v -3.32635 6.95300 0.33680
v -3.48861 6.95300 0.44006
v -3.68000 6.95300 0.47631
v -3.87139 6.95300 0.44006
v -4.03365 6.95300 0.33680
v -4.14206 6.95300 0.18228
v -4.18013 6.95300 0.00000
v -4.14206 6.95300 -0.18228
v -4.03365 6.95300 -0.33680
v -3.87139 6.95300 -0.44006
v -3.68000 6.95300 -0.47631
v -3.48861 6.95300 -0.44006
v -3.32635 6.95300 -0.33680
v -3.21794 6.95300 -0.18228
v -3.12218 6.83096 0.00000
v -3.16464 6.83096 0.20330
v -3.28556 6.83096 0.37566
v -3.46653 6.83096 0.49082
v -3.68000 6.83096 0.53126
v -3.89347 6.83096 0.49082
v -4.07444 6.83096 0.37566
v -4.19536 6.83096 0.20330
v -4.23782 6.83096 0.00000
v -4.19536 6.83096 -0.20330
v -4.07444 6.83096 -0.37566
v -3.89347 6.83096 -0.49082
v -3.68000 6.83096 -0.53126
v -3.46653 6.83096 -0.49082
v -3.28556 6.83096 -0.37566
v -3.16464 6.83096 -0.20330
v -3.10250 6.70000 0.00000
v -3.14646 6.70000 0.21048
v -3.27165 6.70000 0.38891
v -3.45900 6.70000 0.50813
v -3.68000 6.70000 0.55000
v -3.90100 6.70000 0.50813
v -4.08835 6.70000 0.38891
v -4.21354 6.70000 0.21048
v -4.25750 6.70000 0.00000
v -4.21354 6.70000 -0.21048
v -4.08835 6.70000 -0.38891
v -3.90100 6.70000 -0.50813
v -3.68000 6.70000 -0.55000
v -3.45900 6.70000 -0.50813
v -3.27165 6.70000 -0.38891
v -3.14646 6.70000 -0.21048
v -3.12218 6.56904 0.00000
v -3.16464 6.56904 0.20330
v -3.28556 6.56904 0.37566
v -3.46653 6.56904 0.49082
v -3.68000 6.56904 0.53126
v -3.89347 6.56904 0.49082
v -4.07444 6.56904 0.37566
v -4.19536 6.56904 0.20330
v -4.23782 6.56904 0.00000
v -4.19536 6.56904 -0.20330
v -4.07444 6.56904 -0.37566
v -3.89347 6.56904 -0.49082
v -3.68000 6.56904 -0.53126
v -3.46653 6.56904 -0.49082
v -3.28556 6.56904 -0.37566
v -3.16464 6.56904 -0.20330
v -3.17987 6.44700 0.00000
v -3.21794 6.44700 0.18228
v -3.32635 6.44700 0.33680
v -3.48861 6.44700 0.44006
v -3.68000 6.44700 0.47631
v -3.87139 6.44700 0.44006
v -4.03365 6.44700 0.33680
v -4.14206 6.44700 0.18228
v -4.18013 6.44700 0.00000
v -4.14206 6.44700 -0.18228
v -4.03365 6.44700 -0.33680
v -3.87139 6.44700 -0.44006
v -3.68000 6.44700 -0.47631
v -3.48861 6.44700 -0.44006
v -3.32635 6.44700 -0.33680
v -3.21794 6.44700 -0.18228
v -3.27165 6.34220 0.00000
v -3.30273 6.34220 0.14883
v -3.39125 6.34220 0.27500
v -3.52373 6.34220 0.35930
v -3.68000 6.34220 0.38891
v -3.83627 6.34220 0.35930
v -3.96875 6.34220 0.27500
v -4.05727 6.34220 0.14883
v -4.08835 6.34220 0.00000
v -4.05727 6.34220 -0.14883
v -3.96875 6.34220 -0.27500
v -3.83627 6.34220 -0.35930
v -3.68000 6.34220 -0.38891
v -3.52373 6.34220 -0.35930
v -3.39125 6.34220 -0.27500
v -3.30273 6.34220 -0.14883
v -3.39125 6.26179 0.00000
v -3.41323 6.26179 0.10524
v -3.47582 6.26179 0.19445
v -3.56950 6.26179 0.25407
v -3.68000 6.26179 0.27500
v -3.79050 6.26179 0.25407
v -3.88418 6.26179 0.19445
v -3.94677 6.26179 0.10524
v -3.96875 6.26179 0.00000
v -3.94677 6.26179 -0.10524
v -3.88418 6.26179 -0.19445
v -3.79050 6.26179 -0.25407
v -3.68000 6.26179 -0.27500
v -3.56950 6.26179 -0.25407
v -3.47582 6.26179 -0.19445
v -3.41323 6.26179 -0.10524
v -3.53053 6.21124 0.00000
v -3.54191 6.21124 0.05448
v -3.57431 6.21124 0.10066
v -3.62280 6.21124 0.13151
v -3.68000 6.21124 0.14235
v -3.73720 6.21124 0.13151
v -3.78569 6.21124 0.10066
v -3.81809 6.21124 0.05448
v -3.82947 6.21124 0.00000
v -3.81809 6.21124 -0.05448
v -3.78569 6.21124 -0.10066
v -3.73720 6.21124 -0.13151
v -3.68000 6.21124 -0.14235
v -3.62280 6.21124 -0.13151
v -3.57431 6.21124 -0.10066
v -3.54191 6.21124 -0.05448
v -0.50000 2.35000 1.15000
v -0.50000 0.45000 1.15000
v -0.25412 2.31763 1.15000
v -0.27284 2.31763 1.24409
v -0.32614 2.31763 1.32386
v -0.40591 2.31763 1.37716
v -0.50000 2.31763 1.39588
v -0.59409 2.31763 1.37716
v -0.67386 2.31763 1.32386
v -0.72716 2.31763 1.24409
v -0.74588 2.31763 1.15000
v -0.72716 2.31763 1.05591
v -0.67386 2.31763 0.97614
v -0.59409 2.31763 0.92284
v -0.50000 2.31763 0.90412
v -0.40591 2.31763 0.92284
v -0.32614 2.31763 0.97614
v -0.27284 2.31763 1.05591
v -0.02500 2.22272 1.15000
v -0.06116 2.22272 1.33177
v -0.16412 2.22272 1.48588
v -0.31823 2.22272 1.58884
v -0.50000 2.22272 1.62500
v -0.68177 2.22272 1.58884
v -0.83588 2.22272 1.48588
v -0.93884 2.22272 1.33177
v -0.97500 2.22272 1.15000
v -0.93884 2.22272 0.96823
v -0.83588 2.22272 0.81412
v -0.68177 2.22272 0.71116
v -0.50000 2.22272 0.67500
v -0.31823 2.22272 0.71116
v -0.16412 2.22272 0.81412
v -0.06116 2.22272 0.96823
v 0.17175 2.07175 1.15000
v 0.12062 2.07175 1.40707
v -0.02500 2.07175 1.62500
v -0.24293 2.07175 1.77062
v -0.50000 2.07175 1.82175
v -0.75707 2.07175 1.77062
v -0.97500 2.07175 1.62500
v -1.12062 2.07175 1.40707
v -1.17175 2.07175 1.15000
v -1.12062 2.07175 0.89293
v -0.97500 2.07175 0.67500
v -0.75707 2.07175 0.52938
v -0.50000 2.07175 0.47825
v -0.24293 2.07175 0.52938
v -0.02500 2.07175 0.67500
v 0.12062 2.07175 0.89293
v 0.32272 1.87500 1.15000
v 0.26010 1.87500 1.46484
v 0.08175 1.87500 1.73175
v -0.18516 1.87500 1.91010
v -0.50000 1.87500 1.97272
v -0.81484 1.87500 1.91010
v -1.08175 1.87500 1.73175
v -1.26010 1.87500 1.46484
v -1.32272 1.87500 1.15000
v -1.26010 1.87500 0.83516
v -1.08175 1.87500 0.56825
v -0.81484 1.87500 0.38990
v -0.50000 1.87500 0.32728
v -0.18516 1.87500 0.38990
v 0.08175 1.87500 0.56825
v 0.26010 1.87500 0.83516
v 0.41763 1.64588 1.15000
v 0.34778 1.64588 1.50116
v 0.14886 1.64588 1.79886
v -0.14884 1.64588 1.99778
v -0.50000 1.64588 2.06763
v -0.85116 1.64588 1.99778
v -1.14886 1.64588 1.79886
v -1.34778 1.64588 1.50116
v -1.41763 1.64588 1.15000
v -1.34778 1.64588 0.79884
v -1.14886 1.64588 0.50114
v -0.85116 1.64588 0.30222
v -0.50000 1.64588 0.23237
v -0.14884 1.64588 0.30222
v 0.14886 1.64588 0.50114
v 0.34778 1.64588 0.79884
v 0.45000 1.40000 1.15000
v 0.37769 1.40000 1.51355
v 0.17175 1.40000 1.82175
v -0.13645 1.40000 2.02769
v -0.50000 1.40000 2.10000
v -0.86355 1.40000 2.02769
v -1.17175 1.40000 1.82175
v -1.37769 1.40000 1.51355
v -1.45000 1.40000 1.15000
v -1.37769 1.40000 0.78645
v -1.17175 1.40000 0.47825
v -0.86355 1.40000 0.27231
v -0.50000 1.40000 0.20000
v -0.13645 1.40000 0.27231
v 0.17175 1.40000 0.47825
v 0.37769 1.40000 0.78645
v 0.41763 1.15412 1.15000
v 0.34778 1.15412 1.50116
v 0.14886 1.15412 1.79886
v -0.14884 1.15412 1.99778
v -0.50000 1.15412 2.06763
v -0.85116 1.15412 1.99778
v -1.14886 1.15412 1.79886
v -1.34778 1.15412 1.50116
v -1.41763 1.15412 1.15000
v -1.34778 1.15412 0.79884
v -1.14886 1.15412 0.50114
v -0.85116 1.15412 0.30222
v -0.50000 1.15412 0.23237
v -0.14884 1.15412 0.30222
v 0.14886 1.15412 0.50114
v 0.34778 1.15412 0.79884
v 0.32272 0.92500 1.15000
v 0.26010 0.92500 1.46484
v 0.08175 0.92500 1.73175
v -0.18516 0.92500 1.91010
v -0.50000 0.92500 1.97272
v -0.81484 0.92500 1.91010
v -1.08175 0.92500 1.73175
v -1.26010 0.92500 1.46484
v -1.32272 0.92500 1.15000
v -1.26010 0.92500 0.83516
v -1.08175 0.92500 0.56825
v -0.81484 0.92500 0.38990
v -0.50000 0.92500 0.32728
v -0.18516 0.92500 0.38990
v 0.08175 0.92500 0.56825
v 0.26010 0.92500 0.83516
v 0.17175 0.72825 1.15000
v 0.12062 0.72825 1.40707
v -0.02500 0.72825 1.62500
v -0.24293 0.72825 1.77062
v -0.50000 0.72825 1.82175
v -0.75707 0.72825 1.77062
v -0.97500 0.72825 1.62500
v -1.12062 0.72825 1.40707
v -1.17175 0.72825 1.15000
v -1.12062 0.72825 0.89293
v -0.97500 0.72825 0.67500
v -0.75707 0.72825 0.52938
v -0.50000 0.72825 0.47825
v -0.24293 0.72825 0.52938
v -0.02500 0.72825 0.67500
v 0.12062 0.72825 0.89293
v -0.02500 0.57728 1.15000
v -0.06116 0.57728 1.33177
v -0.16412 0.57728 1.48588
v -0.31823 0.57728 1.58884
v -0.50000 0.57728 1.62500
v -0.68177 0.57728 1.58884
v -0.83588 0.57728 1.48588
v -0.93884 0.57728 1.33177
v -0.97500 0.57728 1.15000
v -0.93884 0.57728 0.96823
v -0.83588 0.57728 0.81412
v -0.68177 0.57728 0.71116
v -0.50000 0.57728 0.67500
v -0.31823 0.57728 0.71116
v -0.16412 0.57728 0.81412
v -0.06116 0.57728 0.96823
v -0.25412 0.48237 1.15000
v -0.27284 0.48237 1.24409
v -0.32614 0.48237 1.32386
v -0.40591 0.48237 1.37716
v -0.50000 0.48237 1.39588
v -0.59409 0.48237 1.37716
v -0.67386 0.48237 1.32386
v -0.72716 0.48237 1.24409
v -0.74588 0.48237 1.15000
v -0.72716 0.48237 1.05591
v -0.67386 0.48237 0.97614
v -0.59409 0.48237 0.92284
v -0.50000 0.48237 0.90412
v -0.40591 0.48237 0.92284
v -0.32614 0.48237 0.97614
v -0.27284 0.48237 1.05591
v -0.50000 2.35000 -1.15000
v -0.50000 0.45000 -1.15000
v -0.25412 2.31763 -1.15000
v -0.27284 2.31763 -1.05591
v -0.32614 2.31763 -0.97614
v -0.40591 2.31763 -0.92284
v -0.50000 2.31763 -0.90412
v -0.59409 2.31763 -0.92284
v -0.67386 2.31763 -0.97614
v -0.72716 2.31763 -1.05591
v -0.74588 2.31763 -1.15000
v -0.72716 2.31763 -1.24409
v -0.67386 2.31763 -1.32386
v -0.59409 2.31763 -1.37716
v -0.50000 2.31763 -1.39588
v -0.40591 2.31763 -1.37716
v -0.32614 2.31763 -1.32386
v -0.27284 2.31763 -1.24409
v -0.02500 2.22272 -1.15000
v -0.06116 2.22272 -0.96823
v -0.16412 2.22272 -0.81412
v -0.31823 2.22272 -0.71116
v -0.50000 2.22272 -0.67500
v -0.68177 2.22272 -0.71116
v -0.83588 2.22272 -0.81412
v -0.93884 2.22272 -0.96823
v -0.97500 2.22272 -1.15000
v -0.93884 2.22272 -1.33177
v -0.83588 2.22272 -1.48588
v -0.68177 2.22272 -1.58884
v -0.50000 2.22272 -1.62500
v -0.31823 2.22272 -1.58884
v -0.16412 2.22272 -1.48588
v -0.06116 2.22272 -1.33177
v 0.17175 2.07175 -1.15000
v 0.12062 2.07175 -0.89293
v -0.02500 2.07175 -0.67500
v -0.24293 2.07175 -0.52938
v -0.50000 2.07175 -0.47825
v -0.75707 2.07175 -0.52938
v -0.97500 2.07175 -0.67500
v -1.12062 2.07175 -0.89293
v -1.17175 2.07175 -1.15000
v -1.12062 2.07175 -1.40707
v -0.97500 2.07175 -1.62500
v -0.75707 2.07175 -1.77062
v -0.50000 2.07175 -1.82175
v -0.24293 2.07175 -1.77062
v -0.02500 2.07175 -1.62500
v 0.12062 2.07175 -1.40707
v 0.32272 1.87500 -1.15000
v 0.26010 1.87500 -0.83516
v 0.08175 1.87500 -0.56825
v -0.18516 1.87500 -0.38990
v -0.50000 1.87500 -0.32728
v -0.81484 1.87500 -0.38990
v -1.08175 1.87500 -0.56825
v -1.26010 1.87500 -0.83516
v -1.32272 1.87500 -1.15000
v -1.26010 1.87500 -1.46484
v -1.08175 1.87500 -1.73175
v -0.81484 1.87500 -1.91010
v -0.50000 1.87500 -1.97272
v -0.18516 1.87500 -1.91010
v 0.08175 1.87500 -1.73175
v 0.26010 1.87500 -1.46484
v 0.41763 1.64588 -1.15000
v 0.34778 1.64588 -0.79884
v 0.14886 1.64588 -0.50114
v -0.14884 1.64588 -0.30222
v -0.50000 1.64588 -0.23237
v -0.85116 1.64588 -0.30222
v -1.14886 1.64588 -0.50114
v -1.34778 1.64588 -0.79884
v -1.41763 1.64588 -1.15000
v -1.34778 1.64588 -1.50116
v -1.14886 1.64588 -1.79886
v -0.85116 1.64588 -1.99778
v -0.50000 1.64588 -2.06763
v -0.14884 1.64588 -1.99778
v 0.14886 1.64588 -1.79886
v 0.34778 1.64588 -1.50116
v 0.45000 1.40000 -1.15000
v 0.37769 1.40000 -0.78645
v 0.17175 1.40000 -0.47825
v -0.13645 1.40000 -0.27231
v -0.50000 1.40000 -0.20000
v -0.86355 1.40000 -0.27231
v -1.17175 1.40000 -0.47825
v -1.37769 1.40000 -0.78645
v -1.45000 1.40000 -1.15000
v -1.37769 1.40000 -1.51355
v -1.17175 1.40000 -1.82175
v -0.86355 1.40000 -2.02769
v -0.50000 1.40000 -2.10000
v -0.13645 1.40000 -2.02769
v 0.17175 1.40000 -1.82175
v 0.37769 1.40000 -1.51355
v 0.41763 1.15412 -1.15000
v 0.34778 1.15412 -0.79884
v 0.14886 1.15412 -0.50114
v -0.14884 1.15412 -0.30222
v -0.50000 1.15412 -0.23237
v -0.85116 1.15412 -0.30222
v -1.14886 1.15412 -0.50114
v -1.34778 1.15412 -0.79884
v -1.41763 1.15412 -1.15000
v -1.34778 1.15412 -1.50116
v -1.14886 1.15412 -1.79886
v -0.85116 1.15412 -1.99778
v -0.50000 1.15412 -2.06763
v -0.14884 1.15412 -1.99778
v 0.14886 1.15412 -1.79886
v 0.34778 1.15412 -1.50116
v 0.32272 0.92500 -1.15000
v 0.26010 0.92500 -0.83516
v 0.08175 0.92500 -0.56825
v -0.18516 0.92500 -0.38990
v -0.50000 0.92500 -0.32728
v -0.81484 0.92500 -0.38990
v -1.08175 0.92500 -0.56825
v -1.26010 0.92500 -0.83516
v -1.32272 0.92500 -1.15000
v -1.26010 0.92500 -1.46484
v -1.08175 0.92500 -1.73175
v -0.81484 0.92500 -1.91010
v -0.50000 0.92500 -1.97272
v -0.18516 0.92500 -1.91010
v 0.08175 0.92500 -1.73175
v 0.26010 0.92500 -1.46484
v 0.17175 0.72825 -1.15000
v 0.12062 0.72825 -0.89293
v -0.02500 0.72825 -0.67500
v -0.24293 0.72825 -0.52938
v -0.50000 0.72825 -0.47825
v -0.75707 0.72825 -0.52938
v -0.97500 0.72825 -0.67500
v -1.12062 0.72825 -0.89293
v -1.17175 0.72825 -1.15000
v -1.12062 0.72825 -1.40707
v -0.97500 0.72825 -1.62500
v -0.75707 0.72825 -1.77062
v -0.50000 0.72825 -1.82175
v -0.24293 0.72825 -1.77062
v -0.02500 0.72825 -1.62500
v 0.12062 0.72825 -1.40707
v -0.02500 0.57728 -1.15000
v -0.06116 0.57728 -0.96823
v -0.16412 0.57728 -0.81412
v -0.31823 0.57728 -0.71116
v -0.50000 0.57728 -0.67500
v -0.68177 0.57728 -0.71116
v -0.83588 0.57728 -0.81412
v -0.93884 0.57728 -0.96823
v -0.97500 0.57728 -1.15000
v -0.93884 0.57728 -1.33177
v -0.83588 0.57728 -1.48588
v -0.68177 0.57728 -1.58884
v -0.50000 0.57728 -1.62500
v -0.31823 0.57728 -1.58884
v -0.16412 0.57728 -1.48588
v -0.06116 0.57728 -1.33177
v -0.25412 0.48237 -1.15000
v -0.27284 0.48237 -1.05591
v -0.32614 0.48237 -0.97614
v -0.40591 0.48237 -0.92284
v -0.50000 0.48237 -0.90412
v -0.59409 0.48237 -0.92284
v -0.67386 0.48237 -0.97614
v -0.72716 0.48237 -1.05591
v -0.74588 0.48237 -1.15000
v -0.72716 0.48237 -1.24409
v -0.67386 0.48237 -1.32386
v -0.59409 0.48237 -1.37716
v -0.50000 0.48237 -1.39588
v -0.40591 0.48237 -1.37716
v -0.32614 0.48237 -1.32386
v -0.27284 0.48237 -1.24409
v 1.55000 2.55000 1.30000
v 1.55000 0.25000 1.30000
v 1.84764 2.51081 1.30000
v 1.82499 2.51081 1.41390
v 1.76046 2.51081 1.51046
v 1.66390 2.51081 1.57499
v 1.55000 2.51081 1.59764
v 1.43610 2.51081 1.57499
v 1.33954 2.51081 1.51046
v 1.27501 2.51081 1.41390
v 1.25236 2.51081 1.30000
v 1.27501 2.51081 1.18610
v 1.33954 2.51081 1.08954
v 1.43610 2.51081 1.02501
v 1.55000 2.51081 1.00236
v 1.66390 2.51081 1.02501
v 1.76046 2.51081 1.08954
v 1.82499 2.51081 1.18610
v 2.12500 2.39593 1.30000
v 2.08123 2.39593 1.52004
v 1.95659 2.39593 1.70659
v 1.77004 2.39593 1.83123
v 1.55000 2.39593 1.87500
v 1.32996 2.39593 1.83123
v 1.14341 2.39593 1.70659
v 1.01877 2.39593 1.52004
v 0.97500 2.39593 1.30000
v 1.01877 2.39593 1.07996
v 1.14341 2.39593 0.89341
v 1.32996 2.39593 0.76877
v 1.55000 2.39593 0.72500
v 1.77004 2.39593 0.76877
v 1.95659 2.39593 0.89341
v 2.08123 2.39593 1.07996
v 2.36317 2.21317 1.30000
v 2.30127 2.21317 1.61119
v 2.12500 2.21317 1.87500
v 1.86119 2.21317 2.05127
v 1.55000 2.21317 2.11317
v 1.23881 2.21317 2.05127
v 0.97500 2.21317 1.87500
v 0.79873 2.21317 1.61119
v 0.73683 2.21317 1.30000
v 0.79873 2.21317 0.98881
v 0.97500 2.21317 0.72500
v 1.23881 2.21317 0.54873
v 1.55000 2.21317 0.48683
v 1.86119 2.21317 0.54873
v 2.12500 2.21317 0.72500
v 2.30127 2.21317 0.98881
v 2.54593 1.97500 1.30000
v 2.47012 1.97500 1.68113
v 2.25423 1.97500 2.00423
v 1.93113 1.97500 2.22012
v 1.55000 1.97500 2.29593
v 1.16887 1.97500 2.22012
v 0.84577 1.97500 2.00423
v 0.62988 1.97500 1.68113
v 0.55407 1.97500 1.30000
v 0.62988 1.97500 0.91887
v 0.84577 1.97500 0.59577
v 1.16887 1.97500 0.37988
v 1.55000 1.97500 0.30407
v 1.93113 1.97500 0.37988
v 2.25423 1.97500 0.59577
v 2.47012 1.97500 0.91887
v 2.66081 1.69764 1.30000
v 2.57626 1.69764 1.72509
v 2.33546 1.69764 2.08546
v 1.97509 1.69764 2.32626
v 1.55000 1.69764 2.41081
v 1.12491 1.69764 2.32626
v 0.76454 1.69764 2.08546
v 0.52374 1.69764 1.72509
v 0.43919 1.69764 1.30000
v 0.52374 1.69764 0.87491
v 0.76454 1.69764 0.51454
v 1.12491 1.69764 0.27374
v 1.55000 1.69764 0.18919
v 1.97509 1.69764 0.27374
v 2.33546 1.69764 0.51454
v 2.57626 1.69764 0.87491
v 2.70000 1.40000 1.30000
v 2.61246 1.40000 1.74009
v 2.36317 1.40000 2.11317
v 1.99009 1.40000 2.36246
v 1.55000 1.40000 2.45000
v 1.10991 1.40000 2.36246
v 0.73683 1.40000 2.11317
v 0.48754 1.40000 1.74009
v 0.40000 1.40000 1.30000
v 0.48754 1.40000 0.85991
v 0.73683 1.40000 0.48683
v 1.10991 1.40000 0.23754
v 1.55000 1.40000 0.15000
v 1.99009 1.40000 0.23754
v 2.36317 1.40000 0.48683
v 2.61246 1.40000 0.85991
v 2.66081 1.10236 1.30000
v 2.57626 1.10236 1.72509
v 2.33546 1.10236 2.08546
v 1.97509 1.10236 2.32626
v 1.55000 1.10236 2.41081
v 1.12491 1.10236 2.32626
v 0.76454 1.10236 2.08546
v 0.52374 1.10236 1.72509
v 0.43919 1.10236 1.30000
v 0.52374 1.10236 0.87491
v 0.76454 1.10236 0.51454
v 1.12491 1.10236 0.27374
v 1.55000 1.10236 0.18919
v 1.97509 1.10236 0.27374
v 2.33546 1.10236 0.51454
v 2.57626 1.10236 0.87491
v 2.54593 0.82500 1.30000
v 2.47012 0.82500 1.68113
v 2.25423 0.82500 2.00423
v 1.93113 0.82500 2.22012
v 1.55000 0.82500 2.29593
v 1.16887 0.82500 2.22012
v 0.84577 0.82500 2.00423
v 0.62988 0.82500 1.68113
v 0.55407 0.82500 1.30000
v 0.62988 0.82500 0.91887
v 0.84577 0.82500 0.59577
v 1.16887 0.82500 0.37988
v 1.55000 0.82500 0.30407
v 1.93113 0.82500 0.37988
v 2.25423 0.82500 0.59577
v 2.47012 0.82500 0.91887
v 2.36317 0.58683 1.30000
v 2.30127 0.58683 1.61119
v 2.12500 0.58683 1.87500
v 1.86119 0.58683 2.05127
v 1.55000 0.58683 2.11317
v 1.23881 0.58683 2.05127
v 0.97500 0.58683 1.87500
v 0.79873 0.58683 1.61119
v 0.73683 0.58683 1.30000
v 0.79873 0.58683 0.98881
v 0.97500 0.58683 0.72500
v 1.23881 0.58683 0.54873
v 1.55000 0.58683 0.48683
v 1.86119 0.58683 0.54873
v 2.12500 0.58683 0.72500
v 2.30127 0.58683 0.98881
v 2.12500 0.40407 1.30000
v 2.08123 0.40407 1.52004
v 1.95659 0.40407 1.70659
v 1.77004 0.40407 1.83123
v 1.55000 0.40407 1.87500
v 1.32996 0.40407 1.83123
v 1.14341 0.40407 1.70659
v 1.01877 0.40407 1.52004
v 0.97500 0.40407 1.30000
v 1.01877 0.40407 1.07996
v 1.14341 0.40407 0.89341
v 1.32996 0.40407 0.76877
v 1.55000 0.40407 0.72500
v 1.77004 0.40407 0.76877
v 1.95659 0.40407 0.89341
v 2.08123 0.40407 1.07996
v 1.84764 0.28919 1.30000
v 1.82499 0.28919 1.41390
v 1.76046 0.28919 1.51046
v 1.66390 0.28919 1.57499
v 1.55000 0.28919 1.59764
v 1.43610 0.28919 1.57499
v 1.33954 0.28919 1.51046
v 1.27501 0.28919 1.41390
v 1.25236 0.28919 1.30000
v 1.27501 0.28919 1.18610
v 1.33954 0.28919 1.08954
v 1.43610 0.28919 1.02501
v 1.55000 0.28919 1.00236
v 1.66390 0.28919 1.02501
v 1.76046 0.28919 1.08954
v 1.82499 0.28919 1.18610
v 1.55000 2.55000 -1.30000
v 1.55000 0.25000 -1.30000
v 1.84764 2.51081 -1.30000
v 1.82499 2.51081 -1.18610
v 1.76046 2.51081 -1.08954
v 1.66390 2.51081 -1.02501
v 1.55000 2.51081 -1.00236
v 1.43610 2.51081 -1.02501
v 1.33954 2.51081 -1.08954
v 1.27501 2.51081 -1.18610
v 1.25236 2.51081 -1.30000
v 1.27501 2.51081 -1.41390
v 1.33954 2.51081 -1.51046
v 1.43610 2.51081 -1.57499
v 1.55000 2.51081 -1.59764
v 1.66390 2.51081 -1.57499
v 1.76046 2.51081 -1.51046
v 1.82499 2.51081 -1.41390
v 2.12500 2.39593 -1.30000
v 2.08123 2.39593 -1.07996
v 1.95659 2.39593 -0.89341
v 1.77004 2.39593 -0.76877
v 1.55000 2.39593 -0.72500
v 1.32996 2.39593 -0.76877
v 1.14341 2.39593 -0.89341
v 1.01877 2.39593 -1.07996
v 0.97500 2.39593 -1.30000
v 1.01877 2.39593 -1.52004
v 1.14341 2.39593 -1.70659
v 1.32996 2.39593 -1.83123
v 1.55000 2.39593 -1.87500
v 1.77004 2.39593 -1.83123
v 1.95659 2.39593 -1.70659
v 2.08123 2.39593 -1.52004
v 2.36317 2.21317 -1.30000
v 2.30127 2.21317 -0.98881
v 2.12500 2.21317 -0.72500
v 1.86119 2.21317 -0.54873
v 1.55000 2.21317 -0.48683
v 1.23881 2.21317 -0.54873
v 0.97500 2.21317 -0.72500
v 0.79873 2.21317 -0.98881
v 0.73683 2.21317 -1.30000
v 0.79873 2.21317 -1.61119
v 0.97500 2.21317 -1.87500
v 1.23881 2.21317 -2.05127
v 1.55000 2.21317 -2.11317
v 1.86119 2.21317 -2.05127
v 2.12500 2.21317 -1.87500
v 2.30127 2.21317 -1.61119
v 2.54593 1.97500 -1.30000
v 2.47012 1.97500 -0.91887
v 2.25423 1.97500 -0.59577
v 1.93113 1.97500 -0.37988
v 1.55000 1.97500 -0.30407
v 1.16887 1.97500 -0.37988
v 0.84577 1.97500 -0.59577
v 0.62988 1.97500 -0.91887
v 0.55407 1.97500 -1.30000
v 0.62988 1.97500 -1.68113
v 0.84577 1.97500 -2.00423
v 1.16887 1.97500 -2.22012
v 1.55000 1.97500 -2.29593
v 1.93113 1.97500 -2.22012
v 2.25423 1.97500 -2.00423
v 2.47012 1.97500 -1.68113
v 2.66081 1.69764 -1.30000
v 2.57626 1.69764 -0.87491
v 2.33546 1.69764 -0.51454
v 1.97509 1.69764 -0.27374
v 1.55000 1.69764 -0.18919
v 1.12491 1.69764 -0.27374
v 0.76454 1.69764 -0.51454
v 0.52374 1.69764 -0.87491
v 0.43919 1.69764 -1.30000
v 0.52374 1.69764 -1.72509
v 0.76454 1.69764 -2.08546
v 1.12491 1.69764 -2.32626
v 1.55000 1.69764 -2.41081
v 1.97509 1.69764 -2.32626
v 2.33546 1.69764 -2.08546
v 2.57626 1.69764 -1.72509
v 2.70000 1.40000 -1.30000
v 2.61246 1.40000 -0.85991
v 2.36317 1.40000 -0.48683
v 1.99009 1.40000 -0.23754
v 1.55000 1.40000 -0.15000
v 1.10991 1.40000 -0.23754
v 0.73683 1.40000 -0.48683
v 0.48754 1.40000 -0.85991
v 0.40000 1.40000 -1.30000
v 0.48754 1.40000 -1.74009
v 0.73683 1.40000 -2.11317
v 1.10991 1.40000 -2.36246
v 1.55000 1.40000 -2.45000
v 1.99009 1.40000 -2.36246
v 2.36317 1.40000 -2.11317
v 2.61246 1.40000 -1.74009
v 2.66081 1.10236 -1.30000
v 2.57626 1.10236 -0.87491
v 2.33546 1.10236 -0.51454
v 1.97509 1.10236 -0.27374
v 1.55000 1.10236 -0.18919
v 1.12491 1.10236 -0.27374
v 0.76454 1.10236 -0.51454
v 0.52374 1.10236 -0.87491
v 0.43919 1.10236 -1.30000
v 0.52374 1.10236 -1.72509
v 0.76454 1.10236 -2.08546
v 1.12491 1.10236 -2.32626
v 1.55000 1.10236 -2.41081
v 1.97509 1.10236 -2.32626
v 2.33546 1.10236 -2.08546
v 2.57626 1.10236 -1.72509
v 2.54593 0.82500 -1.30000
v 2.47012 0.82500 -0.91887
v 2.25423 0.82500 -0.59577
v 1.93113 0.82500 -0.37988
v 1.55000 0.82500 -0.30407
v 1.16887 0.82500 -0.37988
v 0.84577 0.82500 -0.59577
v 0.62988 0.82500 -0.91887
v 0.55407 0.82500 -1.30000
v 0.62988 0.82500 -1.68113
v 0.84577 0.82500 -2.00423
v 1.16887 0.82500 -2.22012
v 1.55000 0.82500 -2.29593
v 1.93113 0.82500 -2.22012
v 2.25423 0.82500 -2.00423
v 2.47012 0.82500 -1.68113
v 2.36317 0.58683 -1.30000
v 2.30127 0.58683 -0.98881
v 2.12500 0.58683 -0.72500
v 1.86119 0.58683 -0.54873
v 1.55000 0.58683 -0.48683
v 1.23881 0.58683 -0.54873
v 0.97500 0.58683 -0.72500
v 0.79873 0.58683 -0.98881
v 0.73683 0.58683 -1.30000
v 0.79873 0.58683 -1.61119
v 0.97500 0.58683 -1.87500
v 1.23881 0.58683 -2.05127
v 1.55000 0.58683 -2.11317
v 1.86119 0.58683 -2.05127
v 2.12500 0.58683 -1.87500
v 2.30127 0.58683 -1.61119
v 2.12500 0.40407 -1.30000
v 2.08123 0.40407 -1.07996
v 1.95659 0.40407 -0.89341
v 1.77004 0.40407 -0.76877
v 1.55000 0.40407 -0.72500
v 1.32996 0.40407 -0.76877
v 1.14341 0.40407 -0.89341
v 1.01877 0.40407 -1.07996
v 0.97500 0.40407 -1.30000
v 1.01877 0.40407 -1.52004
v 1.14341 0.40407 -1.70659
v 1.32996 0.40407 -1.83123
v 1.55000 0.40407 -1.87500
v 1.77004 0.40407 -1.83123
v 1.95659 0.40407 -1.70659
v 2.08123 0.40407 -1.52004
v 1.84764 0.28919 -1.30000
v 1.82499 0.28919 -1.18610
v 1.76046 0.28919 -1.08954
v 1.66390 0.28919 -1.02501
v 1.55000 0.28919 -1.00236
v 1.43610 0.28919 -1.02501
v 1.33954 0.28919 -1.08954
v 1.27501 0.28919 -1.18610
v 1.25236 0.28919 -1.30000
v 1.27501 0.28919 -1.41390
v 1.33954 0.28919 -1.51046
v 1.43610 0.28919 -1.57499
v 1.55000 0.28919 -1.59764
v 1.66390 0.28919 -1.57499
v 1.76046 0.28919 -1.51046
v 1.82499 0.28919 -1.41390
v -0.50000 1.83924 1.56229
v -0.69900 1.83244 1.52329
v -0.86770 1.81310 1.41224
v -0.98042 1.78415 1.24604
v -1.02000 1.75000 1.05000
v -0.98042 1.71585 0.85396
v -0.86770 1.68690 0.68776
v -0.69900 1.66756 0.57671
v -0.50000 1.66076 0.53771
v -0.30100 1.66756 0.57671
v -0.13230 1.68690 0.68776
v -0.01958 1.71585 0.85396
v 0.02000 1.75000 1.05000
v -0.01958 1.78415 1.24604
v -0.13230 1.81310 1.41224
v -0.30100 1.83244 1.52329
v -0.50000 1.05909 1.66773
v -0.68751 1.05269 1.63099
v -0.84648 1.03446 1.52634
v -0.95270 1.00718 1.36973
v -0.99000 0.97500 1.18500
v -0.95270 0.94282 1.00027
v -0.84648 0.91554 0.84366
v -0.68751 0.89731 0.73901
v -0.50000 0.89091 0.70227
v -0.31249 0.89731 0.73901
v -0.15352 0.91554 0.84366
v -0.04730 0.94282 1.00027
v -0.01000 0.97500 1.18500
v -0.04730 1.00718 1.36973
v -0.15352 1.03446 1.52634
v -0.31249 1.05269 1.63099
v -0.50000 0.27894 1.77318
v -0.67603 0.27293 1.73868
v -0.82527 0.25582 1.64044
v -0.92498 0.23021 1.49342
v -0.96000 0.20000 1.32000
v -0.92498 0.16979 1.14658
v -0.82527 0.14418 0.99956
v -0.67603 0.12707 0.90132
v -0.50000 0.12106 0.86682
v -0.32397 0.12707 0.90132
v -0.17473 0.14418 0.99956
v -0.07502 0.16979 1.14658
v -0.04000 0.20000 1.32000
v -0.07502 0.23021 1.49342
v -0.17473 0.25582 1.64044
v -0.32397 0.27293 1.73868
v -0.50000 0.20000 1.32000
v -0.50000 1.66076 -0.53771
v -0.69900 1.66756 -0.57671
v -0.86770 1.68690 -0.68776
v -0.98042 1.71585 -0.85396
v -1.02000 1.75000 -1.05000
v -0.98042 1.78415 -1.24604
v -0.86770 1.81310 -1.41224
v -0.69900 1.83244 -1.52329
v -0.50000 1.83924 -1.56229
v -0.30100 1.83244 -1.52329
v -0.13230 1.81310 -1.41224
v -0.01958 1.78415 -1.24604
v 0.02000 1.75000 -1.05000
v -0.01958 1.71585 -0.85396
v -0.13230 1.68690 -0.68776
v -0.30100 1.66756 -0.57671
v -0.50000 0.89091 -0.70227
v -0.68751 0.89731 -0.73901
v -0.84648 0.91554 -0.84366
v -0.95270 0.94282 -1.00027
v -0.99000 0.97500 -1.18500
v -0.95270 1.00718 -1.36973
v -0.84648 1.03446 -1.52634
v -0.68751 1.05269 -1.63099
v -0.50000 1.05909 -1.66773
v -0.31249 1.05269 -1.63099
v -0.15352 1.03446 -1.52634
v -0.04730 1.00718 -1.36973
v -0.01000 0.97500 -1.18500
v -0.04730 0.94282 -1.00027
v -0.15352 0.91554 -0.84366
v -0.31249 0.89731 -0.73901
v -0.50000 0.12106 -0.86682
v -0.67603 0.12707 -0.90132
v -0.82527 0.14418 -0.99956
v -0.92498 0.16979 -1.14658
v -0.96000 0.20000 -1.32000
v -0.92498 0.23021 -1.49342
v -0.82527 0.25582 -1.64044
v -0.67603 0.27293 -1.73868
v -0.50000 0.27894 -1.77318
v -0.32397 0.27293 -1.73868
v -0.17473 0.25582 -1.64044
v -0.07502 0.23021 -1.49342
v -0.04000 0.20000 -1.32000
v -0.07502 0.16979 -1.14658
v -0.17473 0.14418 -0.99956
v -0.32397 0.12707 -0.90132
v -0.50000 0.20000 -1.32000
v 1.55000 1.85311 1.77076
v 1.32804 1.84526 1.72732
v 1.13988 1.82291 1.60359
v 1.01415 1.78946 1.41842
v 0.97000 1.75000 1.20000
v 1.01415 1.71054 0.98158
v 1.13988 1.67709 0.79641
v 1.32804 1.65474 0.67268
v 1.55000 1.64689 0.62924
v 1.77196 1.65474 0.67268
v 1.96012 1.67709 0.79641
v 2.08585 1.71054 0.98158
v 2.13000 1.75000 1.20000
v 2.08585 1.78946 1.41842
v 1.96012 1.82291 1.60359
v 1.77196 1.84526 1.72732
v 1.55000 1.07099 1.87140
v 1.34335 1.06369 1.83095
v 1.16816 1.04288 1.71576
v 1.05111 1.01174 1.54336
v 1.01000 0.97500 1.34000
v 1.05111 0.93826 1.13664
v 1.16816 0.90712 0.96424
v 1.34335 0.88631 0.84905
v 1.55000 0.87901 0.80860
v 1.75665 0.88631 0.84905
v 1.93184 0.90712 0.96424
v 2.04889 0.93826 1.13664
v 2.09000 0.97500 1.34000
v 2.04889 1.01174 1.54336
v 1.93184 1.04288 1.71576
v 1.75665 1.06369 1.83095
v 1.55000 0.28888 1.97204
v 1.35866 0.28212 1.93458
v 1.19645 0.26285 1.82792
v 1.08806 0.23401 1.66829
v 1.05000 0.20000 1.48000
v 1.08806 0.16599 1.29171
v 1.19645 0.13715 1.13208
v 1.35866 0.11788 1.02542
v 1.55000 0.11112 0.98796
v 1.74134 0.11788 1.02542
v 1.90355 0.13715 1.13208
v 2.01194 0.16599 1.29171
v 2.05000 0.20000 1.48000
v 2.01194 0.23401 1.66829
v 1.90355 0.26285 1.82792
v 1.74134 0.28212 1.93458
v 1.55000 0.20000 1.48000
v 1.55000 1.64689 -0.62924
v 1.32804 1.65474 -0.67268
v 1.13988 1.67709 -0.79641
v 1.01415 1.71054 -0.98158
v 0.97000 1.75000 -1.20000
v 1.01415 1.78946 -1.41842
v 1.13988 1.82291 -1.60359
v 1.32804 1.84526 -1.72732
v 1.55000 1.85311 -1.77076
v 1.77196 1.84526 -1.72732
v 1.96012 1.82291 -1.60359
v 2.08585 1.78946 -1.41842
v 2.13000 1.75000 -1.20000
v 2.08585 1.71054 -0.98158
v 1.96012 1.67709 -0.79641
v 1.77196 1.65474 -0.67268
v 1.55000 0.87901 -0.80860
v 1.34335 0.88631 -0.84905
v 1.16816 0.90712 -0.96424
v 1.05111 0.93826 -1.13664
v 1.01000 0.97500 -1.34000
v 1.05111 1.01174 -1.54336
v 1.16816 1.04288 -1.71576
v 1.34335 1.06369 -1.83095
v 1.55000 1.07099 -1.87140
v 1.75665 1.06369 -1.83095
v 1.93184 1.04288 -1.71576
v 2.04889 1.01174 -1.54336
v 2.09000 0.97500 -1.34000
v 2.04889 0.93826 -1.13664
v 1.93184 0.90712 -0.96424
v 1.75665 0.88631 -0.84905
v 1.55000 0.11112 -0.98796
v 1.35866 0.11788 -1.02542
v 1.19645 0.13715 -1.13208
v 1.08806 0.16599 -1.29171
v 1.05000 0.20000 -1.48000
v 1.08806 0.23401 -1.66829
v 1.19645 0.26285 -1.82792
v 1.35866 0.28212 -1.93458
v 1.55000 0.28888 -1.97204
v 1.74134 0.28212 -1.93458
v 1.90355 0.26285 -1.82792
v 2.01194 0.23401 -1.66829
v 2.05000 0.20000 -1.48000
v 2.01194 0.16599 -1.29171
v 1.90355 0.13715 -1.13208
v 1.74134 0.11788 -1.02542
v 1.55000 0.20000 -1.48000
v -0.50000 0.39500 1.32000
v -0.50000 -0.15500 1.32000
v -0.33004 0.38154 1.32000
v -0.34687 0.38154 1.39374
v -0.39403 0.38154 1.45288
v -0.46218 0.38154 1.48570
v -0.53782 0.38154 1.48570
v -0.60597 0.38154 1.45288
v -0.65313 0.38154 1.39374
v -0.66996 0.38154 1.32000
v -0.65313 0.38154 1.24626
v -0.60597 0.38154 1.18712
v -0.53782 0.38154 1.15430
v -0.46218 0.38154 1.15430
v -0.39403 0.38154 1.18712
v -0.34687 0.38154 1.24626
v -0.17672 0.34248 1.32000
v -0.20873 0.34248 1.46027
v -0.29844 0.34248 1.57275
v -0.42806 0.34248 1.63518
v -0.57194 0.34248 1.63518
v -0.70156 0.34248 1.57275
v -0.79127 0.34248 1.46027
v -0.82328 0.34248 1.32000
v -0.79127 0.34248 1.17973
v -0.70156 0.34248 1.06725
v -0.57194 0.34248 1.00482
v -0.42806 0.34248 1.00482
v -0.29844 0.34248 1.06725
v -0.20873 0.34248 1.17973
v -0.05504 0.28164 1.32000
v -0.09911 0.28164 1.51306
v -0.22257 0.28164 1.66788
v -0.40099 0.28164 1.75380
v -0.59901 0.28164 1.75380
v -0.77743 0.28164 1.66788
v -0.90089 0.28164 1.51306
v -0.94496 0.28164 1.32000
v -0.90089 0.28164 1.12694
v -0.77743 0.28164 0.97212
v -0.59901 0.28164 0.88620
v -0.40099 0.28164 0.88620
v -0.22257 0.28164 0.97212
v -0.09911 0.28164 1.12694
v 0.02308 0.20498 1.32000
v -0.02872 0.20498 1.54696
v -0.17386 0.20498 1.72896
v -0.38360 0.20498 1.82997
v -0.61640 0.20498 1.82997
v -0.82614 0.20498 1.72896
v -0.97128 0.20498 1.54696
v -1.02308 0.20498 1.32000
v -0.97128 0.20498 1.09304
v -0.82614 0.20498 0.91104
v -0.61640 0.20498 0.81003
v -0.38360 0.20498 0.81003
v -0.17386 0.20498 0.91104
v -0.02872 0.20498 1.09304
v 0.05000 0.12000 1.32000
v -0.00447 0.12000 1.55864
v -0.15708 0.12000 1.75001
v -0.37761 0.12000 1.85621
v -0.62239 0.12000 1.85621
v -0.84292 0.12000 1.75001
v -0.99553 0.12000 1.55864
v -1.05000 0.12000 1.32000
v -0.99553 0.12000 1.08136
v -0.84292 0.12000 0.88999
v -0.62239 0.12000 0.78379
v -0.37761 0.12000 0.78379
v -0.15708 0.12000 0.88999
v -0.00447 0.12000 1.08136
v 0.02308 0.03502 1.32000
v -0.02872 0.03502 1.54696
v -0.17386 0.03502 1.72896
v -0.38360 0.03502 1.82997
v -0.61640 0.03502 1.82997
v -0.82614 0.03502 1.72896
v -0.97128 0.03502 1.54696
v -1.02308 0.03502 1.32000
v -0.97128 0.03502 1.09304
v -0.82614 0.03502 0.91104
v -0.61640 0.03502 0.81003
v -0.38360 0.03502 0.81003
v -0.17386 0.03502 0.91104
v -0.02872 0.03502 1.09304
v -0.05504 -0.04164 1.32000
v -0.09911 -0.04164 1.51306
v -0.22257 -0.04164 1.66788
v -0.40099 -0.04164 1.75380
v -0.59901 -0.04164 1.75380
v -0.77743 -0.04164 1.66788
v -0.90089 -0.04164 1.51306
v -0.94496 -0.04164 1.32000
v -0.90089 -0.04164 1.12694
v -0.77743 -0.04164 0.97212
v -0.59901 -0.04164 0.88620
v -0.40099 -0.04164 0.88620
v -0.22257 -0.04164 0.97212
v -0.09911 -0.04164 1.12694
v -0.17672 -0.10248 1.32000
v -0.20873 -0.10248 1.46027
v -0.29844 -0.10248 1.57275
v -0.42806 -0.10248 1.63518
v -0.57194 -0.10248 1.63518
v -0.70156 -0.10248 1.57275
v -0.79127 -0.10248 1.46027
v -0.82328 -0.10248 1.32000
v -0.79127 -0.10248 1.17973
v -0.70156 -0.10248 1.06725
v -0.57194 -0.10248 1.00482
v -0.42806 -0.10248 1.00482
v -0.29844 -0.10248 1.06725
v -0.20873 -0.10248 1.17973
v -0.33004 -0.14154 1.32000
v -0.34687 -0.14154 1.39374
v -0.39403 -0.14154 1.45288
v -0.46218 -0.14154 1.48570
v -0.53782 -0.14154 1.48570
v -0.60597 -0.14154 1.45288
v -0.65313 -0.14154 1.39374
v -0.66996 -0.14154 1.32000
v -0.65313 -0.14154 1.24626
v -0.60597 -0.14154 1.18712
v -0.53782 -0.14154 1.15430
v -0.46218 -0.14154 1.15430
v -0.39403 -0.14154 1.18712
v -0.34687 -0.14154 1.24626
v -0.92000 0.21700 1.08000
v -0.92000 -0.01700 1.08000
v -0.86150 0.20132 1.08000
v -0.87863 0.20132 1.12596
v -0.92000 0.20132 1.14500
v -0.96137 0.20132 1.12596
v -0.97850 0.20132 1.08000
v -0.96137 0.20132 1.03404
v -0.92000 0.20132 1.01500
v -0.87863 0.20132 1.03404
v -0.81868 0.15850 1.08000
v -0.84835 0.15850 1.15961
v -0.92000 0.15850 1.19258
v -0.99165 0.15850 1.15961
v -1.02132 0.15850 1.08000
v -0.99165 0.15850 1.00039
v -0.92000 0.15850 0.96742
v -0.84835 0.15850 1.00039
v -0.80300 0.10000 1.08000
v -0.83727 0.10000 1.17192
v -0.92000 0.10000 1.21000
v -1.00273 0.10000 1.17192
v -1.03700 0.10000 1.08000
v -1.00273 0.10000 0.98808
v -0.92000 0.10000 0.95000
v -0.83727 0.10000 0.98808
v -0.81868 0.04150 1.08000
v -0.84835 0.04150 1.15961
v -0.92000 0.04150 1.19258
v -0.99165 0.04150 1.15961
v -1.02132 0.04150 1.08000
v -0.99165 0.04150 1.00039
v -0.92000 0.04150 0.96742
v -0.84835 0.04150 1.00039
v -0.86150 -0.00132 1.08000
v -0.87863 -0.00132 1.12596
v -0.92000 -0.00132 1.14500
v -0.96137 -0.00132 1.12596
v -0.97850 -0.00132 1.08000
v -0.96137 -0.00132 1.03404
v -0.92000 -0.00132 1.01500
v -0.87863 -0.00132 1.03404
v -0.92000 0.21700 1.32000
v -0.92000 -0.01700 1.32000
v -0.86150 0.20132 1.32000
v -0.87863 0.20132 1.36596
v -0.92000 0.20132 1.38500
v -0.96137 0.20132 1.36596
v -0.97850 0.20132 1.32000
v -0.96137 0.20132 1.27404
v -0.92000 0.20132 1.25500
v -0.87863 0.20132 1.27404
v -0.81868 0.15850 1.32000
v -0.84835 0.15850 1.39961
v -0.92000 0.15850 1.43258
v -0.99165 0.15850 1.39961
v -1.02132 0.15850 1.32000
v -0.99165 0.15850 1.24039
v -0.92000 0.15850 1.20742
v -0.84835 0.15850 1.24039
v -0.80300 0.10000 1.32000
v -0.83727 0.10000 1.41192
v -0.92000 0.10000 1.45000
v -1.00273 0.10000 1.41192
v -1.03700 0.10000 1.32000
v -1.00273 0.10000 1.22808
v -0.92000 0.10000 1.19000
v -0.83727 0.10000 1.22808
v -0.81868 0.04150 1.32000
v -0.84835 0.04150 1.39961
v -0.92000 0.04150 1.43258
v -0.99165 0.04150 1.39961
v -1.02132 0.04150 1.32000
v -0.99165 0.04150 1.24039
v -0.92000 0.04150 1.20742
v -0.84835 0.04150 1.24039
v -0.86150 -0.00132 1.32000
v -0.87863 -0.00132 1.36596
v -0.92000 -0.00132 1.38500
v -0.96137 -0.00132 1.36596
v -0.97850 -0.00132 1.32000
v -0.96137 -0.00132 1.27404
v -0.92000 -0.00132 1.25500
v -0.87863 -0.00132 1.27404
v -0.92000 0.21700 1.56000
v -0.92000 -0.01700 1.56000
v -0.86150 0.20132 1.56000
v -0.87863 0.20132 1.60596
v -0.92000 0.20132 1.62500
v -0.96137 0.20132 1.60596
v -0.97850 0.20132 1.56000
v -0.96137 0.20132 1.51404
v -0.92000 0.20132 1.49500
v -0.87863 0.20132 1.51404
v -0.81868 0.15850 1.56000
v -0.84835 0.15850 1.63961
v -0.92000 0.15850 1.67258
v -0.99165 0.15850 1.63961
v -1.02132 0.15850 1.56000
v -0.99165 0.15850 1.48039
v -0.92000 0.15850 1.44742
v -0.84835 0.15850 1.48039
v -0.80300 0.10000 1.56000
v -0.83727 0.10000 1.65192
v -0.92000 0.10000 1.69000
v -1.00273 0.10000 1.65192
v -1.03700 0.10000 1.56000
v -1.00273 0.10000 1.46808
v -0.92000 0.10000 1.43000
v -0.83727 0.10000 1.46808
v -0.81868 0.04150 1.56000
v -0.84835 0.04150 1.63961
v -0.92000 0.04150 1.67258
v -0.99165 0.04150 1.63961
v -1.02132 0.04150 1.56000
v -0.99165 0.04150 1.48039
v -0.92000 0.04150 1.44742
v -0.84835 0.04150 1.48039
v -0.86150 -0.00132 1.56000
v -0.87863 -0.00132 1.60596
v -0.92000 -0.00132 1.62500
v -0.96137 -0.00132 1.60596
v -0.97850 -0.00132 1.56000
v -0.96137 -0.00132 1.51404
v -0.92000 -0.00132 1.49500
v -0.87863 -0.00132 1.51404
v -0.50000 0.39500 -1.32000
v -0.50000 -0.15500 -1.32000
v -0.33004 0.38154 -1.32000
v -0.34687 0.38154 -1.24626
v -0.39403 0.38154 -1.18712
v -0.46218 0.38154 -1.15430
v -0.53782 0.38154 -1.15430
v -0.60597 0.38154 -1.18712
v -0.65313 0.38154 -1.24626
v -0.66996 0.38154 -1.32000
v -0.65313 0.38154 -1.39374
v -0.60597 0.38154 -1.45288
v -0.53782 0.38154 -1.48570
v -0.46218 0.38154 -1.48570
v -0.39403 0.38154 -1.45288
v -0.34687 0.38154 -1.39374
v -0.17672 0.34248 -1.32000
v -0.20873 0.34248 -1.17973
v -0.29844 0.34248 -1.06725
v -0.42806 0.34248 -1.00482
v -0.57194 0.34248 -1.00482
v -0.70156 0.34248 -1.06725
v -0.79127 0.34248 -1.17973
v -0.82328 0.34248 -1.32000
v -0.79127 0.34248 -1.46027
v -0.70156 0.34248 -1.57275
v -0.57194 0.34248 -1.63518
v -0.42806 0.34248 -1.63518
v -0.29844 0.34248 -1.57275
v -0.20873 0.34248 -1.46027
v -0.05504 0.28164 -1.32000
v -0.09911 0.28164 -1.12694
v -0.22257 0.28164 -0.97212
v -0.40099 0.28164 -0.88620
v -0.59901 0.28164 -0.88620
v -0.77743 0.28164 -0.97212
v -0.90089 0.28164 -1.12694
v -0.94496 0.28164 -1.32000
v -0.90089 0.28164 -1.51306
v -0.77743 0.28164 -1.66788
v -0.59901 0.28164 -1.75380
v -0.40099 0.28164 -1.75380
v -0.22257 0.28164 -1.66788
v -0.09911 0.28164 -1.51306
v 0.02308 0.20498 -1.32000
v -0.02872 0.20498 -1.09304
v -0.17386 0.20498 -0.91104
v -0.38360 0.20498 -0.81003
v -0.61640 0.20498 -0.81003
v -0.82614 0.20498 -0.91104
v -0.97128 0.20498 -1.09304
v -1.02308 0.20498 -1.32000
v -0.97128 0.20498 -1.54696
v -0.82614 0.20498 -1.72896
v -0.61640 0.20498 -1.82997
v -0.38360 0.20498 -1.82997
v -0.17386 0.20498 -1.72896
v -0.02872 0.20498 -1.54696
v 0.05000 0.12000 -1.32000
v -0.00447 0.12000 -1.08136
v -0.15708 0.12000 -0.88999
v -0.37761 0.12000 -0.78379
v -0.62239 0.12000 -0.78379
v -0.84292 0.12000 -0.88999
v -0.99553 0.12000 -1.08136
v -1.05000 0.12000 -1.32000
v -0.99553 0.12000 -1.55864
v -0.84292 0.12000 -1.75001
v -0.62239 0.12000 -1.85621
v -0.37761 0.12000 -1.85621
v -0.15708 0.12000 -1.75001
v -0.00447 0.12000 -1.55864
v 0.02308 0.03502 -1.32000
v -0.02872 0.03502 -1.09304
v -0.17386 0.03502 -0.91104
v -0.38360 0.03502 -0.81003
v -0.61640 0.03502 -0.81003
v -0.82614 0.03502 -0.91104
v -0.97128 0.03502 -1.09304
v -1.02308 0.03502 -1.32000
v -0.97128 0.03502 -1.54696
v -0.82614 0.03502 -1.72896
v -0.61640 0.03502 -1.82997
v -0.38360 0.03502 -1.82997
v -0.17386 0.03502 -1.72896
v -0.02872 0.03502 -1.54696
v -0.05504 -0.04164 -1.32000
v -0.09911 -0.04164 -1.12694
v -0.22257 -0.04164 -0.97212
v -0.40099 -0.04164 -0.88620
v -0.59901 -0.04164 -0.88620
v -0.77743 -0.04164 -0.97212
v -0.90089 -0.04164 -1.12694
v -0.94496 -0.04164 -1.32000
v -0.90089 -0.04164 -1.51306
v -0.77743 -0.04164 -1.66788
v -0.59901 -0.04164 -1.75380
v -0.40099 -0.04164 -1.75380
v -0.22257 -0.04164 -1.66788
v -0.09911 -0.04164 -1.51306
v -0.17672 -0.10248 -1.32000
v -0.20873 -0.10248 -1.17973
v -0.29844 -0.10248 -1.06725
v -0.42806 -0.10248 -1.00482
v -0.57194 -0.10248 -1.00482
v -0.70156 -0.10248 -1.06725
v -0.79127 -0.10248 -1.17973
v -0.82328 -0.10248 -1.32000
v -0.79127 -0.10248 -1.46027
v -0.70156 -0.10248 -1.57275
v -0.57194 -0.10248 -1.63518
v -0.42806 -0.10248 -1.63518
v -0.29844 -0.10248 -1.57275
v -0.20873 -0.10248 -1.46027
v -0.33004 -0.14154 -1.32000
v -0.34687 -0.14154 -1.24626
v -0.39403 -0.14154 -1.18712
v -0.46218 -0.14154 -1.15430
v -0.53782 -0.14154 -1.15430
v -0.60597 -0.14154 -1.18712
v -0.65313 -0.14154 -1.24626
v -0.66996 -0.14154 -1.32000
v -0.65313 -0.14154 -1.39374
v -0.60597 -0.14154 -1.45288
v -0.53782 -0.14154 -1.48570
v -0.46218 -0.14154 -1.48570
v -0.39403 -0.14154 -1.45288
v -0.34687 -0.14154 -1.39374
v -0.92000 0.21700 -1.56000
v -0.92000 -0.01700 -1.56000
v -0.86150 0.20132 -1.56000
v -0.87863 0.20132 -1.51404
v -0.92000 0.20132 -1.49500
v -0.96137 0.20132 -1.51404
v -0.97850 0.20132 -1.56000
v -0.96137 0.20132 -1.60596
v -0.92000 0.20132 -1.62500
v -0.87863 0.20132 -1.60596
v -0.81868 0.15850 -1.56000
v -0.84835 0.15850 -1.48039
v -0.92000 0.15850 -1.44742
v -0.99165 0.15850 -1.48039
v -1.02132 0.15850 -1.56000
v -0.99165 0.15850 -1.63961
v -0.92000 0.15850 -1.67258
v -0.84835 0.15850 -1.63961
v -0.80300 0.10000 -1.56000
v -0.83727 0.10000 -1.46808
v -0.92000 0.10000 -1.43000
v -1.00273 0.10000 -1.46808
v -1.03700 0.10000 -1.56000
v -1.00273 0.10000 -1.65192
v -0.92000 0.10000 -1.69000
v -0.83727 0.10000 -1.65192
v -0.81868 0.04150 -1.56000
v -0.84835 0.04150 -1.48039
v -0.92000 0.04150 -1.44742
v -0.99165 0.04150 -1.48039
v -1.02132 0.04150 -1.56000
v -0.99165 0.04150 -1.63961
v -0.92000 0.04150 -1.67258
v -0.84835 0.04150 -1.63961
v -0.86150 -0.00132 -1.56000
v -0.87863 -0.00132 -1.51404
v -0.92000 -0.00132 -1.49500
v -0.96137 -0.00132 -1.51404
v -0.97850 -0.00132 -1.56000
v -0.96137 -0.00132 -1.60596
v -0.92000 -0.00132 -1.62500
v -0.87863 -0.00132 -1.60596
v -0.92000 0.21700 -1.32000
v -0.92000 -0.01700 -1.32000
v -0.86150 0.20132 -1.32000
v -0.87863 0.20132 -1.27404
v -0.92000 0.20132 -1.25500
v -0.96137 0.20132 -1.27404
v -0.97850 0.20132 -1.32000
v -0.96137 0.20132 -1.36596
v -0.92000 0.20132 -1.38500
v -0.87863 0.20132 -1.36596
v -0.81868 0.15850 -1.32000
v -0.84835 0.15850 -1.24039
v -0.92000 0.15850 -1.20742
v -0.99165 0.15850 -1.24039
v -1.02132 0.15850 -1.32000
v -0.99165 0.15850 -1.39961
v -0.92000 0.15850 -1.43258
v -0.84835 0.15850 -1.39961
v -0.80300 0.10000 -1.32000
v -0.83727 0.10000 -1.22808
v -0.92000 0.10000 -1.19000
v -1.00273 0.10000 -1.22808
v -1.03700 0.10000 -1.32000
v -1.00273 0.10000 -1.41192
v -0.92000 0.10000 -1.45000
v -0.83727 0.10000 -1.41192
v -0.81868 0.04150 -1.32000
v -0.84835 0.04150 -1.24039
v -0.92000 0.04150 -1.20742
v -0.99165 0.04150 -1.24039
v -1.02132 0.04150 -1.32000
v -0.99165 0.04150 -1.39961
v -0.92000 0.04150 -1.43258
v -0.84835 0.04150 -1.39961
v -0.86150 -0.00132 -1.32000
v -0.87863 -0.00132 -1.27404
v -0.92000 -0.00132 -1.25500
v -0.96137 -0.00132 -1.27404
v -0.97850 -0.00132 -1.32000
v -0.96137 -0.00132 -1.36596
v -0.92000 -0.00132 -1.38500
v -0.87863 -0.00132 -1.36596
v -0.92000 0.21700 -1.08000
v -0.92000 -0.01700 -1.08000
v -0.86150 0.20132 -1.08000
v -0.87863 0.20132 -1.03404
v -0.92000 0.20132 -1.01500
v -0.96137 0.20132 -1.03404
v -0.97850 0.20132 -1.08000
v -0.96137 0.20132 -1.12596
v -0.92000 0.20132 -1.14500
v -0.87863 0.20132 -1.12596
v -0.81868 0.15850 -1.08000
v -0.84835 0.15850 -1.00039
v -0.92000 0.15850 -0.96742
v -0.99165 0.15850 -1.00039
v -1.02132 0.15850 -1.08000
v -0.99165 0.15850 -1.15961
v -0.92000 0.15850 -1.19258
v -0.84835 0.15850 -1.15961
v -0.80300 0.10000 -1.08000
v -0.83727 0.10000 -0.98808
v -0.92000 0.10000 -0.95000
v -1.00273 0.10000 -0.98808
v -1.03700 0.10000 -1.08000
v -1.00273 0.10000 -1.17192
v -0.92000 0.10000 -1.21000
v -0.83727 0.10000 -1.17192
v -0.81868 0.04150 -1.08000
v -0.84835 0.04150 -1.00039
v -0.92000 0.04150 -0.96742
v -0.99165 0.04150 -1.00039
v -1.02132 0.04150 -1.08000
v -0.99165 0.04150 -1.15961
v -0.92000 0.04150 -1.19258
v -0.84835 0.04150 -1.15961
v -0.86150 -0.00132 -1.08000
v -0.87863 -0.00132 -1.03404
v -0.92000 -0.00132 -1.01500
v -0.96137 -0.00132 -1.03404
v -0.97850 -0.00132 -1.08000
v -0.96137 -0.00132 -1.12596
v -0.92000 -0.00132 -1.14500
v -0.87863 -0.00132 -1.12596
v 1.55000 0.42000 1.48000
v 1.55000 -0.18000 1.48000
v 1.73541 0.40532 1.48000
v 1.71705 0.40532 1.56045
v 1.66560 0.40532 1.62496
v 1.59126 0.40532 1.66076
v 1.50874 0.40532 1.66076
v 1.43440 0.40532 1.62496
v 1.38295 0.40532 1.56045
v 1.36459 0.40532 1.48000
v 1.38295 0.40532 1.39955
v 1.43440 0.40532 1.33504
v 1.50874 0.40532 1.29924
v 1.59126 0.40532 1.29924
v 1.66560 0.40532 1.33504
v 1.71705 0.40532 1.39955
v 1.90267 0.36271 1.48000
v 1.86775 0.36271 1.63302
v 1.76989 0.36271 1.75573
v 1.62848 0.36271 1.82383
v 1.47152 0.36271 1.82383
v 1.33011 0.36271 1.75573
v 1.23225 0.36271 1.63302
v 1.19733 0.36271 1.48000
v 1.23225 0.36271 1.32698
v 1.33011 0.36271 1.20427
v 1.47152 0.36271 1.13617
v 1.62848 0.36271 1.13617
v 1.76989 0.36271 1.20427
v 1.86775 0.36271 1.32698
v 2.03541 0.29634 1.48000
v 1.98734 0.29634 1.69061
v 1.85265 0.29634 1.85951
v 1.65801 0.29634 1.95324
v 1.44199 0.29634 1.95324
v 1.24735 0.29634 1.85951
v 1.11266 0.29634 1.69061
v 1.06459 0.29634 1.48000
v 1.11266 0.29634 1.26939
v 1.24735 0.29634 1.10049
v 1.44199 0.29634 1.00676
v 1.65801 0.29634 1.00676
v 1.85265 0.29634 1.10049
v 1.98734 0.29634 1.26939
v 2.12063 0.21271 1.48000
v 2.06412 0.21271 1.72759
v 1.90578 0.21271 1.92614
v 1.67698 0.21271 2.03633
v 1.42302 0.21271 2.03633
v 1.19422 0.21271 1.92614
v 1.03588 0.21271 1.72759
v 0.97937 0.21271 1.48000
v 1.03588 0.21271 1.23241
v 1.19422 0.21271 1.03386
v 1.42302 0.21271 0.92367
v 1.67698 0.21271 0.92367
v 1.90578 0.21271 1.03386
v 2.06412 0.21271 1.23241
v 2.15000 0.12000 1.48000
v 2.09058 0.12000 1.74033
v 1.92409 0.12000 1.94910
v 1.68351 0.12000 2.06496
v 1.41649 0.12000 2.06496
v 1.17591 0.12000 1.94910
v 1.00942 0.12000 1.74033
v 0.95000 0.12000 1.48000
v 1.00942 0.12000 1.21967
v 1.17591 0.12000 1.01090
v 1.41649 0.12000 0.89504
v 1.68351 0.12000 0.89504
v 1.92409 0.12000 1.01090
v 2.09058 0.12000 1.21967
v 2.12063 0.02729 1.48000
v 2.06412 0.02729 1.72759
v 1.90578 0.02729 1.92614
v 1.67698 0.02729 2.03633
v 1.42302 0.02729 2.03633
v 1.19422 0.02729 1.92614
v 1.03588 0.02729 1.72759
v 0.97937 0.02729 1.48000
v 1.03588 0.02729 1.23241
v 1.19422 0.02729 1.03386
v 1.42302 0.02729 0.92367
v 1.67698 0.02729 0.92367
v 1.90578 0.02729 1.03386
v 2.06412 0.02729 1.23241
v 2.03541 -0.05634 1.48000
v 1.98734 -0.05634 1.69061
v 1.85265 -0.05634 1.85951
v 1.65801 -0.05634 1.95324
v 1.44199 -0.05634 1.95324
v 1.24735 -0.05634 1.85951
v 1.11266 -0.05634 1.69061
v 1.06459 -0.05634 1.48000
v 1.11266 -0.05634 1.26939
v 1.24735 -0.05634 1.10049
v 1.44199 -0.05634 1.00676
v 1.65801 -0.05634 1.00676
v 1.85265 -0.05634 1.10049
v 1.98734 -0.05634 1.26939
v 1.90267 -0.12271 1.48000
v 1.86775 -0.12271 1.63302
v 1.76989 -0.12271 1.75573
v 1.62848 -0.12271 1.82383
v 1.47152 -0.12271 1.82383
v 1.33011 -0.12271 1.75573
v 1.23225 -0.12271 1.63302
v 1.19733 -0.12271 1.48000
v 1.23225 -0.12271 1.32698
v 1.33011 -0.12271 1.20427
v 1.47152 -0.12271 1.13617
v 1.62848 -0.12271 1.13617
v 1.76989 -0.12271 1.20427
v 1.86775 -0.12271 1.32698
v 1.73541 -0.16532 1.48000
v 1.71705 -0.16532 1.56045
v 1.66560 -0.16532 1.62496
v 1.59126 -0.16532 1.66076
v 1.50874 -0.16532 1.66076
v 1.43440 -0.16532 1.62496
v 1.38295 -0.16532 1.56045
v 1.36459 -0.16532 1.48000
v 1.38295 -0.16532 1.39955
v 1.43440 -0.16532 1.33504
v 1.50874 -0.16532 1.29924
v 1.59126 -0.16532 1.29924
v 1.66560 -0.16532 1.33504
v 1.71705 -0.16532 1.39955
v 1.13000 0.21700 1.24000
v 1.13000 -0.01700 1.24000
v 1.18850 0.20132 1.24000
v 1.17137 0.20132 1.28596
v 1.13000 0.20132 1.30500
v 1.08863 0.20132 1.28596
v 1.07150 0.20132 1.24000
v 1.08863 0.20132 1.19404
v 1.13000 0.20132 1.17500
v 1.17137 0.20132 1.19404
v 1.23132 0.15850 1.24000
v 1.20165 0.15850 1.31961
v 1.13000 0.15850 1.35258
v 1.05835 0.15850 1.31961
v 1.02868 0.15850 1.24000
v 1.05835 0.15850 1.16039
v 1.13000 0.15850 1.12742
v 1.20165 0.15850 1.16039
v 1.24700 0.10000 1.24000
v 1.21273 0.10000 1.33192
v 1.13000 0.10000 1.37000
v 1.04727 0.10000 1.33192
v 1.01300 0.10000 1.24000
v 1.04727 0.10000 1.14808
v 1.13000 0.10000 1.11000
v 1.21273 0.10000 1.14808
v 1.23132 0.04150 1.24000
v 1.20165 0.04150 1.31961
v 1.13000 0.04150 1.35258
v 1.05835 0.04150 1.31961
v 1.02868 0.04150 1.24000
v 1.05835 0.04150 1.16039
v 1.13000 0.04150 1.12742
v 1.20165 0.04150 1.16039
v 1.18850 -0.00132 1.24000
v 1.17137 -0.00132 1.28596
v 1.13000 -0.00132 1.30500
v 1.08863 -0.00132 1.28596
v 1.07150 -0.00132 1.24000
v 1.08863 -0.00132 1.19404
v 1.13000 -0.00132 1.17500
v 1.17137 -0.00132 1.19404
v 1.13000 0.21700 1.48000
v 1.13000 -0.01700 1.48000
v 1.18850 0.20132 1.48000
v 1.17137 0.20132 1.52596
v 1.13000 0.20132 1.54500
v 1.08863 0.20132 1.52596
v 1.07150 0.20132 1.48000
v 1.08863 0.20132 1.43404
v 1.13000 0.20132 1.41500
v 1.17137 0.20132 1.43404
v 1.23132 0.15850 1.48000
v 1.20165 0.15850 1.55961
v 1.13000 0.15850 1.59258
v 1.05835 0.15850 1.55961
v 1.02868 0.15850 1.48000
v 1.05835 0.15850 1.40039
v 1.13000 0.15850 1.36742
v 1.20165 0.15850 1.40039
v 1.24700 0.10000 1.48000
v 1.21273 0.10000 1.57192
v 1.13000 0.10000 1.61000
v 1.04727 0.10000 1.57192
v 1.01300 0.10000 1.48000
v 1.04727 0.10000 1.38808
v 1.13000 0.10000 1.35000
v 1.21273 0.10000 1.38808
v 1.23132 0.04150 1.48000
v 1.20165 0.04150 1.55961
v 1.13000 0.04150 1.59258
v 1.05835 0.04150 1.55961
v 1.02868 0.04150 1.48000
v 1.05835 0.04150 1.40039
v 1.13000 0.04150 1.36742
v 1.20165 0.04150 1.40039
v 1.18850 -0.00132 1.48000
v 1.17137 -0.00132 1.52596
v 1.13000 -0.00132 1.54500
v 1.08863 -0.00132 1.52596
v 1.07150 -0.00132 1.48000
v 1.08863 -0.00132 1.43404
v 1.13000 -0.00132 1.41500
v 1.17137 -0.00132 1.43404
v 1.13000 0.21700 1.72000
v 1.13000 -0.01700 1.72000
v 1.18850 0.20132 1.72000
v 1.17137 0.20132 1.76596
v 1.13000 0.20132 1.78500
v 1.08863 0.20132 1.76596
v 1.07150 0.20132 1.72000
v 1.08863 0.20132 1.67404
v 1.13000 0.20132 1.65500
v 1.17137 0.20132 1.67404
v 1.23132 0.15850 1.72000
v 1.20165 0.15850 1.79961
v 1.13000 0.15850 1.83258
v 1.05835 0.15850 1.79961
v 1.02868 0.15850 1.72000
v 1.05835 0.15850 1.64039
v 1.13000 0.15850 1.60742
v 1.20165 0.15850 1.64039
v 1.24700 0.10000 1.72000
v 1.21273 0.10000 1.81192
v 1.13000 0.10000 1.85000
v 1.04727 0.10000 1.81192
v 1.01300 0.10000 1.72000
v 1.04727 0.10000 1.62808
v 1.13000 0.10000 1.59000
v 1.21273 0.10000 1.62808
v 1.23132 0.04150 1.72000
v 1.20165 0.04150 1.79961
v 1.13000 0.04150 1.83258
v 1.05835 0.04150 1.79961
v 1.02868 0.04150 1.72000
v 1.05835 0.04150 1.64039
v 1.13000 0.04150 1.60742
v 1.20165 0.04150 1.64039
v 1.18850 -0.00132 1.72000
v 1.17137 -0.00132 1.76596
v 1.13000 -0.00132 1.78500
v 1.08863 -0.00132 1.76596
v 1.07150 -0.00132 1.72000
v 1.08863 -0.00132 1.67404
v 1.13000 -0.00132 1.65500
v 1.17137 -0.00132 1.67404
v 1.55000 0.42000 -1.48000
v 1.55000 -0.18000 -1.48000
v 1.73541 0.40532 -1.48000
v 1.71705 0.40532 -1.39955
v 1.66560 0.40532 -1.33504
v 1.59126 0.40532 -1.29924
v 1.50874 0.40532 -1.29924
v 1.43440 0.40532 -1.33504
v 1.38295 0.40532 -1.39955
v 1.36459 0.40532 -1.48000
v 1.38295 0.40532 -1.56045
v 1.43440 0.40532 -1.62496
v 1.50874 0.40532 -1.66076
v 1.59126 0.40532 -1.66076
v 1.66560 0.40532 -1.62496
v 1.71705 0.40532 -1.56045
v 1.90267 0.36271 -1.48000
v 1.86775 0.36271 -1.32698
v 1.76989 0.36271 -1.20427
v 1.62848 0.36271 -1.13617
v 1.47152 0.36271 -1.13617
v 1.33011 0.36271 -1.20427
v 1.23225 0.36271 -1.32698
v 1.19733 0.36271 -1.48000
v 1.23225 0.36271 -1.63302
v 1.33011 0.36271 -1.75573
v 1.47152 0.36271 -1.82383
v 1.62848 0.36271 -1.82383
v 1.76989 0.36271 -1.75573
v 1.86775 0.36271 -1.63302
v 2.03541 0.29634 -1.48000
v 1.98734 0.29634 -1.26939
v 1.85265 0.29634 -1.10049
v 1.65801 0.29634 -1.00676
v 1.44199 0.29634 -1.00676
v 1.24735 0.29634 -1.10049
v 1.11266 0.29634 -1.26939
v 1.06459 0.29634 -1.48000
v 1.11266 0.29634 -1.69061
v 1.24735 0.29634 -1.85951
v 1.44199 0.29634 -1.95324
v 1.65801 0.29634 -1.95324
v 1.85265 0.29634 -1.85951
v 1.98734 0.29634 -1.69061
v 2.12063 0.21271 -1.48000
v 2.06412 0.21271 -1.23241
v 1.90578 0.21271 -1.03386
v 1.67698 0.21271 -0.92367
v 1.42302 0.21271 -0.92367
v 1.19422 0.21271 -1.03386
v 1.03588 0.21271 -1.23241
v 0.97937 0.21271 -1.48000
v 1.03588 0.21271 -1.72759
v 1.19422 0.21271 -1.92614
v 1.42302 0.21271 -2.03633
v 1.67698 0.21271 -2.03633
v 1.90578 0.21271 -1.92614
v 2.06412 0.21271 -1.72759
v 2.15000 0.12000 -1.48000
v 2.09058 0.12000 -1.21967
v 1.92409 0.12000 -1.01090
v 1.68351 0.12000 -0.89504
v 1.41649 0.12000 -0.89504
v 1.17591 0.12000 -1.01090
v 1.00942 0.12000 -1.21967
v 0.95000 0.12000 -1.48000
v 1.00942 0.12000 -1.74033
v 1.17591 0.12000 -1.94910
v 1.41649 0.12000 -2.06496
v 1.68351 0.12000 -2.06496
v 1.92409 0.12000 -1.94910
v 2.09058 0.12000 -1.74033
v 2.12063 0.02729 -1.48000
v 2.06412 0.02729 -1.23241
v 1.90578 0.02729 -1.03386
v 1.67698 0.02729 -0.92367
v 1.42302 0.02729 -0.92367
v 1.19422 0.02729 -1.03386
v 1.03588 0.02729 -1.23241
v 0.97937 0.02729 -1.48000
v 1.03588 0.02729 -1.72759
v 1.19422 0.02729 -1.92614
v 1.42302 0.02729 -2.03633
v 1.67698 0.02729 -2.03633
v 1.90578 0.02729 -1.92614
v 2.06412 0.02729 -1.72759
v 2.03541 -0.05634 -1.48000
v 1.98734 -0.05634 -1.26939
v 1.85265 -0.05634 -1.10049
v 1.65801 -0.05634 -1.00676
v 1.44199 -0.05634 -1.00676
v 1.24735 -0.05634 -1.10049
v 1.11266 -0.05634 -1.26939
v 1.06459 -0.05634 -1.48000
v 1.11266 -0.05634 -1.69061
v 1.24735 -0.05634 -1.85951
v 1.44199 -0.05634 -1.95324
v 1.65801 -0.05634 -1.95324
v 1.85265 -0.05634 -1.85951
v 1.98734 -0.05634 -1.69061
v 1.90267 -0.12271 -1.48000
v 1.86775 -0.12271 -1.32698
v 1.76989 -0.12271 -1.20427
v 1.62848 -0.12271 -1.13617
v 1.47152 -0.12271 -1.13617
v 1.33011 -0.12271 -1.20427
v 1.23225 -0.12271 -1.32698
v 1.19733 -0.12271 -1.48000
v 1.23225 -0.12271 -1.63302
v 1.33011 -0.12271 -1.75573
v 1.47152 -0.12271 -1.82383
v 1.62848 -0.12271 -1.82383
v 1.76989 -0.12271 -1.75573
v 1.86775 -0.12271 -1.63302
v 1.73541 -0.16532 -1.48000
v 1.71705 -0.16532 -1.39955
v 1.66560 -0.16532 -1.33504
v 1.59126 -0.16532 -1.29924
v 1.50874 -0.16532 -1.29924
v 1.43440 -0.16532 -1.33504
v 1.38295 -0.16532 -1.39955
v 1.36459 -0.16532 -1.48000
v 1.38295 -0.16532 -1.56045
v 1.43440 -0.16532 -1.62496
v 1.50874 -0.16532 -1.66076
v 1.59126 -0.16532 -1.66076
v 1.66560 -0.16532 -1.62496
v 1.71705 -0.16532 -1.56045
v 1.13000 0.21700 -1.72000
v 1.13000 -0.01700 -1.72000
v 1.18850 0.20132 -1.72000
v 1.17137 0.20132 -1.67404
v 1.13000 0.20132 -1.65500
v 1.08863 0.20132 -1.67404
v 1.07150 0.20132 -1.72000
v 1.08863 0.20132 -1.76596
v 1.13000 0.20132 -1.78500
v 1.17137 0.20132 -1.76596
v 1.23132 0.15850 -1.72000
v 1.20165 0.15850 -1.64039
v 1.13000 0.15850 -1.60742
v 1.05835 0.15850 -1.64039
v 1.02868 0.15850 -1.72000
v 1.05835 0.15850 -1.79961
v 1.13000 0.15850 -1.83258
v 1.20165 0.15850 -1.79961
v 1.24700 0.10000 -1.72000
v 1.21273 0.10000 -1.62808
v 1.13000 0.10000 -1.59000
v 1.04727 0.10000 -1.62808
v 1.01300 0.10000 -1.72000
v 1.04727 0.10000 -1.81192
v 1.13000 0.10000 -1.85000
v 1.21273 0.10000 -1.81192
v 1.23132 0.04150 -1.72000
v 1.20165 0.04150 -1.64039
v 1.13000 0.04150 -1.60742
v 1.05835 0.04150 -1.64039
v 1.02868 0.04150 -1.72000
v 1.05835 0.04150 -1.79961
v 1.13000 0.04150 -1.83258
v 1.20165 0.04150 -1.79961
v 1.18850 -0.00132 -1.72000
v 1.17137 -0.00132 -1.67404
v 1.13000 -0.00132 -1.65500
v 1.08863 -0.00132 -1.67404
v 1.07150 -0.00132 -1.72000
v 1.08863 -0.00132 -1.76596
v 1.13000 -0.00132 -1.78500
v 1.17137 -0.00132 -1.76596
v 1.13000 0.21700 -1.48000
v 1.13000 -0.01700 -1.48000
v 1.18850 0.20132 -1.48000
v 1.17137 0.20132 -1.43404
v 1.13000 0.20132 -1.41500
v 1.08863 0.20132 -1.43404
v 1.07150 0.20132 -1.48000
v 1.08863 0.20132 -1.52596
v 1.13000 0.20132 -1.54500
v 1.17137 0.20132 -1.52596
v 1.23132 0.15850 -1.48000
v 1.20165 0.15850 -1.40039
v 1.13000 0.15850 -1.36742
v 1.05835 0.15850 -1.40039
v 1.02868 0.15850 -1.48000
v 1.05835 0.15850 -1.55961
v 1.13000 0.15850 -1.59258
v 1.20165 0.15850 -1.55961
v 1.24700 0.10000 -1.48000
v 1.21273 0.10000 -1.38808
v 1.13000 0.10000 -1.35000
v 1.04727 0.10000 -1.38808
v 1.01300 0.10000 -1.48000
v 1.04727 0.10000 -1.57192
v 1.13000 0.10000 -1.61000
v 1.21273 0.10000 -1.57192
v 1.23132 0.04150 -1.48000
v 1.20165 0.04150 -1.40039
v 1.13000 0.04150 -1.36742
v 1.05835 0.04150 -1.40039
v 1.02868 0.04150 -1.48000
v 1.05835 0.04150 -1.55961
v 1.13000 0.04150 -1.59258
v 1.20165 0.04150 -1.55961
v 1.18850 -0.00132 -1.48000
v 1.17137 -0.00132 -1.43404
v 1.13000 -0.00132 -1.41500
v 1.08863 -0.00132 -1.43404
v 1.07150 -0.00132 -1.48000
v 1.08863 -0.00132 -1.52596
v 1.13000 -0.00132 -1.54500
v 1.17137 -0.00132 -1.52596
v 1.13000 0.21700 -1.24000
v 1.13000 -0.01700 -1.24000
v 1.18850 0.20132 -1.24000
v 1.17137 0.20132 -1.19404
v 1.13000 0.20132 -1.17500
v 1.08863 0.20132 -1.19404
v 1.07150 0.20132 -1.24000
v 1.08863 0.20132 -1.28596
v 1.13000 0.20132 -1.30500
v 1.17137 0.20132 -1.28596
v 1.23132 0.15850 -1.24000
v 1.20165 0.15850 -1.16039
v 1.13000 0.15850 -1.12742
v 1.05835 0.15850 -1.16039
v 1.02868 0.15850 -1.24000
v 1.05835 0.15850 -1.31961
v 1.13000 0.15850 -1.35258
v 1.20165 0.15850 -1.31961
v 1.24700 0.10000 -1.24000
v 1.21273 0.10000 -1.14808
v 1.13000 0.10000 -1.11000
v 1.04727 0.10000 -1.14808
v 1.01300 0.10000 -1.24000
v 1.04727 0.10000 -1.33192
v 1.13000 0.10000 -1.37000
v 1.21273 0.10000 -1.33192
v 1.23132 0.04150 -1.24000
v 1.20165 0.04150 -1.16039
v 1.13000 0.04150 -1.12742
v 1.05835 0.04150 -1.16039
v 1.02868 0.04150 -1.24000
v 1.05835 0.04150 -1.31961
v 1.13000 0.04150 -1.35258
v 1.20165 0.04150 -1.31961
v 1.18850 -0.00132 -1.24000
v 1.17137 -0.00132 -1.19404
v 1.13000 -0.00132 -1.17500
v 1.08863 -0.00132 -1.19404
v 1.07150 -0.00132 -1.24000
v 1.08863 -0.00132 -1.28596
v 1.13000 -0.00132 -1.30500
v 1.17137 -0.00132 -1.28596
v -3.16000 7.52000 0.55000
v -3.16000 6.84000 0.55000
v -3.07200 7.50841 0.55000
v -3.08072 7.50841 0.58818
v -3.10513 7.50841 0.61880
v -3.14042 7.50841 0.63579
v -3.17958 7.50841 0.63579
v -3.21487 7.50841 0.61880
v -3.23928 7.50841 0.58818
v -3.24800 7.50841 0.55000
v -3.23928 7.50841 0.51182
v -3.21487 7.50841 0.48120
v -3.17958 7.50841 0.46421
v -3.14042 7.50841 0.46421
v -3.10513 7.50841 0.48120
v -3.08072 7.50841 0.51182
v -2.99000 7.47445 0.55000
v -3.00684 7.47445 0.62376
v -3.05401 7.47445 0.68291
v -3.12217 7.47445 0.71574
v -3.19783 7.47445 0.71574
v -3.26599 7.47445 0.68291
v -3.31316 7.47445 0.62376
v -3.33000 7.47445 0.55000
v -3.31316 7.47445 0.47624
v -3.26599 7.47445 0.41709
v -3.19783 7.47445 0.38426
v -3.12217 7.47445 0.38426
v -3.05401 7.47445 0.41709
v -3.00684 7.47445 0.47624
v -2.91958 7.42042 0.55000
v -2.94339 7.42042 0.65431
v -3.01010 7.42042 0.73797
v -3.10650 7.42042 0.78439
v -3.21350 7.42042 0.78439
v -3.30990 7.42042 0.73797
v -3.37661 7.42042 0.65431
v -3.40042 7.42042 0.55000
v -3.37661 7.42042 0.44569
v -3.30990 7.42042 0.36203
v -3.21350 7.42042 0.31561
v -3.10650 7.42042 0.31561
v -3.01010 7.42042 0.36203
v -2.94339 7.42042 0.44569
v -2.86555 7.35000 0.55000
v -2.89471 7.35000 0.67776
v -2.97641 7.35000 0.78021
v -3.09448 7.35000 0.83707
v -3.22552 7.35000 0.83707
v -3.34359 7.35000 0.78021
v -3.42529 7.35000 0.67776
v -3.45445 7.35000 0.55000
v -3.42529 7.35000 0.42224
v -3.34359 7.35000 0.31979
v -3.22552 7.35000 0.26293
v -3.09448 7.35000 0.26293
v -2.97641 7.35000 0.31979
v -2.89471 7.35000 0.42224
v -2.83159 7.26800 0.55000
v -2.86411 7.26800 0.69249
v -2.95524 7.26800 0.80677
v -3.08692 7.26800 0.87018
v -3.23308 7.26800 0.87018
v -3.36476 7.26800 0.80677
v -3.45589 7.26800 0.69249
v -3.48841 7.26800 0.55000
v -3.45589 7.26800 0.40751
v -3.36476 7.26800 0.29323
v -3.23308 7.26800 0.22982
v -3.08692 7.26800 0.22982
v -2.95524 7.26800 0.29323
v -2.86411 7.26800 0.40751
v -2.82000 7.18000 0.55000
v -2.85367 7.18000 0.69752
v -2.94801 7.18000 0.81582
v -3.08434 7.18000 0.88148
v -3.23566 7.18000 0.88148
v -3.37199 7.18000 0.81582
v -3.46633 7.18000 0.69752
v -3.50000 7.18000 0.55000
v -3.46633 7.18000 0.40248
v -3.37199 7.18000 0.28418
v -3.23566 7.18000 0.21852
v -3.08434 7.18000 0.21852
v -2.94801 7.18000 0.28418
v -2.85367 7.18000 0.40248
v -2.83159 7.09200 0.55000
v -2.86411 7.09200 0.69249
v -2.95524 7.09200 0.80677
v -3.08692 7.09200 0.87018
v -3.23308 7.09200 0.87018
v -3.36476 7.09200 0.80677
v -3.45589 7.09200 0.69249
v -3.48841 7.09200 0.55000
v -3.45589 7.09200 0.40751
v -3.36476 7.09200 0.29323
v -3.23308 7.09200 0.22982
v -3.08692 7.09200 0.22982
v -2.95524 7.09200 0.29323
v -2.86411 7.09200 0.40751
v -2.86555 7.01000 0.55000
v -2.89471 7.01000 0.67776
v -2.97641 7.01000 0.78021
v -3.09448 7.01000 0.83707
v -3.22552 7.01000 0.83707
v -3.34359 7.01000 0.78021
v -3.42529 7.01000 0.67776
v -3.45445 7.01000 0.55000
v -3.42529 7.01000 0.42224
v -3.34359 7.01000 0.31979
v -3.22552 7.01000 0.26293
v -3.09448 7.01000 0.26293
v -2.97641 7.01000 0.31979
v -2.89471 7.01000 0.42224
v -2.91958 6.93958 0.55000
v -2.94339 6.93958 0.65431
v -3.01010 6.93958 0.73797
v -3.10650 6.93958 0.78439
v -3.21350 6.93958 0.78439
v -3.30990 6.93958 0.73797
v -3.37661 6.93958 0.65431
v -3.40042 6.93958 0.55000
v -3.37661 6.93958 0.44569
v -3.30990 6.93958 0.36203
v -3.21350 6.93958 0.31561
v -3.10650 6.93958 0.31561
v -3.01010 6.93958 0.36203
v -2.94339 6.93958 0.44569
v -2.99000 6.88555 0.55000
v -3.00684 6.88555 0.62376
v -3.05401 6.88555 0.68291
v -3.12217 6.88555 0.71574
v -3.19783 6.88555 0.71574
v -3.26599 6.88555 0.68291
v -3.31316 6.88555 0.62376
v -3.33000 6.88555 0.55000
v -3.31316 6.88555 0.47624
v -3.26599 6.88555 0.41709
v -3.19783 6.88555 0.38426
v -3.12217 6.88555 0.38426
v -3.05401 6.88555 0.41709
v -3.00684 6.88555 0.47624
v -3.07200 6.85159 0.55000
v -3.08072 6.85159 0.58818
v -3.10513 6.85159 0.61880
v -3.14042 6.85159 0.63579
v -3.17958 6.85159 0.63579
v -3.21487 6.85159 0.61880
v -3.23928 6.85159 0.58818
v -3.24800 6.85159 0.55000
v -3.23928 6.85159 0.51182
v -3.21487 6.85159 0.48120
v -3.17958 6.85159 0.46421
v -3.14042 6.85159 0.46421
v -3.10513 6.85159 0.48120
v -3.08072 6.85159 0.51182
v -3.34000 7.38000 0.65000
v -3.34000 7.02000 0.65000
v -3.28438 7.37119 0.65000
v -3.29183 7.37119 0.67781
v -3.31219 7.37119 0.69817
v -3.34000 7.37119 0.70562
v -3.36781 7.37119 0.69817
v -3.38817 7.37119 0.67781
v -3.39562 7.37119 0.65000
v -3.38817 7.37119 0.62219
v -3.36781 7.37119 0.60183
v -3.34000 7.37119 0.59438
v -3.31219 7.37119 0.60183
v -3.29183 7.37119 0.62219
v -3.23420 7.34562 0.65000
v -3.24837 7.34562 0.70290
v -3.28710 7.34562 0.74163
v -3.34000 7.34562 0.75580
v -3.39290 7.34562 0.74163
v -3.43163 7.34562 0.70290
v -3.44580 7.34562 0.65000
v -3.43163 7.34562 0.59710
v -3.39290 7.34562 0.55837
v -3.34000 7.34562 0.54420
v -3.28710 7.34562 0.55837
v -3.24837 7.34562 0.59710
v -3.19438 7.30580 0.65000
v -3.21389 7.30580 0.72281
v -3.26719 7.30580 0.77611
v -3.34000 7.30580 0.79562
v -3.41281 7.30580 0.77611
v -3.46611 7.30580 0.72281
v -3.48562 7.30580 0.65000
v -3.46611 7.30580 0.57719
v -3.41281 7.30580 0.52389
v -3.34000 7.30580 0.50438
v -3.26719 7.30580 0.52389
v -3.21389 7.30580 0.57719
v -3.16881 7.25562 0.65000
v -3.19174 7.25562 0.73560
v -3.25440 7.25562 0.79826
v -3.34000 7.25562 0.82119
v -3.42560 7.25562 0.79826
v -3.48826 7.25562 0.73560
v -3.51119 7.25562 0.65000
v -3.48826 7.25562 0.56440
v -3.42560 7.25562 0.50174
v -3.34000 7.25562 0.47881
v -3.25440 7.25562 0.50174
v -3.19174 7.25562 0.56440
v -3.16000 7.20000 0.65000
v -3.18412 7.20000 0.74000
v -3.25000 7.20000 0.80588
v -3.34000 7.20000 0.83000
v -3.43000 7.20000 0.80588
v -3.49588 7.20000 0.74000
v -3.52000 7.20000 0.65000
v -3.49588 7.20000 0.56000
v -3.43000 7.20000 0.49412
v -3.34000 7.20000 0.47000
v -3.25000 7.20000 0.49412
v -3.18412 7.20000 0.56000
v -3.16881 7.14438 0.65000
v -3.19174 7.14438 0.73560
v -3.25440 7.14438 0.79826
v -3.34000 7.14438 0.82119
v -3.42560 7.14438 0.79826
v -3.48826 7.14438 0.73560
v -3.51119 7.14438 0.65000
v -3.48826 7.14438 0.56440
v -3.42560 7.14438 0.50174
v -3.34000 7.14438 0.47881
v -3.25440 7.14438 0.50174
v -3.19174 7.14438 0.56440
v -3.19438 7.09420 0.65000
v -3.21389 7.09420 0.72281
v -3.26719 7.09420 0.77611
v -3.34000 7.09420 0.79562
v -3.41281 7.09420 0.77611
v -3.46611 7.09420 0.72281
v -3.48562 7.09420 0.65000
v -3.46611 7.09420 0.57719
v -3.41281 7.09420 0.52389
v -3.34000 7.09420 0.50438
v -3.26719 7.09420 0.52389
v -3.21389 7.09420 0.57719
v -3.23420 7.05438 0.65000
v -3.24837 7.05438 0.70290
v -3.28710 7.05438 0.74163
v -3.34000 7.05438 0.75580
v -3.39290 7.05438 0.74163
v -3.43163 7.05438 0.70290
v -3.44580 7.05438 0.65000
v -3.43163 7.05438 0.59710
v -3.39290 7.05438 0.55837
v -3.34000 7.05438 0.54420
v -3.28710 7.05438 0.55837
v -3.24837 7.05438 0.59710
v -3.28438 7.02881 0.65000
v -3.29183 7.02881 0.67781
v -3.31219 7.02881 0.69817
v -3.34000 7.02881 0.70562
v -3.36781 7.02881 0.69817
v -3.38817 7.02881 0.67781
v -3.39562 7.02881 0.65000
v -3.38817 7.02881 0.62219
v -3.36781 7.02881 0.60183
v -3.34000 7.02881 0.59438
v -3.31219 7.02881 0.60183
v -3.29183 7.02881 0.62219
v -3.45000 7.33500 0.69000
v -3.45000 7.22500 0.69000
v -3.42250 7.32763 0.69000
v -3.43055 7.32763 0.70945
v -3.45000 7.32763 0.71750
v -3.46945 7.32763 0.70945
v -3.47750 7.32763 0.69000
v -3.46945 7.32763 0.67055
v -3.45000 7.32763 0.66250
v -3.43055 7.32763 0.67055
v -3.40237 7.30750 0.69000
v -3.41632 7.30750 0.72368
v -3.45000 7.30750 0.73763
v -3.48368 7.30750 0.72368
v -3.49763 7.30750 0.69000
v -3.48368 7.30750 0.65632
v -3.45000 7.30750 0.64237
v -3.41632 7.30750 0.65632
v -3.39500 7.28000 0.69000
v -3.41111 7.28000 0.72889
v -3.45000 7.28000 0.74500
v -3.48889 7.28000 0.72889
v -3.50500 7.28000 0.69000
v -3.48889 7.28000 0.65111
v -3.45000 7.28000 0.63500
v -3.41111 7.28000 0.65111
v -3.40237 7.25250 0.69000
v -3.41632 7.25250 0.72368
v -3.45000 7.25250 0.73763
v -3.48368 7.25250 0.72368
v -3.49763 7.25250 0.69000
v -3.48368 7.25250 0.65632
v -3.45000 7.25250 0.64237
v -3.41632 7.25250 0.65632
v -3.42250 7.23237 0.69000
v -3.43055 7.23237 0.70945
v -3.45000 7.23237 0.71750
v -3.46945 7.23237 0.70945
v -3.47750 7.23237 0.69000
v -3.46945 7.23237 0.67055
v -3.45000 7.23237 0.66250
v -3.43055 7.23237 0.67055
v -3.16000 7.52000 -0.55000
v -3.16000 6.84000 -0.55000
v -3.07200 7.50841 -0.55000
v -3.08072 7.50841 -0.51182
v -3.10513 7.50841 -0.48120
v -3.14042 7.50841 -0.46421
v -3.17958 7.50841 -0.46421
v -3.21487 7.50841 -0.48120
v -3.23928 7.50841 -0.51182
v -3.24800 7.50841 -0.55000
v -3.23928 7.50841 -0.58818
v -3.21487 7.50841 -0.61880
v -3.17958 7.50841 -0.63579
v -3.14042 7.50841 -0.63579
v -3.10513 7.50841 -0.61880
v -3.08072 7.50841 -0.58818
v -2.99000 7.47445 -0.55000
v -3.00684 7.47445 -0.47624
v -3.05401 7.47445 -0.41709
v -3.12217 7.47445 -0.38426
v -3.19783 7.47445 -0.38426
v -3.26599 7.47445 -0.41709
v -3.31316 7.47445 -0.47624
v -3.33000 7.47445 -0.55000
v -3.31316 7.47445 -0.62376
v -3.26599 7.47445 -0.68291
v -3.19783 7.47445 -0.71574
v -3.12217 7.47445 -0.71574
v -3.05401 7.47445 -0.68291
v -3.00684 7.47445 -0.62376
v -2.91958 7.42042 -0.55000
v -2.94339 7.42042 -0.44569
v -3.01010 7.42042 -0.36203
v -3.10650 7.42042 -0.31561
v -3.21350 7.42042 -0.31561
v -3.30990 7.42042 -0.36203
v -3.37661 7.42042 -0.44569
v -3.40042 7.42042 -0.55000
v -3.37661 7.42042 -0.65431
v -3.30990 7.42042 -0.73797
v -3.21350 7.42042 -0.78439
v -3.10650 7.42042 -0.78439
v -3.01010 7.42042 -0.73797
v -2.94339 7.42042 -0.65431
v -2.86555 7.35000 -0.55000
v -2.89471 7.35000 -0.42224
v -2.97641 7.35000 -0.31979
v -3.09448 7.35000 -0.26293
v -3.22552 7.35000 -0.26293
v -3.34359 7.35000 -0.31979
v -3.42529 7.35000 -0.42224
v -3.45445 7.35000 -0.55000
v -3.42529 7.35000 -0.67776
v -3.34359 7.35000 -0.78021
v -3.22552 7.35000 -0.83707
v -3.09448 7.35000 -0.83707
v -2.97641 7.35000 -0.78021
v -2.89471 7.35000 -0.67776
v -2.83159 7.26800 -0.55000
v -2.86411 7.26800 -0.40751
v -2.95524 7.26800 -0.29323
v -3.08692 7.26800 -0.22982
v -3.23308 7.26800 -0.22982
v -3.36476 7.26800 -0.29323
v -3.45589 7.26800 -0.40751
v -3.48841 7.26800 -0.55000
v -3.45589 7.26800 -0.69249
v -3.36476 7.26800 -0.80677
v -3.23308 7.26800 -0.87018
v -3.08692 7.26800 -0.87018
v -2.95524 7.26800 -0.80677
v -2.86411 7.26800 -0.69249
v -2.82000 7.18000 -0.55000
v -2.85367 7.18000 -0.40248
v -2.94801 7.18000 -0.28418
v -3.08434 7.18000 -0.21852
v -3.23566 7.18000 -0.21852
v -3.37199 7.18000 -0.28418
v -3.46633 7.18000 -0.40248
v -3.50000 7.18000 -0.55000
v -3.46633 7.18000 -0.69752
v -3.37199 7.18000 -0.81582
v -3.23566 7.18000 -0.88148
v -3.08434 7.18000 -0.88148
v -2.94801 7.18000 -0.81582
v -2.85367 7.18000 -0.69752
v -2.83159 7.09200 -0.55000
v -2.86411 7.09200 -0.40751
v -2.95524 7.09200 -0.29323
v -3.08692 7.09200 -0.22982
v -3.23308 7.09200 -0.22982
v -3.36476 7.09200 -0.29323
v -3.45589 7.09200 -0.40751
v -3.48841 7.09200 -0.55000
v -3.45589 7.09200 -0.69249
v -3.36476 7.09200 -0.80677
v -3.23308 7.09200 -0.87018
v -3.08692 7.09200 -0.87018
v -2.95524 7.09200 -0.80677
v -2.86411 7.09200 -0.69249
v -2.86555 7.01000 -0.55000
v -2.89471 7.01000 -0.42224
v -2.97641 7.01000 -0.31979
v -3.09448 7.01000 -0.26293
v -3.22552 7.01000 -0.26293
v -3.34359 7.01000 -0.31979
v -3.42529 7.01000 -0.42224
v -3.45445 7.01000 -0.55000
v -3.42529 7.01000 -0.67776
v -3.34359 7.01000 -0.78021
v -3.22552 7.01000 -0.83707
v -3.09448 7.01000 -0.83707
v -2.97641 7.01000 -0.78021
v -2.89471 7.01000 -0.67776
v -2.91958 6.93958 -0.55000
v -2.94339 6.93958 -0.44569
v -3.01010 6.93958 -0.36203
v -3.10650 6.93958 -0.31561
v -3.21350 6.93958 -0.31561
v -3.30990 6.93958 -0.36203
v -3.37661 6.93958 -0.44569
v -3.40042 6.93958 -0.55000
v -3.37661 6.93958 -0.65431
v -3.30990 6.93958 -0.73797
v -3.21350 6.93958 -0.78439
v -3.10650 6.93958 -0.78439
v -3.01010 6.93958 -0.73797
v -2.94339 6.93958 -0.65431
v -2.99000 6.88555 -0.55000
v -3.00684 6.88555 -0.47624
v -3.05401 6.88555 -0.41709
v -3.12217 6.88555 -0.38426
v -3.19783 6.88555 -0.38426
v -3.26599 6.88555 -0.41709
v -3.31316 6.88555 -0.47624
v -3.33000 6.88555 -0.55000
v -3.31316 6.88555 -0.62376
v -3.26599 6.88555 -0.68291
v -3.19783 6.88555 -0.71574
v -3.12217 6.88555 -0.71574
v -3.05401 6.88555 -0.68291
v -3.00684 6.88555 -0.62376
v -3.07200 6.85159 -0.55000
v -3.08072 6.85159 -0.51182
v -3.10513 6.85159 -0.48120
v -3.14042 6.85159 -0.46421
v -3.17958 6.85159 -0.46421
v -3.21487 6.85159 -0.48120
v -3.23928 6.85159 -0.51182
v -3.24800 6.85159 -0.55000
v -3.23928 6.85159 -0.58818
v -3.21487 6.85159 -0.61880
v -3.17958 6.85159 -0.63579
v -3.14042 6.85159 -0.63579
v -3.10513 6.85159 -0.61880
v -3.08072 6.85159 -0.58818
v -3.34000 7.38000 -0.65000
v -3.34000 7.02000 -0.65000
v -3.28438 7.37119 -0.65000
v -3.29183 7.37119 -0.62219
v -3.31219 7.37119 -0.60183
v -3.34000 7.37119 -0.59438
v -3.36781 7.37119 -0.60183
v -3.38817 7.37119 -0.62219
v -3.39562 7.37119 -0.65000
v -3.38817 7.37119 -0.67781
v -3.36781 7.37119 -0.69817
v -3.34000 7.37119 -0.70562
v -3.31219 7.37119 -0.69817
v -3.29183 7.37119 -0.67781
v -3.23420 7.34562 -0.65000
v -3.24837 7.34562 -0.59710
v -3.28710 7.34562 -0.55837
v -3.34000 7.34562 -0.54420
v -3.39290 7.34562 -0.55837
v -3.43163 7.34562 -0.59710
v -3.44580 7.34562 -0.65000
v -3.43163 7.34562 -0.70290
v -3.39290 7.34562 -0.74163
v -3.34000 7.34562 -0.75580
v -3.28710 7.34562 -0.74163
v -3.24837 7.34562 -0.70290
v -3.19438 7.30580 -0.65000
v -3.21389 7.30580 -0.57719
v -3.26719 7.30580 -0.52389
v -3.34000 7.30580 -0.50438
v -3.41281 7.30580 -0.52389
v -3.46611 7.30580 -0.57719
v -3.48562 7.30580 -0.65000
v -3.46611 7.30580 -0.72281
v -3.41281 7.30580 -0.77611
v -3.34000 7.30580 -0.79562
v -3.26719 7.30580 -0.77611
v -3.21389 7.30580 -0.72281
v -3.16881 7.25562 -0.65000
v -3.19174 7.25562 -0.56440
v -3.25440 7.25562 -0.50174
v -3.34000 7.25562 -0.47881
v -3.42560 7.25562 -0.50174
v -3.48826 7.25562 -0.56440
v -3.51119 7.25562 -0.65000
v -3.48826 7.25562 -0.73560
v -3.42560 7.25562 -0.79826
v -3.34000 7.25562 -0.82119
v -3.25440 7.25562 -0.79826
v -3.19174 7.25562 -0.73560
v -3.16000 7.20000 -0.65000
v -3.18412 7.20000 -0.56000
v -3.25000 7.20000 -0.49412
v -3.34000 7.20000 -0.47000
v -3.43000 7.20000 -0.49412
v -3.49588 7.20000 -0.56000
v -3.52000 7.20000 -0.65000
v -3.49588 7.20000 -0.74000
v -3.43000 7.20000 -0.80588
v -3.34000 7.20000 -0.83000
v -3.25000 7.20000 -0.80588
v -3.18412 7.20000 -0.74000
v -3.16881 7.14438 -0.65000
v -3.19174 7.14438 -0.56440
v -3.25440 7.14438 -0.50174
v -3.34000 7.14438 -0.47881
v -3.42560 7.14438 -0.50174
v -3.48826 7.14438 -0.56440
v -3.51119 7.14438 -0.65000
v -3.48826 7.14438 -0.73560
v -3.42560 7.14438 -0.79826
v -3.34000 7.14438 -0.82119
v -3.25440 7.14438 -0.79826
v -3.19174 7.14438 -0.73560
v -3.19438 7.09420 -0.65000
v -3.21389 7.09420 -0.57719
v -3.26719 7.09420 -0.52389
v -3.34000 7.09420 -0.50438
v -3.41281 7.09420 -0.52389
v -3.46611 7.09420 -0.57719
v -3.48562 7.09420 -0.65000
v -3.46611 7.09420 -0.72281
v -3.41281 7.09420 -0.77611
v -3.34000 7.09420 -0.79562
v -3.26719 7.09420 -0.77611
v -3.21389 7.09420 -0.72281
v -3.23420 7.05438 -0.65000
v -3.24837 7.05438 -0.59710
v -3.28710 7.05438 -0.55837
v -3.34000 7.05438 -0.54420
v -3.39290 7.05438 -0.55837
v -3.43163 7.05438 -0.59710
v -3.44580 7.05438 -0.65000
v -3.43163 7.05438 -0.70290
v -3.39290 7.05438 -0.74163
v -3.34000 7.05438 -0.75580
v -3.28710 7.05438 -0.74163
v -3.24837 7.05438 -0.70290
v -3.28438 7.02881 -0.65000
v -3.29183 7.02881 -0.62219
v -3.31219 7.02881 -0.60183
v -3.34000 7.02881 -0.59438
v -3.36781 7.02881 -0.60183
v -3.38817 7.02881 -0.62219
v -3.39562 7.02881 -0.65000
v -3.38817 7.02881 -0.67781
v -3.36781 7.02881 -0.69817
v -3.34000 7.02881 -0.70562
v -3.31219 7.02881 -0.69817
v -3.29183 7.02881 -0.67781
v -3.45000 7.33500 -0.69000
v -3.45000 7.22500 -0.69000
v -3.42250 7.32763 -0.69000
v -3.43055 7.32763 -0.67055
v -3.45000 7.32763 -0.66250
v -3.46945 7.32763 -0.67055
v -3.47750 7.32763 -0.69000
v -3.46945 7.32763 -0.70945
v -3.45000 7.32763 -0.71750
v -3.43055 7.32763 -0.70945
v -3.40237 7.30750 -0.69000
v -3.41632 7.30750 -0.65632
v -3.45000 7.30750 -0.64237
v -3.48368 7.30750 -0.65632
v -3.49763 7.30750 -0.69000
v -3.48368 7.30750 -0.72368
v -3.45000 7.30750 -0.73763
v -3.41632 7.30750 -0.72368
v -3.39500 7.28000 -0.69000
v -3.41111 7.28000 -0.65111
v -3.45000 7.28000 -0.63500
v -3.48889 7.28000 -0.65111
v -3.50500 7.28000 -0.69000
v -3.48889 7.28000 -0.72889
v -3.45000 7.28000 -0.74500
v -3.41111 7.28000 -0.72889
v -3.40237 7.25250 -0.69000
v -3.41632 7.25250 -0.65632
v -3.45000 7.25250 -0.64237
v -3.48368 7.25250 -0.65632
v -3.49763 7.25250 -0.69000
v -3.48368 7.25250 -0.72368
v -3.45000 7.25250 -0.73763
v -3.41632 7.25250 -0.72368
v -3.42250 7.23237 -0.69000
v -3.43055 7.23237 -0.67055
v -3.45000 7.23237 -0.66250
v -3.46945 7.23237 -0.67055
v -3.47750 7.23237 -0.69000
v -3.46945 7.23237 -0.70945
v -3.45000 7.23237 -0.71750
v -3.43055 7.23237 -0.70945
v -4.14000 6.87000 0.17000
v -4.14000 6.73000 0.17000
v -4.10500 6.86062 0.17000
v -4.11525 6.86062 0.19475
v -4.14000 6.86062 0.20500
v -4.16475 6.86062 0.19475
v -4.17500 6.86062 0.17000
v -4.16475 6.86062 0.14525
v -4.14000 6.86062 0.13500
v -4.11525 6.86062 0.14525
v -4.07938 6.83500 0.17000
v -4.09713 6.83500 0.21287
v -4.14000 6.83500 0.23062
v -4.18287 6.83500 0.21287
v -4.20062 6.83500 0.17000
v -4.18287 6.83500 0.12713
v -4.14000 6.83500 0.10938
v -4.09713 6.83500 0.12713
v -4.07000 6.80000 0.17000
v -4.09050 6.80000 0.21950
v -4.14000 6.80000 0.24000
v -4.18950 6.80000 0.21950
v -4.21000 6.80000 0.17000
v -4.18950 6.80000 0.12050
v -4.14000 6.80000 0.10000
v -4.09050 6.80000 0.12050
v -4.07938 6.76500 0.17000
v -4.09713 6.76500 0.21287
v -4.14000 6.76500 0.23062
v -4.18287 6.76500 0.21287
v -4.20062 6.76500 0.17000
v -4.18287 6.76500 0.12713
v -4.14000 6.76500 0.10938
v -4.09713 6.76500 0.12713
v -4.10500 6.73938 0.17000
v -4.11525 6.73938 0.19475
v -4.14000 6.73938 0.20500
v -4.16475 6.73938 0.19475
v -4.17500 6.73938 0.17000
v -4.16475 6.73938 0.14525
v -4.14000 6.73938 0.13500
v -4.11525 6.73938 0.14525
v -4.14000 6.87000 -0.17000
v -4.14000 6.73000 -0.17000
v -4.10500 6.86062 -0.17000
v -4.11525 6.86062 -0.14525
v -4.14000 6.86062 -0.13500
v -4.16475 6.86062 -0.14525
v -4.17500 6.86062 -0.17000
v -4.16475 6.86062 -0.19475
v -4.14000 6.86062 -0.20500
v -4.11525 6.86062 -0.19475
v -4.07938 6.83500 -0.17000
v -4.09713 6.83500 -0.12713
v -4.14000 6.83500 -0.10938
v -4.18287 6.83500 -0.12713
v -4.20062 6.83500 -0.17000
v -4.18287 6.83500 -0.21287
v -4.14000 6.83500 -0.23062
v -4.09713 6.83500 -0.21287
v -4.07000 6.80000 -0.17000
v -4.09050 6.80000 -0.12050
v -4.14000 6.80000 -0.10000
v -4.18950 6.80000 -0.12050
v -4.21000 6.80000 -0.17000
v -4.18950 6.80000 -0.21950
v -4.14000 6.80000 -0.24000
v -4.09050 6.80000 -0.21950
v -4.07938 6.76500 -0.17000
v -4.09713 6.76500 -0.12713
v -4.14000 6.76500 -0.10938
v -4.18287 6.76500 -0.12713
v -4.20062 6.76500 -0.17000
v -4.18287 6.76500 -0.21287
v -4.14000 6.76500 -0.23062
v -4.09713 6.76500 -0.21287
v -4.10500 6.73938 -0.17000
v -4.11525 6.73938 -0.14525
v -4.14000 6.73938 -0.13500
v -4.16475 6.73938 -0.14525
v -4.17500 6.73938 -0.17000
v -4.16475 6.73938 -0.19475
v -4.14000 6.73938 -0.20500
v -4.11525 6.73938 -0.19475
v -3.98000 6.67075 -0.29103
v -4.01536 6.65882 -0.29951
v -4.03000 6.63000 -0.32000
v -4.01536 6.60118 -0.34049
v -3.98000 6.58925 -0.34897
v -3.94464 6.60118 -0.34049
v -3.93000 6.63000 -0.32000
v -3.94464 6.65882 -0.29951
v -3.98000 6.61582 -0.21398
v -4.01536 6.60332 -0.22160
v -4.03000 6.57313 -0.24000
v -4.01536 6.54293 -0.25840
v -3.98000 6.53043 -0.26602
v -3.94464 6.54293 -0.25840
v -3.93000 6.57313 -0.24000
v -3.94464 6.60332 -0.22160
v -3.98000 6.57882 -0.14118
v -4.01536 6.56526 -0.14669
v -4.03000 6.53250 -0.16000
v -4.01536 6.49974 -0.17331
v -3.98000 6.48618 -0.17882
v -3.94464 6.49974 -0.17331
v -3.93000 6.53250 -0.16000
v -3.94464 6.56526 -0.14669
v -3.98000 6.55712 -0.07005
v -4.01536 6.54277 -0.07296
v -4.03000 6.50812 -0.08000
v -4.01536 6.47348 -0.08704
v -3.98000 6.45913 -0.08995
v -3.94464 6.47348 -0.08704
v -3.93000 6.50812 -0.08000
v -3.94464 6.54277 -0.07296
v -3.93000 6.50000 0.00000
v -3.94464 6.53536 0.00000
v -3.98000 6.55000 0.00000
v -4.01536 6.53536 0.00000
v -4.03000 6.50000 0.00000
v -4.01536 6.46464 0.00000
v -3.98000 6.45000 0.00000
v -3.94464 6.46464 0.00000
v -3.98000 6.45913 0.08995
v -3.94464 6.47348 0.08704
v -3.93000 6.50812 0.08000
v -3.94464 6.54277 0.07296
v -3.98000 6.55712 0.07005
v -4.01536 6.54277 0.07296
v -4.03000 6.50812 0.08000
v -4.01536 6.47348 0.08704
v -3.98000 6.48618 0.17882
v -3.94464 6.49974 0.17331
v -3.93000 6.53250 0.16000
v -3.94464 6.56526 0.14669
v -3.98000 6.57882 0.14118
v -4.01536 6.56526 0.14669
v -4.03000 6.53250 0.16000
v -4.01536 6.49974 0.17331
v -3.98000 6.53043 0.26602
v -3.94464 6.54293 0.25840
v -3.93000 6.57313 0.24000
v -3.94464 6.60332 0.22160
v -3.98000 6.61582 0.21398
v -4.01536 6.60332 0.22160
v -4.03000 6.57313 0.24000
v -4.01536 6.54293 0.25840
v -3.98000 6.58925 0.34897
v -3.94464 6.60118 0.34049
v -3.93000 6.63000 0.32000
v -3.94464 6.65882 0.29951
v -3.98000 6.67075 0.29103
v -4.01536 6.65882 0.29951
v -4.03000 6.63000 0.32000
v -4.01536 6.60118 0.34049
v -3.98000 6.63000 -0.32000
v -3.98000 6.63000 0.32000
vn 0.62330 0.04643 0.78061
vn 0.60241 0.20945 0.77022
vn 0.58425 0.36773 0.72348
vn 0.56926 0.51437 0.64138
vn 0.55760 0.64203 0.52619
vn 0.54927 0.74315 0.38214
vn 0.54412 0.81076 0.21588
vn 0.54202 0.83957 0.03654
vn 0.54288 0.82719 -0.14505
vn 0.54674 0.77466 -0.31778
vn 0.55373 0.68621 -0.47170
vn 0.56401 0.56829 -0.59911
vn 0.57764 0.42835 -0.69487
vn 0.59455 0.27388 -0.75598
vn 0.61441 0.11195 -0.78100
vn 0.63660 -0.05078 -0.76952
vn 0.66013 -0.20779 -0.72184
vn 0.68363 -0.35241 -0.63911
vn 0.70538 -0.47763 -0.52374
vn 0.72344 -0.57638 -0.38003
vn 0.73591 -0.64217 -0.21461
vn 0.74133 -0.67015 -0.03642
vn 0.73903 -0.65811 0.14396
vn 0.72929 -0.60702 0.31569
vn 0.71331 -0.52077 0.46903
vn 0.69284 -0.40532 0.59640
vn 0.66984 -0.26763 0.69259
vn 0.64615 -0.11478 0.75453
vn 0.26855 0.02109 0.96303
vn 0.24153 0.22157 0.94476
vn 0.21674 0.41577 0.88327
vn 0.19492 0.59586 0.77907
vn 0.17680 0.75285 0.63400
vn 0.16305 0.87673 0.45251
vn 0.15431 0.95773 0.24278
vn 0.15102 0.98838 0.01700
vn 0.15338 0.96561 -0.20993
vn 0.16126 0.89171 -0.42290
vn 0.17422 0.77364 -0.60921
vn 0.19168 0.62095 -0.76005
vn 0.21295 0.44372 -0.87050
vn 0.23731 0.25114 -0.93841
vn 0.26404 0.05117 -0.96315
vn 0.29226 -0.14907 -0.94465
vn 0.32093 -0.34257 -0.88298
vn 0.34865 -0.52163 -0.77868
vn 0.37368 -0.67741 -0.63362
vn 0.39399 -0.80015 -0.45226
vn 0.40754 -0.88033 -0.24276
vn 0.41275 -0.91068 -0.01726
vn 0.40896 -0.88820 0.20941
vn 0.39666 -0.81512 0.42219
vn 0.37732 -0.69818 0.60842
vn 0.35291 -0.54670 0.75932
vn 0.32551 -0.37051 0.86992
vn 0.29691 -0.17863 0.93805
vn 0.26671 0.02378 0.96348
vn 0.24008 0.22437 0.94447
vn 0.21569 0.41853 0.88222
vn 0.19428 0.59842 0.77727
vn 0.17655 0.75501 0.63150
vn 0.16317 0.87829 0.44942
vn 0.15474 0.95854 0.23930
vn 0.15170 0.98834 0.01337
vn 0.15422 0.96471 -0.21344
vn 0.16215 0.89005 -0.42606
vn 0.17508 0.77136 -0.61184
vn 0.19241 0.61822 -0.76209
vn 0.21348 0.44069 -0.87190
vn 0.23757 0.24793 -0.93920
vn 0.26397 0.04786 -0.96334
vn 0.29183 -0.15240 -0.94425
vn 0.32010 -0.34585 -0.88200
vn 0.34741 -0.52477 -0.77712
vn 0.37203 -0.68030 -0.63150
vn 0.39194 -0.80264 -0.44961
vn 0.40513 -0.88228 -0.23969
vn 0.41005 -0.91196 -0.01392
vn 0.40608 -0.88871 0.21281
vn 0.39371 -0.81486 0.42543
vn 0.37441 -0.69721 0.61133
vn 0.35016 -0.54512 0.76173
vn 0.32300 -0.36843 0.87174
vn 0.29471 -0.17618 0.93920
vn 0.27347 0.02318 0.96160
vn 0.25088 0.22377 0.94180
vn 0.23046 0.41769 0.87887
vn 0.21279 0.59712 0.77342
vn 0.19837 0.75302 0.62738
vn 0.18764 0.87548 0.44535
vn 0.18099 0.95484 0.23562
vn 0.17869 0.98385 0.01040
vn 0.18084 0.95962 -0.21549
vn 0.18733 0.88458 -0.42711
vn 0.19789 0.76573 -0.61196
vn 0.21215 0.61256 -0.76142
vn 0.22965 0.43504 -0.87063
vn 0.24990 0.24227 -0.93747
vn 0.27232 0.04217 -0.96128
vn 0.29623 -0.15818 -0.94193
vn 0.32070 -0.35173 -0.87946
vn 0.34450 -0.53071 -0.77438
vn 0.36606 -0.68622 -0.62858
vn 0.38354 -0.80838 -0.44656
vn 0.39508 -0.88765 -0.23660
vn 0.39929 -0.91676 -0.01096
vn 0.39560 -0.89279 0.21546
vn 0.38447 -0.81814 0.42758
vn 0.36729 -0.69970 0.61280
vn 0.34586 -0.54690 0.76242
vn 0.32207 -0.36965 0.87157
vn 0.29751 -0.17699 0.93817
vn 0.28723 0.01849 0.95768
vn 0.27238 0.21890 0.93696
vn 0.25957 0.41229 0.87329
vn 0.24905 0.59085 0.76738
vn 0.24092 0.74560 0.62132
vn 0.23522 0.86675 0.43979
vn 0.23189 0.94489 0.23112
vn 0.23089 0.97295 0.00742
vn 0.23218 0.94822 -0.21671
vn 0.23576 0.87316 -0.42662
vn 0.24166 0.75464 -0.61002
vn 0.24991 0.60198 -0.75839
vn 0.26047 0.42499 -0.86691
vn 0.27325 0.23266 -0.93338
vn 0.28800 0.03282 -0.95707
vn 0.30430 -0.16741 -0.93775
vn 0.32150 -0.36096 -0.87541
vn 0.33863 -0.54002 -0.77053
vn 0.35442 -0.69557 -0.62496
vn 0.36735 -0.81768 -0.44324
vn 0.37590 -0.89672 -0.23365
vn 0.37890 -0.92540 -0.00850
vn 0.37590 -0.90082 0.21729
vn 0.36732 -0.82544 0.42864
vn 0.35429 -0.70622 0.61297
vn 0.33836 -0.55270 0.76160
vn 0.32105 -0.37486 0.86971
vn 0.30368 -0.18182 0.93527
vn 0.30971 0.00835 0.95079
vn 0.30742 0.20764 0.92865
vn 0.30700 0.39929 0.86390
vn 0.30814 0.57554 0.75750
vn 0.31030 0.72762 0.61179
vn 0.31276 0.84609 0.43164
vn 0.31476 0.92203 0.22536
vn 0.31572 0.94884 0.00478
vn 0.31541 0.92404 -0.21603
vn 0.31400 0.85000 -0.42296
vn 0.31205 0.73323 -0.60415
vn 0.31028 0.58260 -0.75120
vn 0.30940 0.40753 -0.85918
vn 0.30994 0.21676 -0.92572
vn 0.31223 0.01806 -0.94983
vn 0.31631 -0.18146 -0.93114
vn 0.32191 -0.37465 -0.86949
vn 0.32850 -0.55356 -0.76528
vn 0.33526 -0.70906 -0.62035
vn 0.34115 -0.83107 -0.43925
vn 0.34512 -0.90986 -0.23031
vn 0.34638 -0.93807 -0.00589
vn 0.34463 -0.91284 0.21900
vn 0.34017 -0.83667 0.42926
vn 0.33383 -0.71669 0.61230
vn 0.32667 -0.56257 0.75948
vn 0.31975 -0.38439 0.86603
vn 0.31391 -0.19140 0.92996
vn 0.33545 -0.00760 0.94203
vn 0.34600 0.18924 0.91895
vn 0.35816 0.37793 0.85375
vn 0.37104 0.55082 0.74761
vn 0.38343 0.69946 0.60310
vn 0.39388 0.81489 0.42522
vn 0.40095 0.88876 0.22214
vn 0.40358 0.91493 0.00525
vn 0.40135 0.89106 -0.21199
vn 0.39464 0.81925 -0.41605
vn 0.38451 0.70547 -0.59537
vn 0.37237 0.55802 -0.74159
vn 0.35967 0.38588 -0.84955
vn 0.34762 0.19756 -0.91658
vn 0.33712 0.00080 -0.94146
vn 0.32868 -0.19726 -0.92361
vn 0.32248 -0.38933 -0.86280
vn 0.31839 -0.56735 -0.75943
vn 0.31606 -0.72210 -0.61537
vn 0.31496 -0.84343 -0.43523
vn 0.31451 -0.92161 -0.22741
vn 0.31428 -0.94932 -0.00430
vn 0.31411 -0.92375 0.21911
vn 0.31419 -0.84752 0.42779
vn 0.31496 -0.72777 0.60922
vn 0.31704 -0.57423 0.75482
vn 0.32094 -0.39702 0.85987
vn 0.32704 -0.20545 0.92241
vn 0.35136 -0.02321 0.93595
vn 0.36962 0.17183 0.91316
vn 0.38914 0.35872 0.84846
vn 0.40874 0.52989 0.74307
vn 0.42686 0.67701 0.59954
vn 0.44173 0.79124 0.42286
vn 0.45161 0.86438 0.22114
vn 0.45521 0.89037 0.00570
vn 0.45202 0.86690 -0.21013
vn 0.44251 0.79605 -0.41291
vn 0.42794 0.68366 -0.59117
vn 0.41003 0.53789 -0.73658
vn 0.39058 0.36758 -0.84400
vn 0.37112 0.18115 -0.91074
vn 0.35286 -0.01378 -0.93557
vn 0.33660 -0.21008 -0.91792
vn 0.32281 -0.40052 -0.85754
vn 0.31172 -0.57707 -0.75486
vn 0.30332 -0.73057 -0.61177
vn 0.29749 -0.85095 -0.43288
vn 0.29404 -0.92856 -0.22654
vn 0.29280 -0.95616 -0.00502
vn 0.29371 -0.93097 0.21684
vn 0.29686 -0.85555 0.42416
vn 0.30241 -0.73696 0.60451
vn 0.31058 -0.58482 0.74935
vn 0.32150 -0.40919 0.85394
vn 0.33516 -0.21929 0.91628
vn 0.36269 -0.03732 0.93116
vn 0.38989 0.15578 0.90759
vn 0.41813 0.34032 0.84223
vn 0.44583 0.50879 0.73646
vn 0.47101 0.65300 0.59308
vn 0.49143 0.76447 0.41723
vn 0.50494 0.83541 0.21711
vn 0.50994 0.86020 0.00385
vn 0.50582 0.83681 -0.20953
vn 0.49313 0.76726 -0.41004
vn 0.47342 0.65714 -0.58655
vn 0.44880 0.51420 -0.73087
vn 0.42150 0.34687 -0.83786
vn 0.39349 0.16328 -0.90471
vn 0.36634 -0.02910 -0.93003
vn 0.34119 -0.22325 -0.91310
vn 0.31886 -0.41194 -0.85360
vn 0.29990 -0.58716 -0.75186
vn 0.28468 -0.73971 -0.60974
vn 0.27349 -0.85952 -0.43177
vn 0.26652 -0.93689 -0.22627
vn 0.26390 -0.96454 -0.00548
vn 0.26569 -0.93960 0.21576
vn 0.27189 -0.86461 0.42253
vn 0.28240 -0.74660 0.60236
vn 0.29706 -0.59521 0.74665
vn 0.31560 -0.42053 0.85062
vn 0.33766 -0.23185 0.91227
vn 0.37881 -0.05726 0.92370
vn 0.42025 0.13153 0.89783
vn 0.46254 0.31057 0.83043
vn 0.50342 0.47246 0.72343
vn 0.54009 0.60955 0.58030
vn 0.56949 0.71434 0.40669
vn 0.58874 0.78034 0.21082
vn 0.59578 0.80314 0.00314
vn 0.58983 0.78119 -0.20455
vn 0.57160 0.71614 -0.40052
vn 0.54312 0.61243 -0.57441
vn 0.50721 0.47651 -0.71811
vn 0.46690 0.31580 -0.82600
vn 0.42496 0.13784 -0.89465
vn 0.38366 -0.05008 -0.92212
vn 0.34471 -0.24086 -0.90728
vn 0.30940 -0.42714 -0.84960
vn 0.27873 -0.60070 -0.74931
vn 0.25356 -0.75218 -0.60822
vn 0.23466 -0.87135 -0.43091
vn 0.22275 -0.94837 -0.22578
vn 0.21832 -0.97586 -0.00519
vn 0.22159 -0.95095 0.21586
vn 0.23242 -0.87617 0.42227
vn 0.25038 -0.75867 0.60144
vn 0.27481 -0.60820 0.74469
vn 0.30496 -0.43502 0.84720
vn 0.33996 -0.24860 0.90699
vn 0.39728 -0.08521 0.91373
vn 0.45676 0.09643 0.88435
vn 0.51692 0.26633 0.81355
vn 0.57453 0.41720 0.70417
vn 0.62566 0.54217 0.56089
vn 0.66618 0.63543 0.39042
vn 0.69243 0.69288 0.20115
vn 0.70190 0.71227 0.00243
vn 0.69370 0.69304 -0.19616
vn 0.66869 0.63601 -0.38516
vn 0.62932 0.54354 -0.55545
vn 0.57919 0.41970 -0.69885
vn 0.52237 0.27012 -0.80881
vn 0.46273 0.10149 -0.88067
vn 0.40349 -0.07907 -0.91156
vn 0.34714 -0.26424 -0.89982
vn 0.29556 -0.44632 -0.84466
vn 0.25028 -0.61681 -0.74626
vn 0.21273 -0.76610 -0.60649
vn 0.18429 -0.88381 -0.43001
vn 0.16625 -0.95999 -0.22534
vn 0.15958 -0.98717 -0.00502
vn 0.16468 -0.96245 0.21578
vn 0.18128 -0.88840 0.42176
vn 0.20849 -0.77223 0.60016
vn 0.24510 -0.62380 0.74216
vn 0.28973 -0.45354 0.84283
vn 0.34097 -0.27114 0.90012
vn 0.41434 -0.12339 0.90172
vn 0.49777 0.04635 0.86607
vn 0.58180 0.20043 0.78825
vn 0.66160 0.33121 0.67274
vn 0.73142 0.43289 0.52691
vn 0.78564 0.50295 0.36029
vn 0.82003 0.54249 0.18237
vn 0.83222 0.55444 0.00038
vn 0.82158 0.54060 -0.18100
vn 0.78884 0.50001 -0.35739
vn 0.73629 0.43017 -0.52234
vn 0.66805 0.32982 -0.66703
vn 0.58954 0.20102 -0.78233
vn 0.50638 0.04906 -0.86091
vn 0.42340 -0.11879 -0.89812
vn 0.34421 -0.29446 -0.89152
vn 0.27148 -0.46947 -0.84017
vn 0.20737 -0.63473 -0.74439
vn 0.15391 -0.78027 -0.60621
vn 0.11321 -0.89545 -0.43052
vn 0.08726 -0.97020 -0.22604
vn 0.07761 -0.99697 -0.00554
vn 0.08492 -0.97280 0.21554
vn 0.10872 -0.90023 0.42162
vn 0.14762 -0.78654 0.59963
vn 0.19971 -0.64170 0.74050
vn 0.26290 -0.47632 0.83905
vn 0.33517 -0.30049 0.89296
vn 0.42665 -0.17505 0.88731
vn 0.53779 -0.02464 0.84272
vn 0.64877 0.10380 0.75388
vn 0.75189 0.20168 0.62769
vn 0.83847 0.26472 0.47633
vn 0.90170 0.29618 0.31498
vn 0.93907 0.30649 0.15557
vn 0.95157 0.30743 0.00135
vn 0.94028 0.30446 -0.15223
vn 0.90440 0.29305 -0.31012
vn 0.84297 0.26183 -0.46994
vn 0.75824 0.20013 -0.62050
vn 0.65673 0.10413 -0.74690
vn 0.54694 -0.02244 -0.83687
vn 0.43650 -0.17128 -0.88325
vn 0.33091 -0.33262 -0.88310
vn 0.23388 -0.49660 -0.83588
vn 0.14826 -0.65324 -0.74249
vn 0.07675 -0.79211 -0.60553
vn 0.02221 -0.90244 -0.43025
vn -0.01255 -0.97412 -0.22570
vn -0.02536 -0.99967 -0.00492
vn -0.01528 -0.97619 0.21638
vn 0.01700 -0.90626 0.42237
vn 0.06950 -0.79714 0.59978
vn 0.13951 -0.65884 0.73924
vn 0.22421 -0.50214 0.83522
vn 0.32088 -0.33753 0.88493
vn 0.43024 -0.23128 0.87259
vn 0.55599 -0.09817 0.82537
vn 0.67816 0.01204 0.73481
vn 0.78783 0.09230 0.60894
vn 0.87623 0.14065 0.46090
vn 0.93814 0.16246 0.30579
vn 0.97351 0.16887 0.15417
vn 0.98527 0.17084 0.00746
vn 0.97497 0.17266 -0.14008
vn 0.94072 0.16925 -0.29394
vn 0.87947 0.14914 -0.45199
vn 0.79139 0.10113 -0.60289
vn 0.68199 0.02024 -0.73108
vn 0.56017 -0.09106 -0.82336
vn 0.43481 -0.22533 -0.87188
vn 0.31288 -0.37323 -0.87339
vn 0.19942 -0.52505 -0.82738
vn 0.09841 -0.67097 -0.73492
vn 0.01358 -0.80075 -0.59884
vn -0.05121 -0.90393 -0.42461
vn -0.09229 -0.97080 -0.22143
vn -0.10687 -0.99427 -0.00239
vn -0.09383 -0.97169 0.21684
vn -0.05412 -0.90565 0.42056
vn 0.00962 -0.80325 0.59557
vn 0.09377 -0.67420 0.73257
vn 0.19450 -0.52906 0.82599
vn 0.30801 -0.37813 0.87301
vn 0.42690 -0.27296 0.86212
vn 0.54893 -0.14213 0.82370
vn 0.66548 -0.02700 0.74593
vn 0.77002 0.06763 0.63443
vn 0.85650 0.13933 0.49699
vn 0.92050 0.18842 0.34231
vn 0.95974 0.21732 0.17797
vn 0.97348 0.22857 0.00907
vn 0.96144 0.22288 -0.16109
vn 0.92332 0.19838 -0.32881
vn 0.85958 0.15179 -0.48793
vn 0.77263 0.08061 -0.62972
vn 0.66726 -0.01505 -0.74467
vn 0.54990 -0.13210 -0.82471
vn 0.42727 -0.26515 -0.86437
vn 0.30548 -0.40749 -0.86060
vn 0.18986 -0.55158 -0.81222
vn 0.08528 -0.68911 -0.71962
vn -0.00347 -0.81096 -0.58509
vn -0.07158 -0.90754 -0.41381
vn -0.11461 -0.96993 -0.21472
vn -0.12934 -0.99160 -0.00055
vn -0.11456 -0.97020 0.21351
vn -0.07147 -0.90824 0.41231
vn -0.00331 -0.81234 0.58317
vn 0.08546 -0.69153 0.71727
vn 0.19000 -0.55544 0.80956
vn 0.30546 -0.41317 0.85790
vn 0.42692 -0.29444 0.85501
vn 0.53669 -0.15507 0.82941
vn 0.64252 -0.02455 0.76588
vn 0.73963 0.09221 0.66666
vn 0.82299 0.19041 0.53519
vn 0.88753 0.26551 0.37656
vn 0.92875 0.31351 0.19783
vn 0.94341 0.33153 0.00790
vn 0.93017 0.31823 -0.18307
vn 0.88990 0.27414 -0.36460
vn 0.82555 0.20161 -0.52709
vn 0.74162 0.10442 -0.66264
vn 0.64338 -0.01270 -0.76544
vn 0.53618 -0.14462 -0.83162
vn 0.42507 -0.28600 -0.85879
vn 0.31471 -0.43127 -0.84556
vn 0.20954 -0.57435 -0.79134
vn 0.11400 -0.70837 -0.69657
vn 0.03273 -0.82553 -0.56342
vn -0.02959 -0.91746 -0.39672
vn -0.06871 -0.97639 -0.20481
vn -0.08161 -0.99666 0.00058
vn -0.06727 -0.97632 0.20561
vn -0.02693 -0.91763 0.39653
vn 0.03620 -0.82643 0.56187
vn 0.11780 -0.71060 0.69367
vn 0.21315 -0.57839 0.78742
vn 0.31764 -0.43746 0.84127
vn 0.43680 -0.29772 0.84887
vn 0.52761 -0.14357 0.83727
vn 0.61854 0.00590 0.78573
vn 0.70513 0.14413 0.69428
vn 0.78200 0.26397 0.56462
vn 0.84325 0.35787 0.40108
vn 0.88314 0.41874 0.21148
vn 0.89735 0.44126 0.00719
vn 0.88412 0.42324 -0.19800
vn 0.84480 0.36622 -0.39013
vn 0.78344 0.27507 -0.55728
vn 0.70569 0.15665 -0.69098
vn 0.61758 0.01850 -0.78629
vn 0.52466 -0.13207 -0.84100
vn 0.43170 -0.28830 -0.85470
vn 0.34272 -0.44375 -0.82803
vn 0.26116 -0.59198 -0.76246
vn 0.19006 -0.72635 -0.66052
vn 0.13214 -0.84003 -0.52620
vn 0.08968 -0.92654 -0.36536
vn 0.06437 -0.98046 -0.18587
vn 0.05713 -0.99836 0.00283
vn 0.06802 -0.97930 0.19062
vn 0.09632 -0.92496 0.36767
vn 0.14066 -0.83919 0.52533
vn 0.19917 -0.72740 0.65667
vn 0.26969 -0.59572 0.75656
vn 0.34980 -0.45044 0.82143
vn 0.45249 -0.28280 0.84574
vn 0.52313 -0.11398 0.84460
vn 0.59845 0.05121 0.79952
vn 0.67328 0.20461 0.71052
vn 0.74161 0.33773 0.57961
vn 0.79700 0.44187 0.41174
vn 0.83335 0.50894 0.21565
vn 0.84614 0.53295 0.00394
vn 0.83363 0.51156 -0.20823
vn 0.79740 0.44680 -0.40562
vn 0.74185 0.34439 -0.57538
vn 0.67303 0.21231 -0.70849
vn 0.59743 0.05924 -0.79973
vn 0.52110 -0.10631 -0.84685
vn 0.44933 -0.27612 -0.84962
vn 0.38644 -0.44195 -0.80953
vn 0.33562 -0.59537 -0.73000
vn 0.29854 -0.72821 -0.61691
vn 0.27490 -0.83389 -0.47860
vn 0.26242 -0.90875 -0.32453
vn 0.25763 -0.95241 -0.16294
vn 0.25731 -0.96633 0.00079
vn 0.26001 -0.95159 0.16389
vn 0.26672 -0.90774 0.32383
vn 0.28032 -0.83361 0.47593
vn 0.30422 -0.72948 0.61262
vn 0.34084 -0.59859 0.72493
vn 0.39073 -0.44708 0.80464
vn 0.47555 -0.26737 0.83807
vn 0.53985 -0.09710 0.83614
vn 0.60866 0.06939 0.79039
vn 0.67718 0.22372 0.70098
vn 0.73981 0.35721 0.57016
vn 0.79054 0.46106 0.40307
vn 0.82376 0.52717 0.20861
vn 0.83537 0.54969 -0.00063
vn 0.82391 0.52651 -0.20966
vn 0.79098 0.45990 -0.40354
vn 0.74077 0.35580 -0.56979
vn 0.67898 0.22239 -0.69967
vn 0.61160 0.06853 -0.78820
vn 0.54417 -0.09707 -0.83334
vn 0.48140 -0.26602 -0.83516
vn 0.42691 -0.43009 -0.79547
vn 0.38312 -0.58110 -0.71802
vn 0.35094 -0.71155 -0.60872
vn 0.32959 -0.81572 -0.47537
vn 0.31690 -0.89056 -0.32629
vn 0.31007 -0.93566 -0.16852
vn 0.30685 -0.95173 -0.00670
vn 0.30659 -0.93894 0.15618
vn 0.31055 -0.89621 0.31679
vn 0.32141 -0.82230 0.46960
vn 0.34211 -0.71767 0.60655
vn 0.37470 -0.58582 0.71862
vn 0.41960 -0.43307 0.79774
vn 0.51032 -0.26950 0.81666
vn 0.57762 -0.10849 0.80907
vn 0.64683 0.04842 0.76110
vn 0.71399 0.19372 0.67282
vn 0.77439 0.31936 0.54619
vn 0.82284 0.41712 0.38595
vn 0.85442 0.47942 0.20031
vn 0.86553 0.50085 0.00092
vn 0.85486 0.47942 -0.19841
vn 0.82376 0.41719 -0.38389
vn 0.77586 0.31964 -0.54394
vn 0.71608 0.19436 -0.67042
vn 0.64957 0.04962 -0.75868
vn 0.58103 -0.10659 -0.80687
vn 0.51435 -0.26678 -0.81503
vn 0.45257 -0.42397 -0.78450
vn 0.39793 -0.57143 -0.71772
vn 0.35201 -0.70275 -0.61825
vn 0.31573 -0.81201 -0.49087
vn 0.28953 -0.89418 -0.34149
vn 0.27349 -0.94548 -0.17685
vn 0.26759 -0.96352 -0.00421
vn 0.27187 -0.94739 0.16893
vn 0.28650 -0.89763 0.33494
vn 0.31168 -0.81636 0.48622
vn 0.34740 -0.70733 0.61563
vn 0.39320 -0.57567 0.71694
vn 0.44806 -0.42752 0.78516
vn 0.53622 -0.26975 0.79981
vn 0.59552 -0.10917 0.79589
vn 0.65760 0.04852 0.75180
vn 0.71872 0.19551 0.66724
vn 0.77430 0.32344 0.54391
vn 0.81926 0.42372 0.38636
vn 0.84875 0.48841 0.20267
vn 0.85914 0.51171 0.00448
vn 0.84903 0.49134 -0.19427
vn 0.81962 0.42916 -0.37952
vn 0.77442 0.33071 -0.53935
vn 0.71825 0.20375 -0.66529
vn 0.65621 0.05684 -0.75243
vn 0.59300 -0.10158 -0.79877
vn 0.53251 -0.26359 -0.80434
vn 0.47777 -0.42165 -0.77068
vn 0.43091 -0.56857 -0.70074
vn 0.39324 -0.69763 -0.59889
vn 0.36516 -0.80305 -0.47092
vn 0.34639 -0.88050 -0.32362
vn 0.33614 -0.92741 -0.16406
vn 0.33362 -0.94271 0.00107
vn 0.33835 -0.92634 0.16557
vn 0.35045 -0.87893 0.32352
vn 0.37044 -0.80190 0.46876
vn 0.39899 -0.69781 0.59487
vn 0.43644 -0.57069 0.69558
vn 0.48255 -0.42589 0.76535
vn 0.54001 -0.24989 0.80370
vn 0.58070 -0.07802 0.81037
vn 0.62826 0.09273 0.77246
vn 0.67838 0.25281 0.68984
vn 0.72596 0.39256 0.56470
vn 0.76548 0.50230 0.40217
vn 0.79176 0.57317 0.21117
vn 0.80100 0.59865 0.00440
vn 0.79171 0.57620 -0.20294
vn 0.76521 0.50796 -0.39551
vn 0.72518 0.40015 -0.56035
vn 0.67675 0.26147 -0.68822
vn 0.62544 0.10153 -0.77364
vn 0.57645 -0.07002 -0.81413
vn 0.53420 -0.24359 -0.80950
vn 0.50207 -0.40944 -0.76176
vn 0.48195 -0.55782 -0.67569
vn 0.47379 -0.68009 -0.55947
vn 0.47528 -0.77089 -0.42407
vn 0.48223 -0.82982 -0.28079
vn 0.48978 -0.86091 -0.13764
vn 0.49400 -0.86946 0.00276
vn 0.49320 -0.85823 0.14207
vn 0.48849 -0.82563 0.28234
vn 0.48337 -0.76696 0.42205
vn 0.48255 -0.67806 0.55441
vn 0.49034 -0.55865 0.66894
vn 0.50936 -0.41325 0.75484
vn 0.52090 -0.21020 0.82733
vn 0.53828 -0.02334 0.84244
vn 0.56840 0.16231 0.80659
vn 0.60545 0.33572 0.72161
vn 0.64332 0.48661 0.59106
vn 0.67598 0.60485 0.42095
vn 0.69808 0.68110 0.22088
vn 0.70577 0.70842 0.00425
vn 0.69761 0.68412 -0.21290
vn 0.67490 0.61050 -0.41448
vn 0.64140 0.49421 -0.58682
vn 0.60240 0.34443 -0.72005
vn 0.56391 0.17121 -0.80790
vn 0.53202 -0.01524 -0.84659
vn 0.51261 -0.20402 -0.83403
vn 0.51068 -0.38226 -0.77012
vn 0.52898 -0.53440 -0.65924
vn 0.56578 -0.64468 -0.51408
vn 0.61342 -0.70456 -0.35681
vn 0.66000 -0.72077 -0.21188
vn 0.69399 -0.71399 -0.09276
vn 0.70785 -0.70634 0.00563
vn 0.69891 -0.70790 0.10196
vn 0.66915 -0.71109 0.21583
vn 0.62539 -0.69510 0.35459
vn 0.57871 -0.63863 0.50719
vn 0.54117 -0.53308 0.65035
vn 0.52109 -0.38527 0.76160
vn 0.46491 -0.15081 0.87242
vn 0.45581 0.05136 0.88859
vn 0.46782 0.24950 0.84788
vn 0.49150 0.43274 0.75576
vn 0.51909 0.59132 0.61716
vn 0.54412 0.71526 0.43855
vn 0.56135 0.79507 0.22965
vn 0.56720 0.82357 0.00404
vn 0.56036 0.79793 -0.22205
vn 0.54207 0.72060 -0.43230
vn 0.51587 0.59850 -0.61293
vn 0.48692 0.44096 -0.75397
vn 0.46163 0.25788 -0.84876
vn 0.44759 0.05893 -0.89230
vn 0.45403 -0.14529 -0.87906
vn 0.49177 -0.33956 -0.80179
vn 0.56987 -0.49727 -0.65420
vn 0.68440 -0.57725 -0.44539
vn 0.80593 -0.54812 -0.22370
vn 0.89655 -0.43846 -0.06280
vn 0.94486 -0.32743 0.00519
vn 0.96038 -0.27848 0.01063
vn 0.94955 -0.31339 0.01237
vn 0.90706 -0.41508 0.07033
vn 0.82252 -0.52474 0.21936
vn 0.70387 -0.56230 0.43403
vn 0.58773 -0.49209 0.64220
vn 0.50605 -0.34117 0.79216
vn 0.35840 -0.08116 0.93003
vn 0.33605 0.12858 0.93303
vn 0.33865 0.33106 0.88074
vn 0.35376 0.51730 0.77927
vn 0.37333 0.67821 0.63298
vn 0.39155 0.80387 0.44775
vn 0.40409 0.88457 0.23290
vn 0.40813 0.91292 0.00178
vn 0.40271 0.88607 -0.22956
vn 0.38889 0.80668 -0.44501
vn 0.36957 0.68198 -0.63113
vn 0.34913 0.52161 -0.77848
vn 0.33341 0.33547 -0.88108
vn 0.33042 0.13259 -0.93448
vn 0.35247 -0.07810 -0.93256
vn 0.42011 -0.28326 -0.86213
vn 0.56404 -0.44847 -0.69335
vn 0.78942 -0.47646 -0.38705
vn 0.96578 -0.25762 -0.02991
vn 0.98849 0.05299 0.14168
vn 0.95905 0.25818 0.11645
vn 0.94480 0.32762 0.00435
vn 0.95763 0.26640 -0.10942
vn 0.98775 0.06867 -0.14009
vn 0.97042 -0.24023 0.02380
vn 0.79866 -0.46730 0.37917
vn 0.57203 -0.44651 0.68805
vn 0.42662 -0.28460 0.85848
vn 0.23149 -0.02850 0.97242
vn 0.21706 0.18116 0.95920
vn 0.21935 0.38314 0.89727
vn 0.22974 0.56924 0.78942
vn 0.24289 0.73027 0.63852
vn 0.25496 0.85601 0.44971
vn 0.26315 0.93645 0.23198
vn 0.26564 0.96407 -0.00154
vn 0.26184 0.93608 -0.23493
vn 0.25253 0.85536 -0.45232
vn 0.23968 0.72949 -0.64062
vn 0.22627 0.56852 -0.79094
vn 0.21629 0.38272 -0.89819
vn 0.21533 0.18136 -0.95955
vn 0.23245 -0.02716 -0.97223
vn 0.28462 -0.23292 -0.92991
vn 0.40666 -0.41489 -0.81394
vn 0.65536 -0.49686 -0.56889
vn 0.95147 -0.26905 -0.14940
vn 0.97807 0.16560 0.12628
vn 0.89933 0.42257 0.11246
vn 0.86880 0.49495 -0.01488
vn 0.90081 0.41063 -0.14114
vn 0.97996 0.13437 -0.14705
vn 0.93684 -0.31544 0.15111
vn 0.63025 -0.52127 0.57538
vn 0.39223 -0.42397 0.81634
vn 0.27877 -0.23655 0.93077
vn 0.11968 -0.00357 0.99281
vn 0.11666 0.20587 0.97160
vn 0.12005 0.40776 0.90516
vn 0.12669 0.59407 0.79437
vn 0.13426 0.75544 0.64131
vn 0.14098 0.88144 0.45076
vn 0.14544 0.96188 0.23157
vn 0.14670 0.98918 -0.00318
vn 0.14450 0.96055 -0.23763
vn 0.13926 0.87901 -0.45601
vn 0.13202 0.75237 -0.64538
vn 0.12431 0.59089 -0.79712
vn 0.11804 0.40508 -0.90663
vn 0.11562 0.20437 -0.97204
vn 0.12046 -0.00305 -0.99271
vn 0.13785 -0.20943 -0.96806
vn 0.17684 -0.40570 -0.89674
vn 0.25310 -0.57757 -0.77611
vn 0.38952 -0.69630 -0.60286
vn 0.59198 -0.70816 -0.38480
vn 0.77884 -0.60099 -0.17949
vn 0.84112 -0.53921 -0.04213
vn 0.76045 -0.63988 0.11077
vn 0.56191 -0.75132 0.34608
vn 0.36439 -0.72460 0.58495
vn 0.23743 -0.59371 0.76885
vn 0.16839 -0.41421 0.89447
vn 0.13410 -0.21310 0.96778
vn 0.02318 0.00380 0.99972
vn 0.02610 0.21393 0.97650
vn 0.02987 0.41642 0.90868
vn 0.03391 0.60328 0.79680
vn 0.03770 0.76512 0.64278
vn 0.04076 0.89142 0.45135
vn 0.04266 0.97194 0.23134
vn 0.04312 0.99906 -0.00415
vn 0.04206 0.97005 -0.23923
vn 0.03965 0.88800 -0.45813
vn 0.03621 0.76079 -0.64799
vn 0.03223 0.59878 -0.80026
vn 0.02822 0.41252 -0.91051
vn 0.02472 0.21139 -0.97709
vn 0.02230 0.00336 -0.99975
vn 0.02160 -0.20453 -0.97862
vn 0.02324 -0.40531 -0.91389
vn 0.02773 -0.59128 -0.80599
vn 0.03503 -0.75350 -0.65651
vn 0.04384 -0.88195 -0.46929
vn 0.05117 -0.96646 -0.25167
vn 0.05347 -0.99845 -0.01532
vn 0.04938 -0.97335 0.22395
vn 0.04112 -0.89277 0.44863
vn 0.03243 -0.76459 0.64370
vn 0.02591 -0.60013 0.79949
vn 0.02242 -0.41090 0.91140
vn 0.02172 -0.20686 0.97813
vn -0.05628 0.00272 0.99841
vn -0.05405 0.21314 0.97553
vn -0.05239 0.41603 0.90784
vn -0.05126 0.60326 0.79590
vn -0.05058 0.76532 0.64166
vn -0.05026 0.89164 0.44995
vn -0.05021 0.97197 0.22969
vn -0.05035 0.99871 -0.00590
vn -0.05064 0.96923 -0.24089
vn -0.05110 0.88671 -0.45949
vn -0.05179 0.75912 -0.64888
vn -0.05279 0.59686 -0.80061
vn -0.05419 0.41046 -0.91027
vn -0.05605 0.20926 -0.97625
vn -0.05839 0.00118 -0.99829
vn -0.06119 -0.20679 -0.97647
vn -0.06436 -0.40772 -0.91084
vn -0.06769 -0.59384 -0.80173
vn -0.07089 -0.75602 -0.65069
vn -0.07355 -0.88387 -0.46191
vn -0.07525 -0.96697 -0.24353
vn -0.07565 -0.99710 -0.00814
vn -0.07466 -0.97070 0.22842
vn -0.07242 -0.89014 0.44990
vn -0.06933 -0.76304 0.64263
vn -0.06581 -0.59989 0.79737
vn -0.06229 -0.41161 0.90923
vn -0.05905 -0.20798 0.97635
vn -0.12252 0.00135 0.99247
vn -0.11870 0.20850 0.97079
vn -0.11649 0.40887 0.90513
vn -0.11560 0.59448 0.79576
vn -0.11562 0.75593 0.64437
vn -0.11609 0.88267 0.45542
vn -0.11655 0.96438 0.23745
vn -0.11665 0.99317 0.00330
vn -0.11627 0.96592 -0.23128
vn -0.11551 0.88533 -0.45039
vn -0.11470 0.75900 -0.64091
vn -0.11427 0.59717 -0.79393
vn -0.11471 0.41040 -0.90466
vn -0.11643 0.20820 -0.97113
vn -0.11976 -0.00126 -0.99280
vn -0.12486 -0.21059 -0.96957
vn -0.13168 -0.41238 -0.90145
vn -0.13980 -0.59827 -0.78900
vn -0.14844 -0.75860 -0.63442
vn -0.15638 -0.88282 -0.44292
vn -0.16222 -0.96104 -0.22379
vn -0.16478 -0.98628 0.00965
vn -0.16352 -0.95644 0.24185
vn -0.15877 -0.87483 0.45767
vn -0.15157 -0.74912 0.64487
vn -0.14328 -0.58913 0.79524
vn -0.13513 -0.40489 0.90432
vn -0.12805 -0.20546 0.97025
vn -0.19276 -0.00121 0.98125
vn -0.17023 0.20287 0.96430
vn -0.15893 0.40181 0.90183
vn -0.15460 0.58680 0.79483
vn -0.15426 0.74815 0.64534
vn -0.15573 0.87522 0.45797
vn -0.15738 0.95762 0.24125
vn -0.15816 0.98738 0.00801
vn -0.15763 0.96128 -0.22604
vn -0.15603 0.88183 -0.44500
vn -0.15425 0.75646 -0.63560
vn -0.15371 0.59522 -0.78873
vn -0.15637 0.40857 -0.89923
vn -0.16487 0.20601 -0.96456
vn -0.18299 -0.00405 -0.98311
vn -0.21635 -0.21323 -0.95275
vn -0.27337 -0.41076 -0.86980
vn -0.36513 -0.57885 -0.72912
vn -0.49905 -0.68609 -0.52936
vn -0.65789 -0.69410 -0.29222
vn -0.78625 -0.61287 -0.07869
vn -0.83947 -0.53882 0.07047
vn -0.81196 -0.54890 0.19859
vn -0.70519 -0.60707 0.36629
vn -0.54981 -0.61551 0.56467
vn -0.40479 -0.53360 0.74257
vn -0.29994 -0.38527 0.87270
vn -0.23290 -0.20128 0.95144
vn -0.26985 -0.02121 0.96267
vn -0.23818 0.18707 0.95303
vn -0.22665 0.38891 0.89296
vn -0.22596 0.57527 0.78613
vn -0.23056 0.73659 0.63583
vn -0.23672 0.86242 0.44743
vn -0.24181 0.94265 0.23008
vn -0.24417 0.96973 -0.00297
vn -0.24317 0.94090 -0.23573
vn -0.23936 0.85916 -0.45227
vn -0.23436 0.73222 -0.63947
vn -0.23078 0.57029 -0.78835
vn -0.23238 0.38387 -0.89367
vn -0.24482 0.18256 -0.95223
vn -0.27771 -0.02443 -0.96035
vn -0.34935 -0.22505 -0.90956
vn -0.49551 -0.39137 -0.77543
vn -0.75704 -0.42757 -0.49403
vn -0.98736 -0.14435 -0.06543
vn -0.95199 0.26028 0.16114
vn -0.86467 0.48668 0.12447
vn -0.83529 0.54971 -0.01003
vn -0.87002 0.47214 -0.14195
vn -0.95913 0.22773 -0.16793
vn -0.97933 -0.18648 0.07828
vn -0.73607 -0.44798 0.50745
vn -0.48060 -0.39642 0.78222
vn -0.33923 -0.22440 0.91355
vn -0.34387 -0.05374 0.93748
vn -0.34905 0.15056 0.92493
vn -0.36036 0.34856 0.86524
vn -0.37526 0.53110 0.75968
vn -0.39107 0.68827 0.61102
vn -0.40512 0.80952 0.42492
vn -0.41505 0.88499 0.21099
vn -0.41924 0.90771 -0.01709
vn -0.41723 0.87564 -0.24325
vn -0.40986 0.79239 -0.45181
vn -0.39907 0.66609 -0.63013
vn -0.38743 0.50721 -0.76983
vn -0.37771 0.32647 -0.86646
vn -0.37259 0.13384 -0.91830
vn -0.37442 -0.06154 -0.92522
vn -0.38495 -0.25076 -0.88822
vn -0.40471 -0.42472 -0.80983
vn -0.43210 -0.57450 -0.69515
vn -0.46261 -0.69340 -0.55244
vn -0.48915 -0.77941 -0.39147
vn -0.50410 -0.83526 -0.21959
vn -0.50238 -0.86377 -0.03893
vn -0.48364 -0.86221 0.15062
vn -0.45253 -0.82246 0.34463
vn -0.41685 -0.73776 0.53099
vn -0.38443 -0.60888 0.69389
vn -0.36051 -0.44417 0.82021
vn -0.34713 -0.25531 0.90240
vn -0.41505 -0.07115 0.90701
vn -0.51878 0.10175 0.84883
vn -0.63980 0.24045 0.72996
vn -0.76744 0.32011 0.55549
vn -0.87900 0.32231 0.35140
vn -0.95199 0.25827 0.16436
vn -0.98437 0.17342 0.03082
vn -0.99173 0.11714 -0.05247
vn -0.98605 0.11429 -0.12097
vn -0.96345 0.15811 -0.21627
vn -0.90833 0.21307 -0.35990
vn -0.81222 0.23114 -0.53560
vn -0.68885 0.18300 -0.70142
vn -0.56289 0.07214 -0.82338
vn -0.45087 -0.08087 -0.88892
vn -0.35788 -0.25535 -0.89818
vn -0.28304 -0.43527 -0.85465
vn -0.22402 -0.60768 -0.76193
vn -0.17886 -0.76072 -0.62394
vn -0.14643 -0.88273 -0.44648
vn -0.12631 -0.96284 -0.23870
vn -0.11844 -0.99287 -0.01360
vn -0.12282 -0.96929 0.21304
vn -0.13933 -0.89434 0.42514
vn -0.16784 -0.77520 0.60901
vn -0.20850 -0.62207 0.75469
vn -0.26206 -0.44613 0.85574
vn -0.33014 -0.25857 0.90783
vn -0.48013 -0.04827 0.87587
vn -0.76285 0.07002 0.64277
vn -0.99582 -0.08822 -0.02382
vn -0.75653 -0.42268 -0.49901
vn -0.54343 -0.64997 -0.53124
vn -0.43505 -0.80172 -0.40985
vn -0.38394 -0.89481 -0.22782
vn -0.36799 -0.92961 -0.02014
vn -0.38069 -0.90524 0.18873
vn -0.42585 -0.82349 0.37486
vn -0.52069 -0.68680 0.50714
vn -0.70588 -0.48790 0.51350
vn -0.96854 -0.19502 0.15456
vn -0.83346 0.02095 -0.55219
vn -0.52001 -0.05602 -0.85232
vn -0.34454 -0.22970 -0.91024
vn -0.24885 -0.41826 -0.87357
vn -0.19212 -0.59846 -0.77778
vn -0.15687 -0.75701 -0.63430
vn -0.13528 -0.88221 -0.45099
vn -0.12369 -0.96342 -0.23774
vn -0.12038 -0.99270 -0.00791
vn -0.12473 -0.96691 0.22254
vn -0.13695 -0.88868 0.43759
vn -0.15825 -0.76551 0.62366
vn -0.19161 -0.60771 0.77070
vn -0.24351 -0.42649 0.87110
vn -0.32839 -0.23387 0.91513
vn -0.53990 0.03142 0.84114
vn -0.94875 0.11997 0.29236
vn -0.77310 -0.22078 -0.59462
vn -0.51287 -0.49324 -0.70262
vn -0.41381 -0.68209 -0.60292
vn -0.37491 -0.81906 -0.43426
vn -0.36080 -0.90431 -0.22812
vn -0.35888 -0.93338 -0.00362
vn -0.36568 -0.90419 0.22072
vn -0.38406 -0.81897 0.42636
vn -0.42574 -0.68248 0.59411
vn -0.52361 -0.49552 0.69303
vn -0.76998 -0.23169 0.59451
vn -0.96281 0.10267 -0.24991
vn -0.54750 0.02907 -0.83630
vn -0.35331 -0.17759 -0.91849
vn -0.28047 -0.38252 -0.88035
vn -0.25284 -0.57071 -0.78125
vn -0.24451 -0.73306 -0.63470
vn -0.24454 -0.85960 -0.44866
vn -0.24732 -0.94049 -0.23305
vn -0.24992 -0.96827 -0.00138
vn -0.25124 -0.94014 0.23026
vn -0.25194 -0.85894 0.44581
vn -0.25457 -0.73216 0.63177
vn -0.26426 -0.56967 0.77823
vn -0.29121 -0.38141 0.87734
vn -0.35951 -0.17643 0.91631
vn -0.56826 0.15593 0.80794
vn -0.89399 0.30900 0.32449
vn -0.87313 -0.00546 -0.48746
vn -0.66398 -0.34924 -0.66118
vn -0.58065 -0.57061 -0.58074
vn -0.55500 -0.71959 -0.41733
vn -0.55023 -0.80750 -0.21258
vn -0.55170 -0.83397 0.01119
vn -0.55556 -0.79793 0.23381
vn -0.56627 -0.70013 0.43491
vn -0.59965 -0.53975 0.59084
vn -0.69505 -0.30128 0.65279
vn -0.90797 0.06933 0.41325
vn -0.84127 0.33237 -0.42637
vn -0.52785 0.14459 -0.83694
vn -0.40528 -0.09420 -0.90933
vn -0.37456 -0.31191 -0.87316
vn -0.38003 -0.50474 -0.77513
vn -0.39895 -0.66764 -0.62856
vn -0.41984 -0.79269 -0.44201
vn -0.43576 -0.87127 -0.22585
vn -0.44266 -0.89667 0.00603
vn -0.43912 -0.86654 0.23725
vn -0.42650 -0.78373 0.45151
vn -0.40884 -0.65532 0.63514
vn -0.39326 -0.49016 0.77787
vn -0.39192 -0.29629 0.87098
vn -0.42958 -0.07897 0.89957
vn -0.54442 0.25803 0.79814
vn -0.68515 0.45543 0.56847
vn -0.87866 0.46325 0.11561
vn -0.93847 0.18626 -0.29082
vn -0.90751 -0.11813 -0.40307
vn -0.88515 -0.32705 -0.33099
vn -0.87880 -0.44373 -0.17553
vn -0.87872 -0.47717 0.01269
vn -0.88088 -0.42955 0.19882
vn -0.88934 -0.29769 0.34706
vn -0.91244 -0.07176 0.40287
vn -0.93461 0.24486 0.25798
vn -0.84852 0.49939 -0.17500
vn -0.65007 0.45566 -0.60810
vn -0.52081 0.24617 -0.81741
vn -0.48155 0.01733 -0.87625
vn -0.49320 -0.19535 -0.84770
vn -0.52850 -0.38379 -0.75723
vn -0.57098 -0.54205 -0.61657
vn -0.60962 -0.66284 -0.43475
vn -0.63650 -0.73843 -0.22268
vn -0.64655 -0.76285 0.00538
vn -0.63804 -0.73397 0.23278
vn -0.61281 -0.65440 0.44297
vn -0.57605 -0.53045 0.62193
vn -0.53586 -0.37003 0.75890
vn -0.50369 -0.18054 0.84481
vn -0.49688 0.03193 0.86723
vn -0.51206 0.32857 0.79362
vn -0.56749 0.52533 0.63402
vn -0.69165 0.63142 0.35061
vn -0.83169 0.55466 0.02521
vn -0.92212 0.34520 -0.17473
vn -0.96823 0.14225 -0.20567
vn -0.99183 0.01272 -0.12692
vn -0.99956 -0.02966 0.00020
vn -0.99183 0.01608 0.12658
vn -0.96789 0.14791 0.20324
vn -0.92094 0.35082 0.16969
vn -0.82969 0.55733 -0.03141
vn -0.68968 0.63067 -0.35580
vn -0.56541 0.52243 -0.63826
vn -0.50934 0.32403 -0.79723
vn -0.51403 0.11038 -0.85064
vn -0.55540 -0.09077 -0.82661
vn -0.61387 -0.26959 -0.74194
vn -0.67510 -0.41963 -0.60676
vn -0.72797 -0.53404 -0.42995
vn -0.76381 -0.60587 -0.22251
vn -0.77680 -0.62975 0.00130
vn -0.76481 -0.60373 0.22488
vn -0.72989 -0.53003 0.43165
vn -0.67779 -0.41422 0.60747
vn -0.61711 -0.26339 0.74149
vn -0.55885 -0.08443 0.82496
vn -0.51730 0.11614 0.84789
vn -0.47027 0.39089 0.79124
vn -0.50506 0.59465 0.62554
vn -0.62060 0.71125 0.33011
vn -0.76935 0.63882 -0.00313
vn -0.87993 0.43175 -0.19826
vn -0.94688 0.23366 -0.22096
vn -0.98481 0.10814 -0.13583
vn -0.99779 0.06638 -0.00356
vn -0.98575 0.10859 0.12849
vn -0.94869 0.23334 0.21339
vn -0.88288 0.42860 0.19191
vn -0.77443 0.63265 0.00123
vn -0.62740 0.70626 -0.32798
vn -0.51009 0.59174 -0.62422
vn -0.47208 0.38755 -0.79180
vn -0.49928 0.17441 -0.84871
vn -0.56333 -0.02113 -0.82596
vn -0.64261 -0.19178 -0.74180
vn -0.72158 -0.33318 -0.60689
vn -0.78812 -0.44012 -0.43031
vn -0.83262 -0.50694 -0.22307
vn -0.84856 -0.52910 0.00059
vn -0.83355 -0.50495 0.22409
vn -0.78986 -0.43641 0.43090
vn -0.72387 -0.32821 0.60687
vn -0.64504 -0.18620 0.74112
vn -0.56528 -0.01567 0.82475
vn -0.49989 0.17902 0.84738
vn -0.40452 0.44675 0.79798
vn -0.43318 0.67170 0.60098
vn -0.57271 0.78813 0.22551
vn -0.74389 0.64870 -0.16067
vn -0.86060 0.39422 -0.32244
vn -0.93594 0.19314 -0.29447
vn -0.98252 0.07617 -0.16985
vn -0.99925 0.03841 -0.00571
vn -0.98443 0.07644 0.15829
vn -0.93970 0.19210 0.28294
vn -0.86654 0.38865 0.31314
vn -0.75399 0.63705 0.16022
vn -0.58769 0.77994 -0.21521
vn -0.44495 0.67075 -0.59339
vn -0.40963 0.44536 -0.79615
vn -0.45759 0.22550 -0.86009
vn -0.54668 0.03594 -0.83657
vn -0.64968 -0.12305 -0.75018
vn -0.74888 -0.25166 -0.61306
vn -0.83092 -0.34752 -0.43451
vn -0.88524 -0.40684 -0.22547
vn -0.90460 -0.42625 -0.00008
vn -0.88636 -0.40454 0.22521
vn -0.83299 -0.34324 0.43395
vn -0.75154 -0.24599 0.61211
vn -0.65234 -0.11683 0.74887
vn -0.54842 0.04166 0.83516
vn -0.45700 0.22949 0.85935
vn -0.30325 0.48417 0.82074
vn -0.33853 0.76630 0.54606
vn -0.54397 0.83746 -0.05256
vn -0.71858 0.52849 -0.45204
vn -0.83119 0.25729 -0.49288
vn -0.91897 0.09436 -0.38286
vn -0.97790 0.00780 -0.20895
vn -0.99978 -0.01896 -0.00851
vn -0.98138 0.00933 0.19185
vn -0.92577 0.09568 0.36577
vn -0.84119 0.25374 0.47751
vn -0.73354 0.51090 0.44822
vn -0.57324 0.81478 0.08676
vn -0.36722 0.77552 -0.51353
vn -0.31382 0.49129 -0.81249
vn -0.38719 0.25522 -0.88597
vn -0.50861 0.07898 -0.85737
vn -0.64101 -0.05710 -0.76540
vn -0.76448 -0.16221 -0.62391
vn -0.86477 -0.23845 -0.44194
vn -0.93059 -0.28474 -0.23004
vn -0.95413 -0.29938 -0.00197
vn -0.93247 -0.28175 0.22611
vn -0.86825 -0.23290 0.43806
vn -0.76901 -0.15497 0.62017
vn -0.64567 -0.04948 0.76201
vn -0.51188 0.08502 0.85484
vn -0.38636 0.25666 0.88592
vn -0.16715 0.50097 0.84917
vn -0.17161 0.84814 0.50122
vn -0.43862 0.83759 -0.32567
vn -0.64251 0.45400 -0.61731
vn -0.78774 0.24007 -0.56730
vn -0.90046 0.12884 -0.41542
vn -0.97322 0.07397 -0.21766
vn -0.99821 0.05979 0.00056
vn -0.97246 0.08239 0.21803
vn -0.89889 0.14517 0.41343
vn -0.78509 0.26310 0.56072
vn -0.63785 0.47996 0.60232
vn -0.43182 0.84964 0.30273
vn -0.17103 0.84364 -0.50895
vn -0.16667 0.48947 -0.85594
vn -0.29974 0.27075 -0.91479
vn -0.46452 0.13426 -0.87532
vn -0.62865 0.03923 -0.77669
vn -0.77556 -0.02948 -0.63059
vn -0.89226 -0.07697 -0.44492
vn -0.96763 -0.10438 -0.22976
vn -0.99375 -0.11162 0.00127
vn -0.96770 -0.09870 0.23199
vn -0.89244 -0.06616 0.44629
vn -0.77594 -0.01456 0.63064
vn -0.62927 0.05683 0.77511
vn -0.46534 0.15269 0.87186
vn -0.30059 0.28750 0.90939
vn -0.02760 0.46732 0.88366
vn 0.09852 0.71338 0.69382
vn -0.03520 0.99332 0.10992
vn -0.42108 0.78748 -0.45008
vn -0.67359 0.53578 -0.50912
vn -0.82758 0.40941 -0.38405
vn -0.91505 0.35364 -0.19397
vn -0.93959 0.34167 0.02085
vn -0.90031 0.36725 0.23362
vn -0.79615 0.43902 0.41641
vn -0.61831 0.58761 0.52192
vn -0.32174 0.85868 0.39894
vn 0.06931 0.96892 -0.23746
vn 0.12757 0.65415 -0.74553
vn -0.02541 0.42791 -0.90346
vn -0.22041 0.30469 -0.92660
vn -0.41760 0.23200 -0.87851
vn -0.60194 0.18604 -0.77657
vn -0.76206 0.15635 -0.62834
vn -0.88685 0.13811 -0.44094
vn -0.96593 0.12898 -0.22436
vn -0.99176 0.12786 0.00766
vn -0.96172 0.13435 0.23886
vn -0.87901 0.14858 0.45306
vn -0.75170 0.17149 0.63682
vn -0.59052 0.20544 0.78044
vn -0.40702 0.25570 0.87690
vn -0.21343 0.33393 0.91812
vn 0.05042 0.38870 0.91998
vn 0.23960 0.43886 0.86602
vn 0.39973 0.51900 0.75555
vn 0.50255 0.63108 0.59092
vn 0.51823 0.75865 0.39483
vn 0.45249 0.86426 0.21979
vn 0.37295 0.92132 0.10992
vn 0.35672 0.93296 0.04840
vn 0.42627 0.90415 -0.02839
vn 0.53392 0.82716 -0.17530
vn 0.59224 0.70715 -0.38625
vn 0.55064 0.57888 -0.60140
vn 0.42350 0.47502 -0.77136
vn 0.24639 0.40454 -0.88070
vn 0.04635 0.36244 -0.93085
vn -0.15983 0.34090 -0.92641
vn -0.36070 0.33320 -0.87113
vn -0.54639 0.33419 -0.76797
vn -0.70676 0.33984 -0.62049
vn -0.83115 0.34688 -0.43458
vn -0.90951 0.35276 -0.21992
vn -0.93452 0.35577 0.00985
vn -0.90379 0.35536 0.23851
vn -0.82061 0.35218 0.45008
vn -0.69296 0.34805 0.63140
vn -0.53132 0.34567 0.77344
vn -0.34658 0.34852 0.87087
vn -0.14918 0.36098 0.92056
vn 0.06936 0.32318 0.94379
vn 0.26166 0.28835 0.92108
vn 0.44679 0.25605 0.85721
vn 0.61756 0.22719 0.75300
vn 0.76574 0.20264 0.61040
vn 0.88225 0.18336 0.43361
vn 0.95814 0.17029 0.23014
vn 0.98636 0.16423 0.01113
vn 0.96364 0.16568 -0.20963
vn 0.89160 0.17471 -0.41776
vn 0.77630 0.19094 -0.60075
vn 0.62658 0.21363 -0.74951
vn 0.45212 0.24184 -0.85855
vn 0.26205 0.27452 -0.92519
vn 0.06450 0.31055 -0.94837
vn -0.13314 0.34865 -0.92775
vn -0.32347 0.38728 -0.86335
vn -0.49846 0.42447 -0.75589
vn -0.64899 0.45781 -0.60764
vn -0.76525 0.48459 -0.42375
vn -0.83806 0.50218 -0.21325
vn -0.86088 0.50868 0.01102
vn -0.83176 0.50345 0.23390
vn -0.75391 0.48732 0.44061
vn -0.63470 0.46232 0.61921
vn -0.48362 0.43102 0.76179
vn -0.31034 0.39602 0.86421
vn -0.12353 0.35950 0.92493
vn 0.05877 0.28145 0.95778
vn 0.25066 0.21907 0.94296
vn 0.43933 0.16425 0.88318
vn 0.61591 0.11762 0.77899
vn 0.77053 0.07982 0.63239
vn 0.89247 0.05169 0.44813
vn 0.97143 0.03415 0.23485
vn 0.99959 0.02798 0.00534
vn 0.97383 0.03345 -0.22481
vn 0.89667 0.05024 -0.43984
vn 0.77548 0.07756 -0.62659
vn 0.62034 0.11442 -0.77594
vn 0.44188 0.15993 -0.88271
vn 0.24998 0.21343 -0.94443
vn 0.05362 0.27439 -0.96012
vn -0.13861 0.34197 -0.92943
vn -0.31776 0.41442 -0.85281
vn -0.47425 0.48826 -0.73259
vn -0.59895 0.55778 -0.57458
vn -0.68552 0.61561 -0.38870
vn -0.73258 0.65443 -0.18723
vn -0.74297 0.66906 0.01880
vn -0.72000 0.65765 0.22156
vn -0.66440 0.62178 0.41470
vn -0.57510 0.56615 0.59054
vn -0.45264 0.49770 0.73987
vn -0.30121 0.42377 0.85422
vn -0.12797 0.35038 0.92782
vn 0.03046 0.24950 0.96790
vn 0.22862 0.19169 0.95446
vn 0.42368 0.14893 0.89348
vn 0.60578 0.11721 0.78695
vn 0.76468 0.09419 0.63749
vn 0.88948 0.07858 0.45017
vn 0.96976 0.06979 0.23387
vn 0.99772 0.06753 0.00162
vn 0.97036 0.07165 -0.23078
vn 0.89051 0.08205 -0.44750
vn 0.76581 0.09878 -0.63544
vn 0.60655 0.12225 -0.78559
vn 0.42350 0.15353 -0.89279
vn 0.22672 0.19478 -0.95428
vn 0.02578 0.24978 -0.96796
vn -0.16860 0.32458 -0.93071
vn -0.34084 0.42755 -0.83728
vn -0.46428 0.56574 -0.68146
vn -0.49858 0.72984 -0.46770
vn -0.42130 0.87475 -0.23942
vn -0.29379 0.95331 -0.06994
vn -0.22575 0.97381 0.02708
vn -0.26755 0.95640 0.11708
vn -0.37999 0.88496 0.26916
vn -0.46018 0.74628 0.48094
vn -0.43772 0.58106 0.68613
vn -0.32474 0.43730 0.83863
vn -0.15949 0.32862 0.93090
vn -0.00417 0.20160 0.97946
vn 0.20327 0.18158 0.96214
vn 0.40417 0.17292 0.89819
vn 0.58988 0.17107 0.78916
vn 0.75080 0.17298 0.63748
vn 0.87637 0.17646 0.44815
vn 0.95640 0.17983 0.23012
vn 0.98329 0.18200 -0.00345
vn 0.95430 0.18248 -0.23667
vn 0.87246 0.18154 -0.45371
vn 0.74560 0.18010 -0.64159
vn 0.58405 0.17969 -0.79158
vn 0.39839 0.18245 -0.89888
vn 0.19829 0.19142 -0.96127
vn -0.00757 0.21123 -0.97741
vn -0.21009 0.24963 -0.94528
vn -0.39639 0.32020 -0.86043
vn -0.54071 0.44538 -0.71364
vn -0.58310 0.64545 -0.49334
vn -0.44045 0.86739 -0.23161
vn -0.20076 0.97770 -0.06156
vn -0.10296 0.99452 -0.01819
vn -0.22691 0.97338 0.03233
vn -0.47272 0.85399 0.21734
vn -0.60261 0.63113 0.48840
vn -0.54973 0.43485 0.71323
vn -0.39939 0.31118 0.86235
vn -0.20925 0.24048 0.94783
vn -0.02162 0.13642 0.99042
vn 0.18577 0.16283 0.96901
vn 0.38533 0.19204 0.90257
vn 0.56916 0.22149 0.79183
vn 0.72806 0.24860 0.63885
vn 0.85181 0.27074 0.44847
vn 0.93047 0.28550 0.22960
vn 0.95668 0.29110 -0.00463
vn 0.92784 0.28686 -0.23839
vn 0.84698 0.27340 -0.45593
vn 0.72181 0.25245 -0.64441
vn 0.56242 0.22637 -0.79526
vn 0.37912 0.19776 -0.90397
vn 0.18110 0.16922 -0.96880
vn -0.02374 0.14335 -0.98939
vn -0.22828 0.12294 -0.96580
vn -0.42523 0.11111 -0.89824
vn -0.60618 0.11103 -0.78754
vn -0.76116 0.12450 -0.63650
vn -0.87977 0.14874 -0.45153
vn -0.95454 0.17294 -0.24278
vn -0.98315 0.18162 -0.02074
vn -0.96410 0.16782 0.20581
vn -0.89414 0.14069 0.42510
vn -0.77507 0.11572 0.62119
vn -0.61650 0.10257 0.78064
vn -0.43097 0.10320 0.89645
vn -0.22969 0.11553 0.96638
vn -0.02017 0.08002 0.99659
vn 0.18193 0.13479 0.97403
vn 0.37660 0.18877 0.90694
vn 0.55617 0.23951 0.79581
vn 0.71164 0.28414 0.64252
vn 0.83296 0.31945 0.45180
vn 0.91037 0.34234 0.23244
vn 0.93657 0.35047 -0.00251
vn 0.90892 0.34295 -0.23718
vn 0.83031 0.32065 -0.45581
vn 0.70824 0.28590 -0.64549
vn 0.55256 0.24177 -0.79764
vn 0.37331 0.19144 -0.90774
vn 0.17944 0.13778 -0.97407
vn -0.02143 0.08321 -0.99630
vn -0.22256 0.02987 -0.97446
vn -0.41718 -0.02028 -0.90860
vn -0.59765 -0.06523 -0.79910
vn -0.75495 -0.10300 -0.64764
vn -0.87884 -0.13171 -0.45859
vn -0.95907 -0.14984 -0.24026
vn -0.98768 -0.15639 -0.00535
vn -0.96132 -0.15094 0.23038
vn -0.88253 -0.13373 0.45083
vn -0.75893 -0.10567 0.64254
vn -0.60088 -0.06829 0.79642
vn -0.41902 -0.02353 0.90767
vn -0.22281 0.02658 0.97450
vn -0.01455 0.04656 0.99881
vn 0.18330 0.11659 0.97612
vn 0.37406 0.18447 0.90887
vn 0.55018 0.24748 0.79753
vn 0.70278 0.30234 0.64397
vn 0.82195 0.34540 0.45288
vn 0.89805 0.37308 0.23308
vn 0.92387 0.38269 -0.00236
vn 0.89681 0.37323 -0.23754
vn 0.81972 0.34575 -0.45665
vn 0.69995 0.30293 -0.64676
vn 0.54724 0.24836 -0.79928
vn 0.37145 0.18567 -0.90970
vn 0.18139 0.11810 -0.97629
vn -0.01545 0.04837 -0.99871
vn -0.21244 -0.02113 -0.97694
vn -0.40293 -0.08808 -0.91098
vn -0.57943 -0.14987 -0.80113
vn -0.73308 -0.20350 -0.64899
vn -0.85385 -0.24556 -0.45895
vn -0.93181 -0.27271 -0.23949
vn -0.95930 -0.28238 -0.00355
vn -0.93324 -0.27355 0.23287
vn -0.85626 -0.24709 0.45362
vn -0.73576 -0.20548 0.64532
vn -0.58170 -0.15206 0.79907
vn -0.40431 -0.09027 0.91016
vn -0.21268 -0.02318 0.97685
vn -0.01259 0.03469 0.99932
vn 0.18254 0.11242 0.97675
vn 0.37082 0.18760 0.90956
vn 0.54472 0.25721 0.79820
vn 0.69546 0.31769 0.64452
vn 0.81322 0.36504 0.45323
vn 0.88843 0.39538 0.23316
vn 0.91396 0.40579 -0.00257
vn 0.88723 0.39519 -0.23802
vn 0.81106 0.36473 -0.45733
vn 0.69276 0.31738 -0.64757
vn 0.54194 0.25704 -0.80014
vn 0.36838 0.18769 -0.91053
vn 0.18078 0.11283 -0.97703
vn -0.01347 0.03545 -0.99928
vn -0.20780 -0.04183 -0.97728
vn -0.39563 -0.11641 -0.91100
vn -0.56956 -0.18537 -0.80078
vn -0.72082 -0.24528 -0.64827
vn -0.83955 -0.29229 -0.45795
vn -0.91603 -0.32258 -0.23838
vn -0.94283 -0.33327 -0.00253
vn -0.91703 -0.32320 0.23364
vn -0.84125 -0.29340 0.45410
vn -0.72274 -0.24668 0.64560
vn -0.57120 -0.18684 0.79926
vn -0.39661 -0.11775 0.91040
vn -0.20789 -0.04292 0.97721
vn -0.01699 0.04344 0.99891
vn 0.17687 0.12317 0.97650
vn 0.36397 0.20039 0.90960
vn 0.53688 0.27198 0.79861
vn 0.68688 0.33426 0.64534
vn 0.80421 0.38309 0.45441
vn 0.87934 0.41441 0.23457
vn 0.90512 0.42516 -0.00109
vn 0.87887 0.41421 -0.23666
vn 0.80335 0.38273 -0.45624
vn 0.68575 0.33379 -0.64679
vn 0.53561 0.27144 -0.79965
vn 0.36269 0.19984 -0.91023
vn 0.17567 0.12265 -0.97678
vn -0.01804 0.04298 -0.99891
vn -0.21185 -0.03643 -0.97662
vn -0.39915 -0.11291 -0.90991
vn -0.57247 -0.18345 -0.79914
vn -0.72304 -0.24454 -0.64608
vn -0.84098 -0.29230 -0.45531
vn -0.91666 -0.32288 -0.23554
vn -0.94278 -0.33343 0.00017
vn -0.91659 -0.32284 0.23589
vn -0.84081 -0.29221 0.45569
vn -0.72273 -0.24439 0.64648
vn -0.57200 -0.18322 0.79953
vn -0.39849 -0.11261 0.91024
vn -0.21099 -0.03605 0.97682
vn -0.02435 0.06082 0.99785
vn 0.16880 0.14047 0.97559
vn 0.35522 0.21781 0.90906
vn 0.52754 0.28970 0.79861
vn 0.67713 0.35241 0.64599
vn 0.79431 0.40173 0.45574
vn 0.86958 0.43349 0.23648
vn 0.89575 0.44455 0.00119
vn 0.87007 0.43371 -0.23426
vn 0.79513 0.40210 -0.45396
vn 0.67804 0.35282 -0.64482
vn 0.52825 0.29001 -0.79803
vn 0.35549 0.21790 -0.90893
vn 0.16847 0.14026 -0.97568
vn -0.02539 0.06028 -0.99786
vn -0.21942 -0.01927 -0.97544
vn -0.40694 -0.09566 -0.90843
vn -0.58039 -0.16590 -0.79726
vn -0.73093 -0.22654 -0.64375
vn -0.84864 -0.27375 -0.45263
vn -0.92387 -0.30381 -0.23273
vn -0.94943 -0.31398 0.00280
vn -0.92270 -0.30326 0.23802
vn -0.84656 -0.27276 0.45709
vn -0.72836 -0.22531 0.64708
vn -0.57778 -0.16464 0.79942
vn -0.40464 -0.09453 0.90958
vn -0.21769 -0.01840 0.97584
vn -0.02829 0.06746 0.99732
vn 0.16369 0.15028 0.97500
vn 0.34887 0.23076 0.90832
vn 0.51992 0.30563 0.79767
vn 0.66827 0.37095 0.64484
vn 0.78431 0.42231 0.45443
vn 0.85868 0.45539 0.23513
vn 0.88430 0.46691 -0.00005
vn 0.85853 0.45563 -0.23523
vn 0.78400 0.42276 -0.45455
vn 0.66779 0.37155 -0.64499
vn 0.51927 0.30632 -0.79783
vn 0.34804 0.23148 -0.90845
vn 0.16270 0.15095 -0.97506
vn -0.02943 0.06805 -0.99725
vn -0.22179 -0.01435 -0.97499
vn -0.40778 -0.09344 -0.90829
vn -0.57995 -0.16615 -0.79753
vn -0.72952 -0.22893 -0.64451
vn -0.84664 -0.27786 -0.45387
vn -0.92169 -0.30914 -0.23434
vn -0.94745 -0.31991 0.00100
vn -0.92121 -0.30913 0.23624
vn -0.84576 -0.27786 0.45551
vn -0.72836 -0.22899 0.64580
vn -0.57865 -0.16632 0.79843
vn -0.40646 -0.09376 0.90885
vn -0.22053 -0.01481 0.97527
vn -0.02932 0.06548 0.99742
vn 0.16065 0.15366 0.97498
vn 0.34386 0.23919 0.90805
vn 0.51303 0.31859 0.79706
vn 0.65964 0.38772 0.64385
vn 0.77419 0.44197 0.45309
vn 0.84743 0.47679 0.23354
vn 0.87241 0.48878 -0.00173
vn 0.84658 0.47668 -0.23681
vn 0.77265 0.44180 -0.45589
vn 0.65764 0.38757 -0.64598
vn 0.51086 0.31854 -0.79847
vn 0.34178 0.23931 -0.90880
vn 0.15888 0.15399 -0.97522
vn -0.03065 0.06603 -0.99735
vn -0.22035 -0.02156 -0.97518
vn -0.40377 -0.10582 -0.90872
vn -0.57359 -0.18346 -0.79833
vn -0.72123 -0.25069 -0.64574
vn -0.83699 -0.30326 -0.45549
vn -0.91138 -0.33701 -0.23622
vn -0.93720 -0.34880 -0.00092
vn -0.91168 -0.33740 0.23453
vn -0.83745 -0.30396 0.45419
vn -0.72163 -0.25158 0.64495
vn -0.57372 -0.18441 0.79802
vn -0.40347 -0.10670 0.90875
vn -0.21954 -0.02231 0.97535
vn -0.02991 0.06344 0.99754
vn 0.15840 0.15520 0.97510
vn 0.34003 0.24415 0.90817
vn 0.50776 0.32666 0.79716
vn 0.65315 0.39846 0.64391
vn 0.76675 0.45476 0.45308
vn 0.83938 0.49086 0.23346
vn 0.86414 0.50324 -0.00188
vn 0.83853 0.49060 -0.23702
vn 0.76521 0.45431 -0.45613
vn 0.65117 0.39793 -0.64624
vn 0.50563 0.32616 -0.79872
vn 0.33800 0.24378 -0.90903
vn 0.15666 0.15503 -0.97541
vn -0.03122 0.06349 -0.99749
vn -0.21927 -0.02771 -0.97527
vn -0.40106 -0.11548 -0.90874
vn -0.56937 -0.19640 -0.79827
vn -0.71566 -0.26650 -0.64561
vn -0.83034 -0.32130 -0.45530
vn -0.90401 -0.35647 -0.23599
vn -0.92955 -0.36870 -0.00068
vn -0.90423 -0.35673 0.23474
vn -0.83068 -0.32177 0.45436
vn -0.71593 -0.26706 0.64507
vn -0.56940 -0.19696 0.79812
vn -0.40070 -0.11593 0.90884
vn -0.21844 -0.02798 0.97545
vn -0.02952 0.06134 0.99768
vn 0.15820 0.15441 0.97526
vn 0.33928 0.24463 0.90832
vn 0.50651 0.32832 0.79728
vn 0.65146 0.40114 0.64396
vn 0.76471 0.45822 0.45305
vn 0.83710 0.49479 0.23332
vn 0.86177 0.50729 -0.00210
vn 0.83621 0.49441 -0.23731
vn 0.76310 0.45753 -0.45646
vn 0.64940 0.40027 -0.64657
vn 0.50432 0.32742 -0.79903
vn 0.33723 0.24382 -0.90930
vn 0.15647 0.15378 -0.97564
vn -0.03081 0.06093 -0.99767
vn -0.21825 -0.03156 -0.97538
vn -0.39947 -0.12055 -0.90878
vn -0.56724 -0.20258 -0.79825
vn -0.71306 -0.27360 -0.64552
vn -0.82736 -0.32911 -0.45516
vn -0.90077 -0.36469 -0.23583
vn -0.92620 -0.37702 -0.00053
vn -0.90096 -0.36483 0.23487
vn -0.82765 -0.32933 0.45446
vn -0.71329 -0.27383 0.64516
vn -0.56725 -0.20274 0.79820
vn -0.39912 -0.12056 0.90894
vn -0.21745 -0.03137 0.97557
vn -0.02818 0.05927 0.99784
vn 0.16009 0.15098 0.97549
vn 0.34173 0.23989 0.90867
vn 0.50953 0.32240 0.79777
vn 0.65504 0.39422 0.64460
vn 0.76882 0.45054 0.45378
vn 0.84165 0.48665 0.23408
vn 0.86660 0.49901 -0.00141
vn 0.84111 0.48629 -0.23679
vn 0.76783 0.44986 -0.45614
vn 0.65375 0.39330 -0.64647
vn 0.50810 0.32133 -0.79912
vn 0.34030 0.23876 -0.90950
vn 0.15876 0.14985 -0.97588
vn -0.02934 0.05821 -0.99787
vn -0.21759 -0.03304 -0.97548
vn -0.39956 -0.12079 -0.90871
vn -0.56798 -0.20162 -0.79796
vn -0.71430 -0.27154 -0.64501
vn -0.82893 -0.32613 -0.45445
vn -0.90246 -0.36104 -0.23498
vn -0.92782 -0.37302 0.00037
vn -0.90235 -0.36085 0.23571
vn -0.82868 -0.32575 0.45515
vn -0.71391 -0.27099 0.64567
vn -0.56742 -0.20090 0.79855
vn -0.39880 -0.11993 0.90916
vn -0.21663 -0.03206 0.97573
vn -0.02587 0.05610 0.99809
vn 0.16362 0.14478 0.97584
vn 0.34653 0.23073 0.90922
vn 0.51560 0.31048 0.79860
vn 0.66234 0.37992 0.64572
vn 0.77724 0.43442 0.45517
vn 0.85096 0.46942 0.23562
vn 0.87646 0.48148 0.00010
vn 0.85106 0.46930 -0.23547
vn 0.77739 0.43418 -0.45515
vn 0.66244 0.37953 -0.64586
vn 0.51554 0.30990 -0.79886
vn 0.34623 0.22996 -0.90953
vn 0.16305 0.14383 -0.97608
vn -0.02673 0.05500 -0.99813
vn -0.21663 -0.03347 -0.97568
vn -0.40012 -0.11858 -0.90876
vn -0.56987 -0.19697 -0.79778
vn -0.71725 -0.26478 -0.64455
vn -0.83260 -0.31767 -0.45371
vn -0.90648 -0.35145 -0.23404
vn -0.93180 -0.36296 0.00141
vn -0.90594 -0.35103 0.23673
vn -0.83163 -0.31690 0.45604
vn -0.71600 -0.26374 0.64636
vn -0.56852 -0.19577 0.79904
vn -0.39883 -0.11733 0.90949
vn -0.21551 -0.03226 0.97597
vn -0.02321 0.05175 0.99839
vn 0.16728 0.13859 0.97612
vn 0.35113 0.22274 0.90945
vn 0.52108 0.30081 0.79874
vn 0.66857 0.36877 0.64577
vn 0.78403 0.42210 0.45512
vn 0.85807 0.45635 0.23548
vn 0.88364 0.46818 -0.00009
vn 0.85805 0.45630 -0.23567
vn 0.78396 0.42198 -0.45535
vn 0.66841 0.36857 -0.64605
vn 0.52079 0.30052 -0.79904
vn 0.35068 0.22235 -0.90972
vn 0.16664 0.13810 -0.97630
vn -0.02402 0.05118 -0.99840
vn -0.21479 -0.03543 -0.97602
vn -0.39913 -0.11878 -0.90917
vn -0.56968 -0.19561 -0.79825
vn -0.71777 -0.26209 -0.64507
vn -0.83370 -0.31400 -0.45425
vn -0.90799 -0.34719 -0.23454
vn -0.93351 -0.35856 0.00099
vn -0.90759 -0.34696 0.23643
vn -0.83297 -0.31357 0.45590
vn -0.71681 -0.26153 0.64637
vn -0.56861 -0.19496 0.79917
vn -0.39808 -0.11812 0.90972
vn -0.21383 -0.03480 0.97625
vn -0.02127 0.04837 0.99860
vn 0.16972 0.13453 0.97627
vn 0.35405 0.21801 0.90946
vn 0.52440 0.29544 0.79857
vn 0.67220 0.36281 0.64539
vn 0.78782 0.41564 0.45452
vn 0.86187 0.44953 0.23472
vn 0.88731 0.46118 -0.00093
vn 0.86149 0.44933 -0.23650
vn 0.78711 0.41527 -0.45609
vn 0.67125 0.36231 -0.64664
vn 0.52333 0.29486 -0.79949
vn 0.35294 0.21740 -0.91004
vn 0.16864 0.13393 -0.97654
vn -0.02227 0.04779 -0.99861
vn -0.21328 -0.03804 -0.97625
vn -0.39787 -0.12067 -0.90947
vn -0.56868 -0.19685 -0.79866
vn -0.71704 -0.26281 -0.64559
vn -0.83324 -0.31434 -0.45486
vn -0.90777 -0.34732 -0.23519
vn -0.93346 -0.35867 0.00038
vn -0.90762 -0.34722 0.23593
vn -0.83293 -0.31414 0.45556
vn -0.71658 -0.26252 0.64622
vn -0.56807 -0.19647 0.79919
vn -0.39712 -0.12022 0.90986
vn -0.21240 -0.03752 0.97646
vn -0.02027 0.04684 0.99870
vn 0.17119 0.13202 0.97635
vn 0.35599 0.21454 0.90953
vn 0.52677 0.29107 0.79861
vn 0.67494 0.35767 0.64539
vn 0.79085 0.40989 0.45447
vn 0.86508 0.44338 0.23462
vn 0.89056 0.45487 -0.00108
vn 0.86464 0.44314 -0.23670
vn 0.79003 0.40944 -0.45630
vn 0.67386 0.35706 -0.64686
vn 0.52554 0.29036 -0.79968
vn 0.35471 0.21379 -0.91021
vn 0.16995 0.13126 -0.97667
vn -0.02142 0.04612 -0.99871
vn -0.21288 -0.03873 -0.97631
vn -0.39790 -0.12039 -0.90950
vn -0.56909 -0.19568 -0.79865
vn -0.71778 -0.26087 -0.64555
vn -0.83423 -0.31178 -0.45480
vn -0.90892 -0.34437 -0.23511
vn -0.93465 -0.35557 0.00046
vn -0.90873 -0.34423 0.23602
vn -0.83387 -0.31152 0.45565
vn -0.71724 -0.26048 0.64631
vn -0.56838 -0.19519 0.79928
vn -0.39703 -0.11980 0.90995
vn -0.21186 -0.03806 0.97656
vn -0.01998 0.04726 0.99868
vn 0.17214 0.13096 0.97633
vn 0.35757 0.21207 0.90949
vn 0.52894 0.28730 0.79855
vn 0.67761 0.35277 0.64529
vn 0.79390 0.40411 0.45434
vn 0.86836 0.43702 0.23445
vn 0.89388 0.44830 -0.00128
vn 0.86784 0.43673 -0.23690
vn 0.79294 0.40356 -0.45649
vn 0.67634 0.35204 -0.64702
vn 0.52750 0.28644 -0.79981
vn 0.35608 0.21115 -0.91029
vn 0.17070 0.13003 -0.97671
vn -0.02131 0.04637 -0.99870
vn -0.21341 -0.03698 -0.97626
vn -0.39903 -0.11719 -0.90942
vn -0.57078 -0.19111 -0.79855
vn -0.71995 -0.25510 -0.64544
vn -0.83677 -0.30507 -0.45469
vn -0.91169 -0.33703 -0.23501
vn -0.93749 -0.34801 0.00054
vn -0.91148 -0.33686 0.23608
vn -0.83636 -0.30472 0.45569
vn -0.71933 -0.25460 0.64632
vn -0.56997 -0.19048 0.79928
vn -0.39803 -0.11645 0.90995
vn -0.21223 -0.03615 0.97655
vn -0.02041 0.04974 0.99855
vn 0.17257 0.13152 0.97618
vn 0.35881 0.21081 0.90929
vn 0.53090 0.28440 0.79829
vn 0.68016 0.34846 0.64495
vn 0.79687 0.39870 0.45392
vn 0.87154 0.43090 0.23397
vn 0.89706 0.44190 -0.00177
vn 0.87081 0.43053 -0.23735
vn 0.79553 0.39801 -0.45685
vn 0.67842 0.34754 -0.64727
vn 0.52898 0.28334 -0.79994
vn 0.35688 0.20970 -0.91031
vn 0.17078 0.13042 -0.97664
vn -0.02198 0.04871 -0.99857
vn -0.21483 -0.03265 -0.97611
vn -0.40119 -0.11088 -0.90926
vn -0.57364 -0.18295 -0.79841
vn -0.72343 -0.24530 -0.64535
vn -0.84075 -0.29397 -0.45467
vn -0.91600 -0.32510 -0.23506
vn -0.94194 -0.33578 0.00043
vn -0.91584 -0.32492 0.23592
vn -0.84042 -0.29362 0.45551
vn -0.72289 -0.24477 0.64615
vn -0.57287 -0.18227 0.79912
vn -0.40016 -0.11006 0.90981
vn -0.21353 -0.03171 0.97642
vn -0.02210 0.05357 0.99832
vn 0.17199 0.13232 0.97617
vn 0.35934 0.20874 0.90956
vn 0.53252 0.27973 0.79886
vn 0.68280 0.34158 0.64583
vn 0.80042 0.39015 0.45509
vn 0.87583 0.42134 0.23537
vn 0.90184 0.43206 -0.00027
vn 0.87577 0.42118 -0.23588
vn 0.80032 0.38985 -0.45553
vn 0.68271 0.34116 -0.64616
vn 0.53247 0.27921 -0.79908
vn 0.35936 0.20816 -0.90969
vn 0.17210 0.13169 -0.97624
vn -0.02191 0.05292 -0.99836
vn -0.21604 -0.02544 -0.97605
vn -0.40367 -0.10076 -0.90934
vn -0.57730 -0.17010 -0.79862
vn -0.72814 -0.23005 -0.64567
vn -0.84632 -0.27684 -0.45509
vn -0.92218 -0.30675 -0.23557
vn -0.94842 -0.31702 -0.00016
vn -0.92230 -0.30660 0.23526
vn -0.84656 -0.27655 0.45482
vn -0.72845 -0.22964 0.64547
vn -0.57763 -0.16958 0.79849
vn -0.40399 -0.10017 0.90926
vn -0.21631 -0.02481 0.97601
vn -0.02248 0.05713 0.99811
vn 0.17296 0.13197 0.97605
vn 0.36163 0.20460 0.90959
vn 0.53609 0.27207 0.79912
vn 0.68756 0.33089 0.64636
vn 0.80621 0.37709 0.45589
vn 0.88241 0.40680 0.23638
vn 0.90887 0.41707 0.00085
vn 0.88284 0.40679 -0.23477
vn 0.80699 0.37706 -0.45454
vn 0.68855 0.33078 -0.64536
vn 0.53714 0.27187 -0.79848
vn 0.36263 0.20427 -0.90927
vn 0.17380 0.13151 -0.97596
vn -0.02183 0.05655 -0.99816
vn -0.21757 -0.01802 -0.97588
vn -0.40673 -0.08968 -0.90914
vn -0.58174 -0.15563 -0.79835
vn -0.73373 -0.21263 -0.64531
vn -0.85276 -0.25709 -0.45466
vn -0.92910 -0.28549 -0.23510
vn -0.95543 -0.29520 0.00029
vn -0.92903 -0.28525 0.23564
vn -0.85267 -0.25665 0.45507
vn -0.73368 -0.21204 0.64556
vn -0.58180 -0.15495 0.79844
vn -0.40695 -0.08898 0.90910
vn -0.21800 -0.01736 0.97579
vn -0.02105 0.05964 0.99800
vn 0.17555 0.13124 0.97568
vn 0.36533 0.20071 0.90898
vn 0.54075 0.26523 0.79828
vn 0.69299 0.32145 0.64532
vn 0.81216 0.36559 0.45470
vn 0.88856 0.39393 0.23511
vn 0.91491 0.40367 -0.00039
vn 0.88843 0.39375 -0.23591
vn 0.81187 0.36523 -0.45550
vn 0.69251 0.32091 -0.64610
vn 0.54004 0.26452 -0.79899
vn 0.36436 0.19984 -0.90956
vn 0.17433 0.13023 -0.97604
vn -0.02250 0.05853 -0.99803
vn -0.21942 -0.01279 -0.97555
vn -0.40966 -0.08130 -0.90861
vn -0.58563 -0.14435 -0.79762
vn -0.73839 -0.19882 -0.64440
vn -0.85793 -0.24127 -0.45358
vn -0.93448 -0.26836 -0.23392
vn -0.96070 -0.27758 0.00150
vn -0.93387 -0.26800 0.23680
vn -0.85679 -0.24058 0.45610
vn -0.73689 -0.19788 0.64641
vn -0.58394 -0.14325 0.79906
vn -0.40794 -0.08014 0.90949
vn -0.21779 -0.01162 0.97593
vn -0.01961 0.06135 0.99792
vn 0.17775 0.13079 0.97535
vn 0.36821 0.19817 0.90838
vn 0.54421 0.26074 0.79741
vn 0.69687 0.31523 0.64421
vn 0.81626 0.35799 0.45340
vn 0.89266 0.38540 0.23370
vn 0.91878 0.39475 -0.00180
vn 0.89190 0.38504 -0.23721
vn 0.81477 0.35729 -0.45662
vn 0.69475 0.31423 -0.64698
vn 0.54155 0.25949 -0.79962
vn 0.36512 0.19673 -0.90994
vn 0.17433 0.12921 -0.97617
vn -0.02326 0.05968 -0.99795
vn -0.22090 -0.00946 -0.97525
vn -0.41181 -0.07587 -0.90811
vn -0.58835 -0.13695 -0.79693
vn -0.74155 -0.18971 -0.64352
vn -0.86135 -0.23081 -0.45255
vn -0.93796 -0.25700 -0.23279
vn -0.96401 -0.26587 0.00268
vn -0.93679 -0.25651 0.23794
vn -0.85918 -0.22988 0.45713
vn -0.73860 -0.18844 0.64727
vn -0.58490 -0.13545 0.79972
vn -0.40810 -0.07423 0.90991
vn -0.21715 -0.00777 0.97611
vn -0.01794 0.06251 0.99788
vn 0.17980 0.13063 0.97499
vn 0.37057 0.19672 0.90773
vn 0.54680 0.25807 0.79650
vn 0.69959 0.31150 0.64307
vn 0.81898 0.35339 0.45209
vn 0.89526 0.38020 0.23230
vn 0.92112 0.38928 -0.00321
vn 0.89385 0.37964 -0.23854
vn 0.81627 0.35231 -0.45779
vn 0.69575 0.30998 -0.64796
vn 0.54202 0.25620 -0.80036
vn 0.36506 0.19456 -0.91043
vn 0.17373 0.12828 -0.97640
vn -0.02436 0.06003 -0.99790
vn -0.22247 -0.00781 -0.97491
vn -0.41378 -0.07295 -0.90745
vn -0.59062 -0.13285 -0.79594
vn -0.74398 -0.18454 -0.64221
vn -0.86378 -0.22477 -0.45096
vn -0.94019 -0.25036 -0.23099
vn -0.96589 -0.25892 0.00455
vn -0.93819 -0.24962 0.23975
vn -0.86003 -0.22339 0.45875
vn -0.73888 -0.18266 0.64860
vn -0.58464 -0.13061 0.80071
vn -0.40733 -0.07052 0.91055
vn -0.21590 -0.00531 0.97640
vn -0.01543 0.06304 0.99789
vn 0.18237 0.13099 0.97447
vn 0.37311 0.19689 0.90666
vn 0.54918 0.25805 0.79487
vn 0.70166 0.31125 0.64093
vn 0.82060 0.35290 0.44953
vn 0.89629 0.37948 0.22947
vn 0.92149 0.38835 -0.00612
vn 0.89357 0.37855 -0.24130
vn 0.81541 0.35113 -0.46023
vn 0.69443 0.30879 -0.64994
vn 0.54037 0.25506 -0.80184
vn 0.36319 0.19355 -0.91139
vn 0.17175 0.12743 -0.97686
vn -0.02640 0.05938 -0.99789
vn -0.22449 -0.00825 -0.97444
vn -0.41571 -0.07317 -0.90655
vn -0.59240 -0.13284 -0.79461
vn -0.74552 -0.18432 -0.64049
vn -0.86497 -0.22433 -0.44890
vn -0.94093 -0.24971 -0.22869
vn -0.96609 -0.25812 0.00697
vn -0.93783 -0.24870 0.24212
vn -0.85911 -0.22241 0.46093
vn -0.73749 -0.18168 0.65047
vn -0.58283 -0.12970 0.80217
vn -0.40521 -0.06970 0.91156
vn -0.21354 -0.00462 0.97692
vn 0.01261 0.07222 0.99731
vn 0.20976 0.14050 0.96761
vn 0.39884 0.20635 0.89350
vn 0.57206 0.26698 0.77554
vn 0.72032 0.31911 0.61588
vn 0.83361 0.35908 0.41972
vn 0.90242 0.38342 0.19654
vn 0.92008 0.38968 -0.04000
vn 0.88474 0.37720 -0.27378
vn 0.80004 0.34729 -0.48922
vn 0.67386 0.30285 -0.67394
vn 0.51610 0.24749 -0.81999
vn 0.33659 0.18477 -0.92334
vn 0.14399 0.11782 -0.98254
vn -0.05433 0.04928 -0.99731
vn -0.25166 -0.01854 -0.96764
vn -0.44114 -0.08330 -0.89356
vn -0.61493 -0.14239 -0.77562
vn -0.76383 -0.19281 -0.61594
vn -0.87769 -0.23123 -0.41976
vn -0.94688 -0.25453 -0.19654
vn -0.96464 -0.26052 0.04004
vn -0.92909 -0.24858 0.27387
vn -0.84392 -0.21992 0.48933
vn -0.71713 -0.17712 0.67406
vn -0.55875 -0.12344 0.82010
vn -0.37872 -0.06214 0.92342
vn -0.18579 0.00391 0.98258
vn 0.99208 0.12559 -0.00000
vn 0.00000 1.00000 0.00000
vn -0.00000 -1.00000 0.00000
vn 0.22673 0.97386 -0.01379
vn 0.22144 0.97386 0.05065
vn 0.19820 0.97386 0.11098
vn 0.15890 0.97386 0.16232
vn 0.10673 0.97386 0.20052
vn 0.04592 0.97386 0.22246
vn -0.01862 0.97386 0.22639
vn -0.08164 0.97386 0.21197
vn -0.13806 0.97386 0.18039
vn -0.18329 0.97386 0.13418
vn -0.21366 0.97386 0.07711
vn -0.22673 0.97386 0.01379
vn -0.22144 0.97386 -0.05065
vn -0.19820 0.97386 -0.11098
vn -0.15890 0.97386 -0.16232
vn -0.10673 0.97386 -0.20052
vn -0.04592 0.97386 -0.22246
vn 0.01862 0.97386 -0.22639
vn 0.08164 0.97386 -0.21197
vn 0.13806 0.97386 -0.18039
vn 0.18329 0.97386 -0.13418
vn 0.21366 0.97386 -0.07711
vn 0.39698 0.91774 -0.01300
vn 0.38456 0.91774 0.09937
vn 0.34099 0.91774 0.20369
vn 0.26979 0.91774 0.29151
vn 0.17673 0.91774 0.35571
vn 0.06936 0.91774 0.39109
vn -0.04363 0.91774 0.39479
vn -0.15309 0.91774 0.36650
vn -0.25014 0.91774 0.30853
vn -0.32693 0.91774 0.22556
vn -0.37724 0.91774 0.12431
vn -0.39698 0.91774 0.01300
vn -0.38456 0.91774 -0.09937
vn -0.34099 0.91774 -0.20369
vn -0.26979 0.91774 -0.29151
vn -0.17673 0.91774 -0.35571
vn -0.06936 0.91774 -0.39109
vn 0.04363 0.91774 -0.39479
vn 0.15309 0.91774 -0.36650
vn 0.25014 0.91774 -0.30853
vn 0.32693 0.91774 -0.22556
vn 0.37724 0.91774 -0.12431
vn 0.56353 0.82601 -0.01170
vn 0.54400 0.82601 0.14754
vn 0.48039 0.82601 0.29483
vn 0.37787 0.82601 0.41823
vn 0.24474 0.82601 0.50774
vn 0.09178 0.82601 0.55613
vn -0.06862 0.82601 0.55946
vn -0.22346 0.82601 0.51746
vn -0.36019 0.82601 0.43355
vn -0.46775 0.82601 0.31451
vn -0.53740 0.82601 0.16999
vn -0.56353 0.82601 0.01170
vn -0.54400 0.82601 -0.14754
vn -0.48039 0.82601 -0.29483
vn -0.37787 0.82601 -0.41823
vn -0.24474 0.82601 -0.50774
vn -0.09178 0.82601 -0.55613
vn 0.06862 0.82601 -0.55946
vn 0.22346 0.82601 -0.51746
vn 0.36019 0.82601 -0.43355
vn 0.46775 0.82601 -0.31451
vn 0.53740 0.82601 -0.16999
vn 0.71161 0.70250 -0.00995
vn 0.68559 0.70250 0.19094
vn 0.60403 0.70250 0.37636
vn 0.47353 0.70250 0.53129
vn 0.30466 0.70250 0.64318
vn 0.11112 0.70250 0.70296
vn -0.09143 0.70250 0.70579
vn -0.28657 0.70250 0.65144
vn -0.45849 0.70250 0.54432
vn -0.59327 0.70250 0.39310
vn -0.67999 0.70250 0.21003
vn -0.71161 0.70250 0.00995
vn -0.68559 0.70250 -0.19094
vn -0.60403 0.70250 -0.37636
vn -0.47353 0.70250 -0.53129
vn -0.30466 0.70250 -0.64318
vn -0.11112 0.70250 -0.70296
vn 0.09143 0.70250 -0.70579
vn 0.28657 0.70250 -0.65144
vn 0.45849 0.70250 -0.54432
vn 0.59327 0.70250 -0.39310
vn 0.67999 0.70250 -0.21003
vn 0.83383 0.55197 -0.00782
vn 0.80226 0.55197 0.22742
vn 0.70569 0.55197 0.44423
vn 0.55195 0.55197 0.62505
vn 0.35350 0.55197 0.75523
vn 0.12640 0.55197 0.82423
vn -0.11093 0.55197 0.82645
vn -0.33928 0.55197 0.76172
vn -0.54013 0.55197 0.63528
vn -0.69724 0.55197 0.45738
vn -0.79785 0.55197 0.24242
vn -0.83383 0.55197 0.00782
vn -0.80226 0.55197 -0.22742
vn -0.70569 0.55197 -0.44423
vn -0.55195 0.55197 -0.62505
vn -0.35350 0.55197 -0.75523
vn -0.12640 0.55197 -0.82423
vn 0.11093 0.55197 -0.82645
vn 0.33928 0.55197 -0.76172
vn 0.54013 0.55197 -0.63528
vn 0.69724 0.55197 -0.45738
vn 0.79785 0.55197 -0.24242
vn 0.92488 0.38021 -0.00538
vn 0.88894 0.38021 0.25540
vn 0.78097 0.38021 0.49550
vn 0.60974 0.38021 0.69546
vn 0.38911 0.38021 0.83907
vn 0.13695 0.38021 0.91470
vn -0.12630 0.38021 0.91624
vn -0.37931 0.38021 0.84354
vn -0.60160 0.38021 0.70251
vn -0.77515 0.38021 0.50456
vn -0.88590 0.38021 0.26574
vn -0.92488 0.38021 0.00538
vn -0.88894 0.38021 -0.25540
vn -0.78097 0.38021 -0.49550
vn -0.60974 0.38021 -0.69546
vn -0.38911 0.38021 -0.83907
vn -0.13695 0.38021 -0.91470
vn 0.12630 0.38021 -0.91624
vn 0.37931 0.38021 -0.84354
vn 0.60160 0.38021 -0.70251
vn 0.77515 0.38021 -0.50456
vn 0.88590 0.38021 -0.26574
vn 0.98103 0.19383 -0.00274
vn 0.94207 0.19383 0.27375
vn 0.82678 0.19383 0.52808
vn 0.64451 0.19383 0.73962
vn 0.41003 0.19383 0.89124
vn 0.14233 0.19383 0.97065
vn -0.13690 0.19383 0.97144
vn -0.40504 0.19383 0.89352
vn -0.64036 0.19383 0.74321
vn -0.82381 0.19383 0.53269
vn -0.94052 0.19383 0.27902
vn -0.98103 0.19383 0.00274
vn -0.94207 0.19383 -0.27375
vn -0.82678 0.19383 -0.52808
vn -0.64451 0.19383 -0.73962
vn -0.41003 0.19383 -0.89124
vn -0.14233 0.19383 -0.97065
vn 0.13690 0.19383 -0.97144
vn 0.40504 0.19383 -0.89352
vn 0.64036 0.19383 -0.74321
vn 0.82381 0.19383 -0.53269
vn 0.94052 0.19383 -0.27902
vn 1.00000 0.00000 0.00000
vn 0.95949 0.00000 0.28173
vn 0.84125 0.00000 0.54064
vn 0.65486 0.00000 0.75575
vn 0.41542 -0.00000 0.90963
vn 0.14231 -0.00000 0.98982
vn -0.14231 0.00000 0.98982
vn -0.41542 0.00000 0.90963
vn -0.65486 0.00000 0.75575
vn -0.84125 -0.00000 0.54064
vn -0.95949 -0.00000 0.28173
vn -1.00000 0.00000 0.00000
vn -0.95949 0.00000 -0.28173
vn -0.84125 -0.00000 -0.54064
vn -0.65486 -0.00000 -0.75575
vn -0.41542 0.00000 -0.90963
vn -0.14231 -0.00000 -0.98982
vn 0.14231 -0.00000 -0.98982
vn 0.41542 -0.00000 -0.90963
vn 0.65486 0.00000 -0.75575
vn 0.84125 0.00000 -0.54064
vn 0.95949 0.00000 -0.28173
vn 0.98103 -0.19383 0.00274
vn 0.94052 -0.19383 0.27902
vn 0.82381 -0.19383 0.53269
vn 0.64036 -0.19383 0.74321
vn 0.40504 -0.19383 0.89352
vn 0.13690 -0.19383 0.97144
vn -0.14233 -0.19383 0.97065
vn -0.41003 -0.19383 0.89124
vn -0.64451 -0.19383 0.73962
vn -0.82678 -0.19383 0.52808
vn -0.94207 -0.19383 0.27375
vn -0.98103 -0.19383 -0.00274
vn -0.94052 -0.19383 -0.27902
vn -0.82381 -0.19383 -0.53269
vn -0.64036 -0.19383 -0.74321
vn -0.40504 -0.19383 -0.89352
vn -0.13690 -0.19383 -0.97144
vn 0.14233 -0.19383 -0.97065
vn 0.41003 -0.19383 -0.89124
vn 0.64451 -0.19383 -0.73962
vn 0.82678 -0.19383 -0.52808
vn 0.94207 -0.19383 -0.27375
vn 0.92488 -0.38021 0.00538
vn 0.88590 -0.38021 0.26574
vn 0.77515 -0.38021 0.50456
vn 0.60160 -0.38021 0.70251
vn 0.37931 -0.38021 0.84354
vn 0.12630 -0.38021 0.91624
vn -0.13695 -0.38021 0.91470
vn -0.38911 -0.38021 0.83907
vn -0.60974 -0.38021 0.69546
vn -0.78097 -0.38021 0.49550
vn -0.88894 -0.38021 0.25540
vn -0.92488 -0.38021 -0.00538
vn -0.88590 -0.38021 -0.26574
vn -0.77515 -0.38021 -0.50456
vn -0.60160 -0.38021 -0.70251
vn -0.37931 -0.38021 -0.84354
vn -0.12630 -0.38021 -0.91624
vn 0.13695 -0.38021 -0.91470
vn 0.38911 -0.38021 -0.83907
vn 0.60974 -0.38021 -0.69546
vn 0.78097 -0.38021 -0.49550
vn 0.88894 -0.38021 -0.25540
vn 0.83383 -0.55197 0.00782
vn 0.79785 -0.55197 0.24242
vn 0.69724 -0.55197 0.45738
vn 0.54013 -0.55197 0.63528
vn 0.33928 -0.55197 0.76172
vn 0.11093 -0.55197 0.82645
vn -0.12640 -0.55197 0.82423
vn -0.35350 -0.55197 0.75523
vn -0.55195 -0.55197 0.62505
vn -0.70569 -0.55197 0.44423
vn -0.80226 -0.55197 0.22742
vn -0.83383 -0.55197 -0.00782
vn -0.79785 -0.55197 -0.24242
vn -0.69724 -0.55197 -0.45738
vn -0.54013 -0.55197 -0.63528
vn -0.33928 -0.55197 -0.76172
vn -0.11093 -0.55197 -0.82645
vn 0.12640 -0.55197 -0.82423
vn 0.35350 -0.55197 -0.75523
vn 0.55195 -0.55197 -0.62505
vn 0.70569 -0.55197 -0.44423
vn 0.80226 -0.55197 -0.22742
vn 0.71161 -0.70250 0.00995
vn 0.67999 -0.70250 0.21003
vn 0.59327 -0.70250 0.39310
vn 0.45849 -0.70250 0.54432
vn 0.28657 -0.70250 0.65144
vn 0.09143 -0.70250 0.70579
vn -0.11112 -0.70250 0.70296
vn -0.30466 -0.70250 0.64318
vn -0.47353 -0.70250 0.53129
vn -0.60403 -0.70250 0.37636
vn -0.68559 -0.70250 0.19094
vn -0.71161 -0.70250 -0.00995
vn -0.67999 -0.70250 -0.21003
vn -0.59327 -0.70250 -0.39310
vn -0.45849 -0.70250 -0.54432
vn -0.28657 -0.70250 -0.65144
vn -0.09143 -0.70250 -0.70579
vn 0.11112 -0.70250 -0.70296
vn 0.30466 -0.70250 -0.64318
vn 0.47353 -0.70250 -0.53129
vn 0.60403 -0.70250 -0.37636
vn 0.68559 -0.70250 -0.19094
vn 0.56353 -0.82601 0.01170
vn 0.53740 -0.82601 0.16999
vn 0.46775 -0.82601 0.31451
vn 0.36019 -0.82601 0.43355
vn 0.22346 -0.82601 0.51746
vn 0.06862 -0.82601 0.55946
vn -0.09178 -0.82601 0.55613
vn -0.24474 -0.82601 0.50774
vn -0.37787 -0.82601 0.41823
vn -0.48039 -0.82601 0.29483
vn -0.54400 -0.82601 0.14754
vn -0.56353 -0.82601 -0.01170
vn -0.53740 -0.82601 -0.16999
vn -0.46775 -0.82601 -0.31451
vn -0.36019 -0.82601 -0.43355
vn -0.22346 -0.82601 -0.51746
vn -0.06862 -0.82601 -0.55946
vn 0.09178 -0.82601 -0.55613
vn 0.24474 -0.82601 -0.50774
vn 0.37787 -0.82601 -0.41823
vn 0.48039 -0.82601 -0.29483
vn 0.54400 -0.82601 -0.14754
vn 0.39698 -0.91774 0.01300
vn 0.37724 -0.91774 0.12431
vn 0.32693 -0.91774 0.22556
vn 0.25014 -0.91774 0.30853
vn 0.15309 -0.91774 0.36650
vn 0.04363 -0.91774 0.39479
vn -0.06936 -0.91774 0.39109
vn -0.17673 -0.91774 0.35571
vn -0.26979 -0.91774 0.29151
vn -0.34099 -0.91774 0.20369
vn -0.38456 -0.91774 0.09937
vn -0.39698 -0.91774 -0.01300
vn -0.37724 -0.91774 -0.12431
vn -0.32693 -0.91774 -0.22556
vn -0.25014 -0.91774 -0.30853
vn -0.15309 -0.91774 -0.36650
vn -0.04363 -0.91774 -0.39479
vn 0.06936 -0.91774 -0.39109
vn 0.17673 -0.91774 -0.35571
vn 0.26979 -0.91774 -0.29151
vn 0.34099 -0.91774 -0.20369
vn 0.38456 -0.91774 -0.09937
vn 0.22673 -0.97386 0.01379
vn 0.21366 -0.97386 0.07711
vn 0.18329 -0.97386 0.13418
vn 0.13806 -0.97386 0.18039
vn 0.08164 -0.97386 0.21197
vn 0.01862 -0.97386 0.22639
vn -0.04592 -0.97386 0.22246
vn -0.10673 -0.97386 0.20052
vn -0.15890 -0.97386 0.16232
vn -0.19820 -0.97386 0.11098
vn -0.22144 -0.97386 0.05065
vn -0.22673 -0.97386 -0.01379
vn -0.21366 -0.97386 -0.07711
vn -0.18329 -0.97386 -0.13418
vn -0.13806 -0.97386 -0.18039
vn -0.08164 -0.97386 -0.21197
vn -0.01862 -0.97386 -0.22639
vn 0.04592 -0.97386 -0.22246
vn 0.10673 -0.97386 -0.20052
vn 0.15890 -0.97386 -0.16232
vn 0.19820 -0.97386 -0.11098
vn 0.22144 -0.97386 -0.05065
vn 0.00000 1.00000 0.00000
vn 0.00000 -1.00000 -0.00000
vn 0.26554 0.96382 -0.02322
vn 0.25371 0.96352 0.08522
vn 0.20310 0.96238 0.18046
vn 0.12170 0.96108 0.24800
vn 0.02204 0.96038 0.27782
vn -0.08092 0.96068 0.26561
vn -0.17177 0.96181 0.21313
vn -0.23669 0.96311 0.12806
vn -0.26554 0.96382 0.02322
vn -0.25371 0.96352 -0.08522
vn -0.20310 0.96238 -0.18046
vn -0.12170 0.96108 -0.24800
vn -0.02204 0.96038 -0.27782
vn 0.08092 0.96068 -0.26561
vn 0.17177 0.96181 -0.21313
vn 0.23669 0.96311 -0.12806
vn 0.46776 0.88360 -0.02129
vn 0.43935 0.88245 0.16807
vn 0.34334 0.87912 0.33056
vn 0.19594 0.87557 0.44157
vn 0.02005 0.87387 0.48575
vn -0.15871 0.87498 0.45741
vn -0.31452 0.87827 0.36017
vn -0.42356 0.88185 0.20721
vn -0.46776 0.88360 0.02129
vn -0.43935 0.88245 -0.16807
vn -0.34334 0.87912 -0.33056
vn -0.19594 0.87557 -0.44157
vn -0.02005 0.87387 -0.48575
vn 0.15871 0.87498 -0.45741
vn 0.31452 0.87827 -0.36017
vn 0.42356 0.88185 -0.20721
vn 0.66744 0.74445 -0.01794
vn 0.62135 0.74228 0.25089
vn 0.47887 0.73652 0.47772
vn 0.26617 0.73065 0.62873
vn 0.01670 0.72802 0.68535
vn -0.23501 0.73007 0.64169
vn -0.45446 0.73568 0.50224
vn -0.60782 0.74167 0.28370
vn -0.66744 0.74445 0.01794
vn -0.62135 0.74228 -0.25089
vn -0.47887 0.73652 -0.47772
vn -0.26617 0.73065 -0.62873
vn -0.01670 0.72802 -0.68535
vn 0.23501 0.73007 -0.64169
vn 0.45446 0.73568 -0.50224
vn 0.60782 0.74167 -0.28370
vn 0.83880 0.54428 -0.01311
vn 0.77594 0.54163 0.32335
vn 0.59169 0.53500 0.60305
vn 0.32287 0.52846 0.78517
vn 0.01206 0.52566 0.85061
vn -0.30025 0.52808 0.79435
vn -0.57374 0.53445 0.62064
vn -0.76585 0.54123 0.34720
vn -0.83880 0.54428 0.01311
vn -0.77594 0.54163 -0.32335
vn -0.59169 0.53500 -0.60305
vn -0.32287 0.52846 -0.78517
vn -0.01206 0.52566 -0.85061
vn 0.30025 0.52808 -0.79435
vn 0.57374 0.53445 -0.62064
vn 0.76585 0.54123 -0.34720
vn 0.95726 0.28914 -0.00697
vn 0.88110 0.28724 0.37572
vn 0.66632 0.28267 0.69001
vn 0.35845 0.27826 0.89112
vn 0.00634 0.27645 0.96101
vn -0.34650 0.27814 0.89586
vn -0.65674 0.28249 0.69920
vn -0.87565 0.28711 0.38833
vn -0.95726 0.28914 0.00697
vn -0.88110 0.28724 -0.37572
vn -0.66632 0.28267 -0.69001
vn -0.35845 0.27826 -0.89112
vn -0.00634 0.27645 -0.96101
vn 0.34650 0.27814 -0.89586
vn 0.65674 0.28249 -0.69920
vn 0.87565 0.28711 -0.38833
vn 1.00000 -0.00000 0.00000
vn 0.91702 0.00000 0.39884
vn 0.68966 -0.00000 0.72414
vn 0.36697 -0.00000 0.93023
vn 0.00000 0.00000 1.00000
vn -0.36697 0.00000 0.93023
vn -0.68966 0.00000 0.72414
vn -0.91702 -0.00000 0.39884
vn -1.00000 -0.00000 0.00000
vn -0.91702 0.00000 -0.39884
vn -0.68966 -0.00000 -0.72414
vn -0.36697 -0.00000 -0.93023
vn -0.00000 0.00000 -1.00000
vn 0.36697 -0.00000 -0.93023
vn 0.68966 0.00000 -0.72414
vn 0.91702 0.00000 -0.39884
vn 0.95726 -0.28914 0.00697
vn 0.87565 -0.28711 0.38833
vn 0.65674 -0.28249 0.69920
vn 0.34650 -0.27814 0.89586
vn -0.00634 -0.27645 0.96101
vn -0.35845 -0.27826 0.89112
vn -0.66632 -0.28267 0.69001
vn -0.88110 -0.28724 0.37572
vn -0.95726 -0.28914 -0.00697
vn -0.87565 -0.28711 -0.38833
vn -0.65674 -0.28249 -0.69920
vn -0.34650 -0.27814 -0.89586
vn 0.00634 -0.27645 -0.96101
vn 0.35845 -0.27826 -0.89112
vn 0.66632 -0.28267 -0.69001
vn 0.88110 -0.28724 -0.37572
vn 0.83880 -0.54428 0.01311
vn 0.76585 -0.54123 0.34720
vn 0.57374 -0.53445 0.62064
vn 0.30025 -0.52808 0.79435
vn -0.01206 -0.52566 0.85061
vn -0.32287 -0.52846 0.78517
vn -0.59169 -0.53500 0.60305
vn -0.77594 -0.54163 0.32335
vn -0.83880 -0.54428 -0.01311
vn -0.76585 -0.54123 -0.34720
vn -0.57374 -0.53445 -0.62064
vn -0.30025 -0.52808 -0.79435
vn 0.01206 -0.52566 -0.85061
vn 0.32287 -0.52846 -0.78517
vn 0.59169 -0.53500 -0.60305
vn 0.77594 -0.54163 -0.32335
vn 0.66744 -0.74445 0.01794
vn 0.60782 -0.74167 0.28370
vn 0.45446 -0.73568 0.50224
vn 0.23501 -0.73007 0.64169
vn -0.01670 -0.72802 0.68535
vn -0.26617 -0.73065 0.62873
vn -0.47887 -0.73652 0.47772
vn -0.62135 -0.74228 0.25089
vn -0.66744 -0.74445 -0.01794
vn -0.60782 -0.74167 -0.28370
vn -0.45446 -0.73568 -0.50224
vn -0.23501 -0.73007 -0.64169
vn 0.01670 -0.72802 -0.68535
vn 0.26617 -0.73065 -0.62873
vn 0.47887 -0.73652 -0.47772
vn 0.62135 -0.74228 -0.25089
vn 0.46776 -0.88360 0.02129
vn 0.42356 -0.88185 0.20721
vn 0.31452 -0.87827 0.36017
vn 0.15871 -0.87498 0.45741
vn -0.02005 -0.87387 0.48575
vn -0.19594 -0.87557 0.44157
vn -0.34334 -0.87912 0.33056
vn -0.43935 -0.88245 0.16807
vn -0.46776 -0.88360 -0.02129
vn -0.42356 -0.88185 -0.20721
vn -0.31452 -0.87827 -0.36017
vn -0.15871 -0.87498 -0.45741
vn 0.02005 -0.87387 -0.48575
vn 0.19594 -0.87557 -0.44157
vn 0.34334 -0.87912 -0.33056
vn 0.43935 -0.88245 -0.16807
vn 0.26554 -0.96382 0.02322
vn 0.23669 -0.96311 0.12806
vn 0.17177 -0.96181 0.21313
vn 0.08092 -0.96068 0.26561
vn -0.02204 -0.96038 0.27782
vn -0.12170 -0.96108 0.24800
vn -0.20310 -0.96238 0.18046
vn -0.25371 -0.96352 0.08522
vn -0.26554 -0.96382 -0.02322
vn -0.23669 -0.96311 -0.12806
vn -0.17177 -0.96181 -0.21313
vn -0.08092 -0.96068 -0.26561
vn 0.02204 -0.96038 -0.27782
vn 0.12170 -0.96108 -0.24800
vn 0.20310 -0.96238 -0.18046
vn 0.25371 -0.96352 -0.08522
vn 0.00000 1.00000 0.00000
vn 0.00000 -1.00000 -0.00000
vn 0.29986 0.95365 -0.02497
vn 0.28660 0.95365 0.09168
vn 0.22970 0.95365 0.19438
vn 0.13783 0.95365 0.26748
vn 0.02497 0.95365 0.29986
vn -0.09168 0.95365 0.28660
vn -0.19438 0.95365 0.22970
vn -0.26748 0.95365 0.13783
vn -0.29986 0.95365 0.02497
vn -0.28660 0.95365 -0.09168
vn -0.22970 0.95365 -0.19438
vn -0.13783 0.95365 -0.26748
vn -0.02497 0.95365 -0.29986
vn 0.09168 0.95365 -0.28660
vn 0.19438 0.95365 -0.22970
vn 0.26748 0.95365 -0.13783
vn 0.51700 0.85569 -0.02241
vn 0.48622 0.85569 0.17715
vn 0.38142 0.85569 0.34973
vn 0.21855 0.85569 0.46907
vn 0.02241 0.85569 0.51700
vn -0.17715 0.85569 0.48622
vn -0.34973 0.85569 0.38142
vn -0.46907 0.85569 0.21855
vn -0.51700 0.85569 0.02241
vn -0.48622 0.85569 -0.17715
vn -0.38142 0.85569 -0.34973
vn -0.21855 0.85569 -0.46907
vn -0.02241 0.85569 -0.51700
vn 0.17715 0.85569 -0.48622
vn 0.34973 0.85569 -0.38142
vn 0.46907 0.85569 -0.21855
vn 0.71506 0.69882 -0.01830
vn 0.66764 0.69882 0.25674
vn 0.51857 0.69882 0.49269
vn 0.29055 0.69882 0.65363
vn 0.01830 0.69882 0.71506
vn -0.25674 0.69882 0.66764
vn -0.49269 0.69882 0.51857
vn -0.65363 0.69882 0.29055
vn -0.71506 0.69882 0.01830
vn -0.66764 0.69882 -0.25674
vn -0.51857 0.69882 -0.49269
vn -0.29055 0.69882 -0.65363
vn -0.01830 0.69882 -0.71506
vn 0.25674 0.69882 -0.66764
vn 0.49269 0.69882 -0.51857
vn 0.65363 0.69882 -0.29055
vn 0.86925 0.49420 -0.01294
vn 0.80803 0.49420 0.32069
vn 0.62380 0.49420 0.60550
vn 0.34460 0.49420 0.79813
vn 0.01294 0.49420 0.86925
vn -0.32069 0.49420 0.80803
vn -0.60550 0.49420 0.62380
vn -0.79813 0.49420 0.34460
vn -0.86925 0.49420 0.01294
vn -0.80803 0.49420 -0.32069
vn -0.62380 0.49420 -0.60550
vn -0.34460 0.49420 -0.79813
vn -0.01294 0.49420 -0.86925
vn 0.32069 0.49420 -0.80803
vn 0.60550 0.49420 -0.62380
vn 0.79813 0.49420 -0.34460
vn 0.96670 0.25584 -0.00670
vn 0.89567 0.25584 0.36375
vn 0.68829 0.25584 0.67882
vn 0.37613 0.25584 0.89055
vn 0.00670 0.25584 0.96670
vn -0.36375 0.25584 0.89567
vn -0.67882 0.25584 0.68829
vn -0.89055 0.25584 0.37613
vn -0.96670 0.25584 0.00670
vn -0.89567 0.25584 -0.36375
vn -0.68829 0.25584 -0.67882
vn -0.37613 0.25584 -0.89055
vn -0.00670 0.25584 -0.96670
vn 0.36375 0.25584 -0.89567
vn 0.67882 0.25584 -0.68829
vn 0.89055 0.25584 -0.37613
vn 1.00000 -0.00000 -0.00000
vn 0.92388 -0.00000 0.38268
vn 0.70711 -0.00000 0.70711
vn 0.38268 -0.00000 0.92388
vn -0.00000 0.00000 1.00000
vn -0.38268 0.00000 0.92388
vn -0.70711 -0.00000 0.70711
vn -0.92388 -0.00000 0.38268
vn -1.00000 0.00000 -0.00000
vn -0.92388 -0.00000 -0.38268
vn -0.70711 0.00000 -0.70711
vn -0.38268 0.00000 -0.92388
vn -0.00000 0.00000 -1.00000
vn 0.38268 -0.00000 -0.92388
vn 0.70711 0.00000 -0.70711
vn 0.92388 0.00000 -0.38268
vn 0.96670 -0.25584 0.00670
vn 0.89055 -0.25584 0.37613
vn 0.67882 -0.25584 0.68829
vn 0.36375 -0.25584 0.89567
vn -0.00670 -0.25584 0.96670
vn -0.37613 -0.25584 0.89055
vn -0.68829 -0.25584 0.67882
vn -0.89567 -0.25584 0.36375
vn -0.96670 -0.25584 -0.00670
vn -0.89055 -0.25584 -0.37613
vn -0.67882 -0.25584 -0.68829
vn -0.36375 -0.25584 -0.89567
vn 0.00670 -0.25584 -0.96670
vn 0.37613 -0.25584 -0.89055
vn 0.68829 -0.25584 -0.67882
vn 0.89567 -0.25584 -0.36375
vn 0.86925 -0.49420 0.01294
vn 0.79813 -0.49420 0.34460
vn 0.60550 -0.49420 0.62380
vn 0.32069 -0.49420 0.80803
vn -0.01294 -0.49420 0.86925
vn -0.34460 -0.49420 0.79813
vn -0.62380 -0.49420 0.60550
vn -0.80803 -0.49420 0.32069
vn -0.86925 -0.49420 -0.01294
vn -0.79813 -0.49420 -0.34460
vn -0.60550 -0.49420 -0.62380
vn -0.32069 -0.49420 -0.80803
vn 0.01294 -0.49420 -0.86925
vn 0.34460 -0.49420 -0.79813
vn 0.62380 -0.49420 -0.60550
vn 0.80803 -0.49420 -0.32069
vn 0.71506 -0.69882 0.01830
vn 0.65363 -0.69882 0.29055
vn 0.49269 -0.69882 0.51857
vn 0.25674 -0.69882 0.66764
vn -0.01830 -0.69882 0.71506
vn -0.29055 -0.69882 0.65363
vn -0.51857 -0.69882 0.49269
vn -0.66764 -0.69882 0.25674
vn -0.71506 -0.69882 -0.01830
vn -0.65363 -0.69882 -0.29055
vn -0.49269 -0.69882 -0.51857
vn -0.25674 -0.69882 -0.66764
vn 0.01830 -0.69882 -0.71506
vn 0.29055 -0.69882 -0.65363
vn 0.51857 -0.69882 -0.49269
vn 0.66764 -0.69882 -0.25674
vn 0.51700 -0.85569 0.02241
vn 0.46907 -0.85569 0.21855
vn 0.34973 -0.85569 0.38142
vn 0.17715 -0.85569 0.48622
vn -0.02241 -0.85569 0.51700
vn -0.21855 -0.85569 0.46907
vn -0.38142 -0.85569 0.34973
vn -0.48622 -0.85569 0.17715
vn -0.51700 -0.85569 -0.02241
vn -0.46907 -0.85569 -0.21855
vn -0.34973 -0.85569 -0.38142
vn -0.17715 -0.85569 -0.48622
vn 0.02241 -0.85569 -0.51700
vn 0.21855 -0.85569 -0.46907
vn 0.38142 -0.85569 -0.34973
vn 0.48622 -0.85569 -0.17715
vn 0.29986 -0.95365 0.02497
vn 0.26748 -0.95365 0.13783
vn 0.19438 -0.95365 0.22970
vn 0.09168 -0.95365 0.28660
vn -0.02497 -0.95365 0.29986
vn -0.13783 -0.95365 0.26748
vn -0.22970 -0.95365 0.19438
vn -0.28660 -0.95365 0.09168
vn -0.29986 -0.95365 -0.02497
vn -0.26748 -0.95365 -0.13783
vn -0.19438 -0.95365 -0.22970
vn -0.09168 -0.95365 -0.28660
vn 0.02497 -0.95365 -0.29986
vn 0.13783 -0.95365 -0.26748
vn 0.22970 -0.95365 -0.19438
vn 0.28660 -0.95365 -0.09168
vn 0.00000 1.00000 0.00000
vn 0.00000 -1.00000 -0.00000
vn 0.29986 0.95365 -0.02497
vn 0.28660 0.95365 0.09168
vn 0.22970 0.95365 0.19438
vn 0.13783 0.95365 0.26748
vn 0.02497 0.95365 0.29986
vn -0.09168 0.95365 0.28660
vn -0.19438 0.95365 0.22970
vn -0.26748 0.95365 0.13783
vn -0.29986 0.95365 0.02497
vn -0.28660 0.95365 -0.09168
vn -0.22970 0.95365 -0.19438
vn -0.13783 0.95365 -0.26748
vn -0.02497 0.95365 -0.29986
vn 0.09168 0.95365 -0.28660
vn 0.19438 0.95365 -0.22970
vn 0.26748 0.95365 -0.13783
vn 0.51700 0.85569 -0.02241
vn 0.48622 0.85569 0.17715
vn 0.38142 0.85569 0.34973
vn 0.21855 0.85569 0.46907
vn 0.02241 0.85569 0.51700
vn -0.17715 0.85569 0.48622
vn -0.34973 0.85569 0.38142
vn -0.46907 0.85569 0.21855
vn -0.51700 0.85569 0.02241
vn -0.48622 0.85569 -0.17715
vn -0.38142 0.85569 -0.34973
vn -0.21855 0.85569 -0.46907
vn -0.02241 0.85569 -0.51700
vn 0.17715 0.85569 -0.48622
vn 0.34973 0.85569 -0.38142
vn 0.46907 0.85569 -0.21855
vn 0.71506 0.69882 -0.01830
vn 0.66764 0.69882 0.25674
vn 0.51857 0.69882 0.49269
vn 0.29055 0.69882 0.65363
vn 0.01830 0.69882 0.71506
vn -0.25674 0.69882 0.66764
vn -0.49269 0.69882 0.51857
vn -0.65363 0.69882 0.29055
vn -0.71506 0.69882 0.01830
vn -0.66764 0.69882 -0.25674
vn -0.51857 0.69882 -0.49269
vn -0.29055 0.69882 -0.65363
vn -0.01830 0.69882 -0.71506
vn 0.25674 0.69882 -0.66764
vn 0.49269 0.69882 -0.51857
vn 0.65363 0.69882 -0.29055
vn 0.86925 0.49420 -0.01294
vn 0.80803 0.49420 0.32069
vn 0.62380 0.49420 0.60550
vn 0.34460 0.49420 0.79813
vn 0.01294 0.49420 0.86925
vn -0.32069 0.49420 0.80803
vn -0.60550 0.49420 0.62380
vn -0.79813 0.49420 0.34460
vn -0.86925 0.49420 0.01294
vn -0.80803 0.49420 -0.32069
vn -0.62380 0.49420 -0.60550
vn -0.34460 0.49420 -0.79813
vn -0.01294 0.49420 -0.86925
vn 0.32069 0.49420 -0.80803
vn 0.60550 0.49420 -0.62380
vn 0.79813 0.49420 -0.34460
vn 0.96670 0.25584 -0.00670
vn 0.89567 0.25584 0.36375
vn 0.68829 0.25584 0.67882
vn 0.37613 0.25584 0.89055
vn 0.00670 0.25584 0.96670
vn -0.36375 0.25584 0.89567
vn -0.67882 0.25584 0.68829
vn -0.89055 0.25584 0.37613
vn -0.96670 0.25584 0.00670
vn -0.89567 0.25584 -0.36375
vn -0.68829 0.25584 -0.67882
vn -0.37613 0.25584 -0.89055
vn -0.00670 0.25584 -0.96670
vn 0.36375 0.25584 -0.89567
vn 0.67882 0.25584 -0.68829
vn 0.89055 0.25584 -0.37613
vn 1.00000 -0.00000 -0.00000
vn 0.92388 -0.00000 0.38268
vn 0.70711 -0.00000 0.70711
vn 0.38268 0.00000 0.92388
vn -0.00000 0.00000 1.00000
vn -0.38268 0.00000 0.92388
vn -0.70711 -0.00000 0.70711
vn -0.92388 -0.00000 0.38268
vn -1.00000 0.00000 -0.00000
vn -0.92388 -0.00000 -0.38268
vn -0.70711 0.00000 -0.70711
vn -0.38268 -0.00000 -0.92388
vn -0.00000 -0.00000 -1.00000
vn 0.38268 0.00000 -0.92388
vn 0.70711 -0.00000 -0.70711
vn 0.92388 0.00000 -0.38268
vn 0.96670 -0.25584 0.00670
vn 0.89055 -0.25584 0.37613
vn 0.67882 -0.25584 0.68829
vn 0.36375 -0.25584 0.89567
vn -0.00670 -0.25584 0.96670
vn -0.37613 -0.25584 0.89055
vn -0.68829 -0.25584 0.67882
vn -0.89567 -0.25584 0.36375
vn -0.96670 -0.25584 -0.00670
vn -0.89055 -0.25584 -0.37613
vn -0.67882 -0.25584 -0.68829
vn -0.36375 -0.25584 -0.89567
vn 0.00670 -0.25584 -0.96670
vn 0.37613 -0.25584 -0.89055
vn 0.68829 -0.25584 -0.67882
vn 0.89567 -0.25584 -0.36375
vn 0.86925 -0.49420 0.01294
vn 0.79813 -0.49420 0.34460
vn 0.60550 -0.49420 0.62380
vn 0.32069 -0.49420 0.80803
vn -0.01294 -0.49420 0.86925
vn -0.34460 -0.49420 0.79813
vn -0.62380 -0.49420 0.60550
vn -0.80803 -0.49420 0.32069
vn -0.86925 -0.49420 -0.01294
vn -0.79813 -0.49420 -0.34460
vn -0.60550 -0.49420 -0.62380
vn -0.32069 -0.49420 -0.80803
vn 0.01294 -0.49420 -0.86925
vn 0.34460 -0.49420 -0.79813
vn 0.62380 -0.49420 -0.60550
vn 0.80803 -0.49420 -0.32069
vn 0.71506 -0.69882 0.01830
vn 0.65363 -0.69882 0.29055
vn 0.49269 -0.69882 0.51857
vn 0.25674 -0.69882 0.66764
vn -0.01830 -0.69882 0.71506
vn -0.29055 -0.69882 0.65363
vn -0.51857 -0.69882 0.49269
vn -0.66764 -0.69882 0.25674
vn -0.71506 -0.69882 -0.01830
vn -0.65363 -0.69882 -0.29055
vn -0.49269 -0.69882 -0.51857
vn -0.25674 -0.69882 -0.66764
vn 0.01830 -0.69882 -0.71506
vn 0.29055 -0.69882 -0.65363
vn 0.51857 -0.69882 -0.49269
vn 0.66764 -0.69882 -0.25674
vn 0.51700 -0.85569 0.02241
vn 0.46907 -0.85569 0.21855
vn 0.34973 -0.85569 0.38142
vn 0.17715 -0.85569 0.48622
vn -0.02241 -0.85569 0.51700
vn -0.21855 -0.85569 0.46907
vn -0.38142 -0.85569 0.34973
vn -0.48622 -0.85569 0.17715
vn -0.51700 -0.85569 -0.02241
vn -0.46907 -0.85569 -0.21855
vn -0.34973 -0.85569 -0.38142
vn -0.17715 -0.85569 -0.48622
vn 0.02241 -0.85569 -0.51700
vn 0.21855 -0.85569 -0.46907
vn 0.38142 -0.85569 -0.34973
vn 0.48622 -0.85569 -0.17715
vn 0.29986 -0.95365 0.02497
vn 0.26748 -0.95365 0.13783
vn 0.19438 -0.95365 0.22970
vn 0.09168 -0.95365 0.28660
vn -0.02497 -0.95365 0.29986
vn -0.13783 -0.95365 0.26748
vn -0.22970 -0.95365 0.19438
vn -0.28660 -0.95365 0.09168
vn -0.29986 -0.95365 -0.02497
vn -0.26748 -0.95365 -0.13783
vn -0.19438 -0.95365 -0.22970
vn -0.09168 -0.95365 -0.28660
vn 0.02497 -0.95365 -0.29986
vn 0.13783 -0.95365 -0.26748
vn 0.22970 -0.95365 -0.19438
vn 0.28660 -0.95365 -0.09168
vn 0.00000 1.00000 0.00000
vn -0.00000 -1.00000 0.00000
vn 0.29986 0.95365 -0.02497
vn 0.28660 0.95365 0.09168
vn 0.22970 0.95365 0.19438
vn 0.13783 0.95365 0.26748
vn 0.02497 0.95365 0.29986
vn -0.09168 0.95365 0.28660
vn -0.19438 0.95365 0.22970
vn -0.26748 0.95365 0.13783
vn -0.29986 0.95365 0.02497
vn -0.28660 0.95365 -0.09168
vn -0.22970 0.95365 -0.19438
vn -0.13783 0.95365 -0.26748
vn -0.02497 0.95365 -0.29986
vn 0.09168 0.95365 -0.28660
vn 0.19438 0.95365 -0.22970
vn 0.26748 0.95365 -0.13783
vn 0.51700 0.85569 -0.02241
vn 0.48622 0.85569 0.17715
vn 0.38142 0.85569 0.34973
vn 0.21855 0.85569 0.46907
vn 0.02241 0.85569 0.51700
vn -0.17715 0.85569 0.48622
vn -0.34973 0.85569 0.38142
vn -0.46907 0.85569 0.21855
vn -0.51700 0.85569 0.02241
vn -0.48622 0.85569 -0.17715
vn -0.38142 0.85569 -0.34973
vn -0.21855 0.85569 -0.46907
vn -0.02241 0.85569 -0.51700
vn 0.17715 0.85569 -0.48622
vn 0.34973 0.85569 -0.38142
vn 0.46907 0.85569 -0.21855
vn 0.71506 0.69882 -0.01830
vn 0.66764 0.69882 0.25674
vn 0.51857 0.69882 0.49269
vn 0.29055 0.69882 0.65363
vn 0.01830 0.69882 0.71506
vn -0.25674 0.69882 0.66764
vn -0.49269 0.69882 0.51857
vn -0.65363 0.69882 0.29055
vn -0.71506 0.69882 0.01830
vn -0.66764 0.69882 -0.25674
vn -0.51857 0.69882 -0.49269
vn -0.29055 0.69882 -0.65363
vn -0.01830 0.69882 -0.71506
vn 0.25674 0.69882 -0.66764
vn 0.49269 0.69882 -0.51857
vn 0.65363 0.69882 -0.29055
vn 0.86925 0.49420 -0.01294
vn 0.80803 0.49420 0.32069
vn 0.62380 0.49420 0.60550
vn 0.34460 0.49420 0.79813
vn 0.01294 0.49420 0.86925
vn -0.32069 0.49420 0.80803
vn -0.60550 0.49420 0.62380
vn -0.79813 0.49420 0.34460
vn -0.86925 0.49420 0.01294
vn -0.80803 0.49420 -0.32069
vn -0.62380 0.49420 -0.60550
vn -0.34460 0.49420 -0.79813
vn -0.01294 0.49420 -0.86925
vn 0.32069 0.49420 -0.80803
vn 0.60550 0.49420 -0.62380
vn 0.79813 0.49420 -0.34460
vn 0.96670 0.25584 -0.00670
vn 0.89567 0.25584 0.36375
vn 0.68829 0.25584 0.67882
vn 0.37613 0.25584 0.89055
vn 0.00670 0.25584 0.96670
vn -0.36375 0.25584 0.89567
vn -0.67882 0.25584 0.68829
vn -0.89055 0.25584 0.37613
vn -0.96670 0.25584 0.00670
vn -0.89567 0.25584 -0.36375
vn -0.68829 0.25584 -0.67882
vn -0.37613 0.25584 -0.89055
vn -0.00670 0.25584 -0.96670
vn 0.36375 0.25584 -0.89567
vn 0.67882 0.25584 -0.68829
vn 0.89055 0.25584 -0.37613
vn 1.00000 -0.00000 -0.00000
vn 0.92388 -0.00000 0.38268
vn 0.70711 -0.00000 0.70711
vn 0.38268 0.00000 0.92388
vn -0.00000 0.00000 1.00000
vn -0.38268 -0.00000 0.92388
vn -0.70711 0.00000 0.70711
vn -0.92388 0.00000 0.38268
vn -1.00000 0.00000 0.00000
vn -0.92388 0.00000 -0.38268
vn -0.70711 -0.00000 -0.70711
vn -0.38268 0.00000 -0.92388
vn -0.00000 0.00000 -1.00000
vn 0.38268 -0.00000 -0.92388
vn 0.70711 -0.00000 -0.70711
vn 0.92388 -0.00000 -0.38268
vn 0.96670 -0.25584 0.00670
vn 0.89055 -0.25584 0.37613
vn 0.67882 -0.25584 0.68829
vn 0.36375 -0.25584 0.89567
vn -0.00670 -0.25584 0.96670
vn -0.37613 -0.25584 0.89055
vn -0.68829 -0.25584 0.67882
vn -0.89567 -0.25584 0.36375
vn -0.96670 -0.25584 -0.00670
vn -0.89055 -0.25584 -0.37613
vn -0.67882 -0.25584 -0.68829
vn -0.36375 -0.25584 -0.89567
vn 0.00670 -0.25584 -0.96670
vn 0.37613 -0.25584 -0.89055
vn 0.68829 -0.25584 -0.67882
vn 0.89567 -0.25584 -0.36375
vn 0.86925 -0.49420 0.01294
vn 0.79813 -0.49420 0.34460
vn 0.60550 -0.49420 0.62380
vn 0.32069 -0.49420 0.80803
vn -0.01294 -0.49420 0.86925
vn -0.34460 -0.49420 0.79813
vn -0.62380 -0.49420 0.60550
vn -0.80803 -0.49420 0.32069
vn -0.86925 -0.49420 -0.01294
vn -0.79813 -0.49420 -0.34460
vn -0.60550 -0.49420 -0.62380
vn -0.32069 -0.49420 -0.80803
vn 0.01294 -0.49420 -0.86925
vn 0.34460 -0.49420 -0.79813
vn 0.62380 -0.49420 -0.60550
vn 0.80803 -0.49420 -0.32069
vn 0.71506 -0.69882 0.01830
vn 0.65363 -0.69882 0.29055
vn 0.49269 -0.69882 0.51857
vn 0.25674 -0.69882 0.66764
vn -0.01830 -0.69882 0.71506
vn -0.29055 -0.69882 0.65363
vn -0.51857 -0.69882 0.49269
vn -0.66764 -0.69882 0.25674
vn -0.71506 -0.69882 -0.01830
vn -0.65363 -0.69882 -0.29055
vn -0.49269 -0.69882 -0.51857
vn -0.25674 -0.69882 -0.66764
vn 0.01830 -0.69882 -0.71506
vn 0.29055 -0.69882 -0.65363
vn 0.51857 -0.69882 -0.49269
vn 0.66764 -0.69882 -0.25674
vn 0.51700 -0.85569 0.02241
vn 0.46907 -0.85569 0.21855
vn 0.34973 -0.85569 0.38142
vn 0.17715 -0.85569 0.48622
vn -0.02241 -0.85569 0.51700
vn -0.21855 -0.85569 0.46907
vn -0.38142 -0.85569 0.34973
vn -0.48622 -0.85569 0.17715
vn -0.51700 -0.85569 -0.02241
vn -0.46907 -0.85569 -0.21855
vn -0.34973 -0.85569 -0.38142
vn -0.17715 -0.85569 -0.48622
vn 0.02241 -0.85569 -0.51700
vn 0.21855 -0.85569 -0.46907
vn 0.38142 -0.85569 -0.34973
vn 0.48622 -0.85569 -0.17715
vn 0.29986 -0.95365 0.02497
vn 0.26748 -0.95365 0.13783
vn 0.19438 -0.95365 0.22970
vn 0.09168 -0.95365 0.28660
vn -0.02497 -0.95365 0.29986
vn -0.13783 -0.95365 0.26748
vn -0.22970 -0.95365 0.19438
vn -0.28660 -0.95365 0.09168
vn -0.29986 -0.95365 -0.02497
vn -0.26748 -0.95365 -0.13783
vn -0.19438 -0.95365 -0.22970
vn -0.09168 -0.95365 -0.28660
vn 0.02497 -0.95365 -0.29986
vn 0.13783 -0.95365 -0.26748
vn 0.22970 -0.95365 -0.19438
vn 0.28660 -0.95365 -0.09168
vn 0.00000 1.00000 0.00000
vn -0.00000 -1.00000 0.00000
vn 0.29986 0.95365 -0.02497
vn 0.28660 0.95365 0.09168
vn 0.22970 0.95365 0.19438
vn 0.13783 0.95365 0.26748
vn 0.02497 0.95365 0.29986
vn -0.09168 0.95365 0.28660
vn -0.19438 0.95365 0.22970
vn -0.26748 0.95365 0.13783
vn -0.29986 0.95365 0.02497
vn -0.28660 0.95365 -0.09168
vn -0.22970 0.95365 -0.19438
vn -0.13783 0.95365 -0.26748
vn -0.02497 0.95365 -0.29986
vn 0.09168 0.95365 -0.28660
vn 0.19438 0.95365 -0.22970
vn 0.26748 0.95365 -0.13783
vn 0.51700 0.85569 -0.02241
vn 0.48622 0.85569 0.17715
vn 0.38142 0.85569 0.34973
vn 0.21855 0.85569 0.46907
vn 0.02241 0.85569 0.51700
vn -0.17715 0.85569 0.48622
vn -0.34973 0.85569 0.38142
vn -0.46907 0.85569 0.21855
vn -0.51700 0.85569 0.02241
vn -0.48622 0.85569 -0.17715
vn -0.38142 0.85569 -0.34973
vn -0.21855 0.85569 -0.46907
vn -0.02241 0.85569 -0.51700
vn 0.17715 0.85569 -0.48622
vn 0.34973 0.85569 -0.38142
vn 0.46907 0.85569 -0.21855
vn 0.71506 0.69882 -0.01830
vn 0.66764 0.69882 0.25674
vn 0.51857 0.69882 0.49269
vn 0.29055 0.69882 0.65363
vn 0.01830 0.69882 0.71506
vn -0.25674 0.69882 0.66764
vn -0.49269 0.69882 0.51857
vn -0.65363 0.69882 0.29055
vn -0.71506 0.69882 0.01830
vn -0.66764 0.69882 -0.25674
vn -0.51857 0.69882 -0.49269
vn -0.29055 0.69882 -0.65363
vn -0.01830 0.69882 -0.71506
vn 0.25674 0.69882 -0.66764
vn 0.49269 0.69882 -0.51857
vn 0.65363 0.69882 -0.29055
vn 0.86925 0.49420 -0.01294
vn 0.80803 0.49420 0.32069
vn 0.62380 0.49420 0.60550
vn 0.34460 0.49420 0.79813
vn 0.01294 0.49420 0.86925
vn -0.32069 0.49420 0.80803
vn -0.60550 0.49420 0.62380
vn -0.79813 0.49420 0.34460
vn -0.86925 0.49420 0.01294
vn -0.80803 0.49420 -0.32069
vn -0.62380 0.49420 -0.60550
vn -0.34460 0.49420 -0.79813
vn -0.01294 0.49420 -0.86925
vn 0.32069 0.49420 -0.80803
vn 0.60550 0.49420 -0.62380
vn 0.79813 0.49420 -0.34460
vn 0.96670 0.25584 -0.00670
vn 0.89567 0.25584 0.36375
vn 0.68829 0.25584 0.67882
vn 0.37613 0.25584 0.89055
vn 0.00670 0.25584 0.96670
vn -0.36375 0.25584 0.89567
vn -0.67882 0.25584 0.68829
vn -0.89055 0.25584 0.37613
vn -0.96670 0.25584 0.00670
vn -0.89567 0.25584 -0.36375
vn -0.68829 0.25584 -0.67882
vn -0.37613 0.25584 -0.89055
vn -0.00670 0.25584 -0.96670
vn 0.36375 0.25584 -0.89567
vn 0.67882 0.25584 -0.68829
vn 0.89055 0.25584 -0.37613
vn 1.00000 -0.00000 -0.00000
vn 0.92388 -0.00000 0.38268
vn 0.70711 0.00000 0.70711
vn 0.38268 0.00000 0.92388
vn -0.00000 0.00000 1.00000
vn -0.38268 -0.00000 0.92388
vn -0.70711 -0.00000 0.70711
vn -0.92388 0.00000 0.38268
vn -1.00000 0.00000 0.00000
vn -0.92388 0.00000 -0.38268
vn -0.70711 -0.00000 -0.70711
vn -0.38268 -0.00000 -0.92388
vn -0.00000 0.00000 -1.00000
vn 0.38268 -0.00000 -0.92388
vn 0.70711 -0.00000 -0.70711
vn 0.92388 0.00000 -0.38268
vn 0.96670 -0.25584 0.00670
vn 0.89055 -0.25584 0.37613
vn 0.67882 -0.25584 0.68829
vn 0.36375 -0.25584 0.89567
vn -0.00670 -0.25584 0.96670
vn -0.37613 -0.25584 0.89055
vn -0.68829 -0.25584 0.67882
vn -0.89567 -0.25584 0.36375
vn -0.96670 -0.25584 -0.00670
vn -0.89055 -0.25584 -0.37613
vn -0.67882 -0.25584 -0.68829
vn -0.36375 -0.25584 -0.89567
vn 0.00670 -0.25584 -0.96670
vn 0.37613 -0.25584 -0.89055
vn 0.68829 -0.25584 -0.67882
vn 0.89567 -0.25584 -0.36375
vn 0.86925 -0.49420 0.01294
vn 0.79813 -0.49420 0.34460
vn 0.60550 -0.49420 0.62380
vn 0.32069 -0.49420 0.80803
vn -0.01294 -0.49420 0.86925
vn -0.34460 -0.49420 0.79813
vn -0.62380 -0.49420 0.60550
vn -0.80803 -0.49420 0.32069
vn -0.86925 -0.49420 -0.01294
vn -0.79813 -0.49420 -0.34460
vn -0.60550 -0.49420 -0.62380
vn -0.32069 -0.49420 -0.80803
vn 0.01294 -0.49420 -0.86925
vn 0.34460 -0.49420 -0.79813
vn 0.62380 -0.49420 -0.60550
vn 0.80803 -0.49420 -0.32069
vn 0.71506 -0.69882 0.01830
vn 0.65363 -0.69882 0.29055
vn 0.49269 -0.69882 0.51857
vn 0.25674 -0.69882 0.66764
vn -0.01830 -0.69882 0.71506
vn -0.29055 -0.69882 0.65363
vn -0.51857 -0.69882 0.49269
vn -0.66764 -0.69882 0.25674
vn -0.71506 -0.69882 -0.01830
vn -0.65363 -0.69882 -0.29055
vn -0.49269 -0.69882 -0.51857
vn -0.25674 -0.69882 -0.66764
vn 0.01830 -0.69882 -0.71506
vn 0.29055 -0.69882 -0.65363
vn 0.51857 -0.69882 -0.49269
vn 0.66764 -0.69882 -0.25674
vn 0.51700 -0.85569 0.02241
vn 0.46907 -0.85569 0.21855
vn 0.34973 -0.85569 0.38142
vn 0.17715 -0.85569 0.48622
vn -0.02241 -0.85569 0.51700
vn -0.21855 -0.85569 0.46907
vn -0.38142 -0.85569 0.34973
vn -0.48622 -0.85569 0.17715
vn -0.51700 -0.85569 -0.02241
vn -0.46907 -0.85569 -0.21855
vn -0.34973 -0.85569 -0.38142
vn -0.17715 -0.85569 -0.48622
vn 0.02241 -0.85569 -0.51700
vn 0.21855 -0.85569 -0.46907
vn 0.38142 -0.85569 -0.34973
vn 0.48622 -0.85569 -0.17715
vn 0.29986 -0.95365 0.02497
vn 0.26748 -0.95365 0.13783
vn 0.19438 -0.95365 0.22970
vn 0.09168 -0.95365 0.28660
vn -0.02497 -0.95365 0.29986
vn -0.13783 -0.95365 0.26748
vn -0.22970 -0.95365 0.19438
vn -0.28660 -0.95365 0.09168
vn -0.29986 -0.95365 -0.02497
vn -0.26748 -0.95365 -0.13783
vn -0.19438 -0.95365 -0.22970
vn -0.09168 -0.95365 -0.28660
vn 0.02497 -0.95365 -0.29986
vn 0.13783 -0.95365 -0.26748
vn 0.22970 -0.95365 -0.19438
vn 0.28660 -0.95365 -0.09168
vn 0.06353 0.13367 0.98899
vn -0.32294 0.12482 0.93815
vn -0.66024 0.09126 0.74549
vn -0.89703 0.03810 0.44032
vn -0.99726 -0.02656 0.06911
vn -0.94566 -0.09289 -0.31162
vn -0.75009 -0.15077 -0.64392
vn -0.44033 -0.19141 -0.87720
vn -0.06353 -0.20860 -0.97593
vn 0.32294 -0.19975 -0.92510
vn 0.66024 -0.16619 -0.73243
vn 0.89703 -0.11303 -0.42727
vn 0.99726 -0.04837 -0.05606
vn 0.94566 0.01795 0.32468
vn 0.75009 0.07584 0.65698
vn 0.44033 0.11647 0.89025
vn -0.00406 0.13394 0.99098
vn -0.38615 0.12062 0.91452
vn -0.70946 0.08322 0.69982
vn -0.92475 0.02744 0.37958
vn -0.99927 -0.03824 0.00254
vn -0.92165 -0.10381 -0.37388
vn -0.70372 -0.15929 -0.69239
vn -0.37865 -0.19624 -0.90449
vn 0.00406 -0.20903 -0.97790
vn 0.38615 -0.19571 -0.90144
vn 0.70946 -0.15831 -0.68674
vn 0.92475 -0.10252 -0.36650
vn 0.99927 -0.03685 0.01054
vn 0.92165 0.02872 0.38696
vn 0.70372 0.08421 0.70547
vn 0.37865 0.12115 0.91757
vn -0.06361 -0.22254 0.97285
vn -0.41092 -0.23874 0.87986
vn -0.69568 -0.27651 0.66300
vn -0.87452 -0.33011 0.35531
vn -0.92022 -0.39138 0.00361
vn -0.82583 -0.45098 -0.33855
vn -0.60572 -0.49985 -0.61908
vn -0.29339 -0.53054 -0.79527
vn 0.06361 -0.53838 -0.84030
vn 0.41092 -0.52218 -0.74731
vn 0.69568 -0.48441 -0.53046
vn 0.87452 -0.43081 -0.22276
vn 0.92022 -0.36954 0.12894
vn 0.82583 -0.30994 0.47110
vn 0.60572 -0.26108 0.75163
vn 0.29339 -0.23039 0.92782
vn -0.00000 -0.98517 0.17161
vn 0.06353 -0.20860 0.97593
vn -0.32294 -0.19975 0.92510
vn -0.66024 -0.16619 0.73243
vn -0.89703 -0.11303 0.42727
vn -0.99726 -0.04837 0.05606
vn -0.94566 0.01795 -0.32468
vn -0.75009 0.07584 -0.65698
vn -0.44033 0.11647 -0.89025
vn -0.06353 0.13367 -0.98899
vn 0.32294 0.12482 -0.93815
vn 0.66024 0.09126 -0.74549
vn 0.89703 0.03810 -0.44032
vn 0.99726 -0.02656 -0.06911
vn 0.94566 -0.09289 0.31162
vn 0.75009 -0.15077 0.64392
vn 0.44033 -0.19141 0.87720
vn -0.00406 -0.20903 0.97790
vn -0.38615 -0.19571 0.90144
vn -0.70946 -0.15831 0.68674
vn -0.92475 -0.10252 0.36650
vn -0.99927 -0.03685 -0.01054
vn -0.92165 0.02872 -0.38696
vn -0.70372 0.08421 -0.70547
vn -0.37865 0.12115 -0.91757
vn 0.00406 0.13394 -0.99098
vn 0.38615 0.12062 -0.91452
vn 0.70946 0.08322 -0.69982
vn 0.92475 0.02744 -0.37958
vn 0.99927 -0.03824 -0.00254
vn 0.92165 -0.10381 0.37388
vn 0.70372 -0.15929 0.69239
vn 0.37865 -0.19624 0.90449
vn -0.06361 -0.53838 0.84030
vn -0.41092 -0.52218 0.74731
vn -0.69568 -0.48441 0.53046
vn -0.87452 -0.43081 0.22276
vn -0.92022 -0.36954 -0.12894
vn -0.82583 -0.30994 -0.47110
vn -0.60572 -0.26108 -0.75163
vn -0.29339 -0.23039 -0.92782
vn 0.06361 -0.22254 -0.97285
vn 0.41092 -0.23874 -0.87986
vn 0.69568 -0.27651 -0.66300
vn 0.87452 -0.33011 -0.35531
vn 0.92022 -0.39138 -0.00361
vn 0.82583 -0.45098 0.33855
vn 0.60572 -0.49985 0.61908
vn 0.29339 -0.53054 0.79527
vn 0.00000 -0.98517 -0.17161
vn 0.06298 0.12737 0.98985
vn -0.32325 0.11816 0.93891
vn -0.66026 0.08339 0.74639
vn -0.89676 0.02833 0.44161
vn -0.99673 -0.03862 0.07097
vn -0.94496 -0.10728 -0.30910
vn -0.74933 -0.16719 -0.64075
vn -0.43962 -0.20923 -0.87348
vn -0.06298 -0.22701 -0.97186
vn 0.32325 -0.21780 -0.92091
vn 0.66026 -0.18302 -0.72839
vn 0.89676 -0.12797 -0.42361
vn 0.99673 -0.06101 -0.05297
vn 0.94496 0.00764 0.32710
vn 0.74933 0.06756 0.65875
vn 0.43962 0.10960 0.89147
vn -0.00491 0.12762 0.99181
vn -0.38672 0.11377 0.91515
vn -0.70966 0.07500 0.70054
vn -0.92456 0.01722 0.38066
vn -0.99870 -0.05079 0.00419
vn -0.92080 -0.11866 -0.37154
vn -0.70272 -0.17607 -0.68934
vn -0.37765 -0.21427 -0.90081
vn 0.00491 -0.22745 -0.97378
vn 0.38672 -0.21361 -0.89712
vn 0.70966 -0.17484 -0.68251
vn 0.92456 -0.11705 -0.36262
vn 0.99870 -0.04904 0.01384
vn 0.92080 0.01883 0.38958
vn 0.70272 0.07624 0.70737
vn 0.37765 0.11444 0.91885
vn -0.06317 -0.25168 0.96575
vn -0.40492 -0.26823 0.87412
vn -0.68504 -0.30678 0.66077
vn -0.86086 -0.36144 0.35817
vn -0.90562 -0.42390 0.01239
vn -0.81251 -0.48466 -0.32393
vn -0.59571 -0.53445 -0.59958
vn -0.28821 -0.56571 -0.77260
vn 0.06317 -0.57366 -0.81665
vn 0.40492 -0.55711 -0.72503
vn 0.68504 -0.51857 -0.51167
vn 0.86086 -0.46391 -0.20907
vn 0.90562 -0.40144 0.13671
vn 0.81251 -0.34069 0.47302
vn 0.59571 -0.29090 0.74867
vn 0.28821 -0.25964 0.92170
vn 0.00000 -0.98407 0.17777
vn 0.06298 -0.22701 0.97186
vn -0.32325 -0.21780 0.92091
vn -0.66026 -0.18302 0.72839
vn -0.89676 -0.12797 0.42361
vn -0.99673 -0.06101 0.05297
vn -0.94496 0.00764 -0.32710
vn -0.74933 0.06756 -0.65875
vn -0.43962 0.10960 -0.89147
vn -0.06298 0.12737 -0.98985
vn 0.32325 0.11816 -0.93891
vn 0.66026 0.08339 -0.74639
vn 0.89676 0.02833 -0.44161
vn 0.99673 -0.03862 -0.07097
vn 0.94496 -0.10728 0.30910
vn 0.74933 -0.16719 0.64075
vn 0.43962 -0.20923 0.87348
vn -0.00491 -0.22745 0.97378
vn -0.38672 -0.21361 0.89712
vn -0.70966 -0.17484 0.68251
vn -0.92456 -0.11705 0.36262
vn -0.99870 -0.04904 -0.01384
vn -0.92080 0.01883 -0.38958
vn -0.70272 0.07624 -0.70737
vn -0.37765 0.11444 -0.91885
vn 0.00491 0.12762 -0.99181
vn 0.38672 0.11377 -0.91515
vn 0.70966 0.07500 -0.70054
vn 0.92456 0.01722 -0.38066
vn 0.99870 -0.05079 -0.00419
vn 0.92080 -0.11866 0.37154
vn 0.70272 -0.17607 0.68934
vn 0.37765 -0.21427 0.90081
vn -0.06317 -0.57366 0.81665
vn -0.40492 -0.55711 0.72503
vn -0.68504 -0.51857 0.51167
vn -0.86086 -0.46391 0.20907
vn -0.90562 -0.40144 -0.13671
vn -0.81251 -0.34069 -0.47302
vn -0.59571 -0.29090 -0.74867
vn -0.28821 -0.25964 -0.92170
vn 0.06317 -0.25168 -0.96575
vn 0.40492 -0.26823 -0.87412
vn 0.68504 -0.30678 -0.66077
vn 0.86086 -0.36144 -0.35817
vn 0.90562 -0.42390 -0.01239
vn 0.81251 -0.48466 0.32393
vn 0.59571 -0.53445 0.59958
vn 0.28821 -0.56571 0.77260
vn 0.00000 -0.98407 -0.17777
vn 0.00000 1.00000 0.00000
vn 0.00000 -1.00000 0.00000
vn 0.18772 0.98206 -0.01775
vn 0.17683 0.98206 0.06546
vn 0.13092 0.98206 0.13570
vn 0.05908 0.98206 0.17907
vn -0.02447 0.98206 0.18697
vn -0.10317 0.98206 0.15784
vn -0.16143 0.98206 0.09744
vn -0.18772 0.98206 0.01775
vn -0.17683 0.98206 -0.06546
vn -0.13092 0.98206 -0.13570
vn -0.05908 0.98206 -0.17907
vn 0.02447 0.98206 -0.18697
vn 0.10317 0.98206 -0.15784
vn 0.16143 0.98206 -0.09744
vn 0.35599 0.93434 -0.01689
vn 0.32806 0.93434 0.13924
vn 0.23516 0.93434 0.26779
vn 0.09568 0.93434 0.34330
vn -0.06275 0.93434 0.35082
vn -0.20875 0.93434 0.28885
vn -0.31341 0.93434 0.16967
vn -0.35599 0.93434 0.01689
vn -0.32806 0.93434 -0.13924
vn -0.23516 0.93434 -0.26779
vn -0.09568 0.93434 -0.34330
vn 0.06275 0.93434 -0.35082
vn 0.20875 0.93434 -0.28885
vn 0.31341 0.93434 -0.16967
vn 0.57664 0.81686 -0.01476
vn 0.52594 0.81686 0.23689
vn 0.37107 0.81686 0.44163
vn 0.14271 0.81686 0.55890
vn -0.11392 0.81686 0.56547
vn -0.34799 0.81686 0.46004
vn -0.51313 0.81686 0.26350
vn -0.57664 0.81686 0.01476
vn -0.52594 0.81686 -0.23689
vn -0.37107 0.81686 -0.44163
vn -0.14271 0.81686 -0.55890
vn 0.11392 0.81686 -0.56547
vn 0.34799 0.81686 -0.46004
vn 0.51313 0.81686 -0.26350
vn 0.84302 0.53780 -0.00972
vn 0.76375 0.53780 0.35701
vn 0.53321 0.53780 0.65304
vn 0.19707 0.53780 0.81972
vn -0.17811 0.53780 0.82404
vn -0.51801 0.53780 0.66516
vn -0.75531 0.53780 0.37453
vn -0.84302 0.53780 0.00972
vn -0.76375 0.53780 -0.35701
vn -0.53321 0.53780 -0.65304
vn -0.19707 0.53780 -0.81972
vn 0.17811 0.53780 -0.82404
vn 0.51801 0.53780 -0.66516
vn 0.75531 0.53780 -0.37453
vn 1.00000 0.00000 0.00000
vn 0.90097 0.00000 0.43388
vn 0.62349 0.00000 0.78183
vn 0.22252 0.00000 0.97493
vn -0.22252 -0.00000 0.97493
vn -0.62349 0.00000 0.78183
vn -0.90097 0.00000 0.43388
vn -1.00000 0.00000 0.00000
vn -0.90097 0.00000 -0.43388
vn -0.62349 0.00000 -0.78183
vn -0.22252 0.00000 -0.97493
vn 0.22252 0.00000 -0.97493
vn 0.62349 0.00000 -0.78183
vn 0.90097 0.00000 -0.43388
vn 0.84302 -0.53780 0.00972
vn 0.75531 -0.53780 0.37453
vn 0.51801 -0.53780 0.66516
vn 0.17811 -0.53780 0.82404
vn -0.19707 -0.53780 0.81972
vn -0.53321 -0.53780 0.65304
vn -0.76375 -0.53780 0.35701
vn -0.84302 -0.53780 -0.00972
vn -0.75531 -0.53780 -0.37453
vn -0.51801 -0.53780 -0.66516
vn -0.17811 -0.53780 -0.82404
vn 0.19707 -0.53780 -0.81972
vn 0.53321 -0.53780 -0.65304
vn 0.76375 -0.53780 -0.35701
vn 0.57664 -0.81686 0.01476
vn 0.51313 -0.81686 0.26350
vn 0.34799 -0.81686 0.46004
vn 0.11392 -0.81686 0.56547
vn -0.14271 -0.81686 0.55890
vn -0.37107 -0.81686 0.44163
vn -0.52594 -0.81686 0.23689
vn -0.57664 -0.81686 -0.01476
vn -0.51313 -0.81686 -0.26350
vn -0.34799 -0.81686 -0.46004
vn -0.11392 -0.81686 -0.56547
vn 0.14271 -0.81686 -0.55890
vn 0.37107 -0.81686 -0.44163
vn 0.52594 -0.81686 -0.23689
vn 0.35599 -0.93434 0.01689
vn 0.31341 -0.93434 0.16967
vn 0.20875 -0.93434 0.28885
vn 0.06275 -0.93434 0.35082
vn -0.09568 -0.93434 0.34330
vn -0.23516 -0.93434 0.26779
vn -0.32806 -0.93434 0.13924
vn -0.35599 -0.93434 -0.01689
vn -0.31341 -0.93434 -0.16967
vn -0.20875 -0.93434 -0.28885
vn -0.06275 -0.93434 -0.35082
vn 0.09568 -0.93434 -0.34330
vn 0.23516 -0.93434 -0.26779
vn 0.32806 -0.93434 -0.13924
vn 0.18772 -0.98206 0.01775
vn 0.16143 -0.98206 0.09744
vn 0.10317 -0.98206 0.15784
vn 0.02447 -0.98206 0.18697
vn -0.05908 -0.98206 0.17907
vn -0.13092 -0.98206 0.13570
vn -0.17683 -0.98206 0.06546
vn -0.18772 -0.98206 -0.01775
vn -0.16143 -0.98206 -0.09744
vn -0.10317 -0.98206 -0.15784
vn -0.02447 -0.98206 -0.18697
vn 0.05908 -0.98206 -0.17907
vn 0.13092 -0.98206 -0.13570
vn 0.17683 -0.98206 -0.06546
vn 0.00000 1.00000 0.00000
vn 0.00000 -1.00000 -0.00000
vn 0.56635 0.82008 -0.08192
vn 0.46952 0.82836 0.30555
vn 0.09385 0.84557 0.52555
vn -0.34295 0.83677 0.42686
vn -0.56635 0.82008 0.08192
vn -0.46952 0.82836 -0.30555
vn -0.09385 0.84557 -0.52555
vn 0.34295 0.83677 -0.42686
vn 0.87821 0.47591 -0.04754
vn 0.68054 0.49197 0.54299
vn 0.05716 0.51499 0.85529
vn -0.60908 0.49667 0.61834
vn -0.87821 0.47591 0.04754
vn -0.68054 0.49197 -0.54299
vn -0.05716 0.51499 -0.85529
vn 0.60908 0.49667 -0.61834
vn 1.00000 0.00000 -0.00000
vn 0.74329 -0.00000 0.66896
vn 0.00000 0.00000 1.00000
vn -0.74329 0.00000 0.66896
vn -1.00000 0.00000 -0.00000
vn -0.74329 0.00000 -0.66896
vn -0.00000 0.00000 -1.00000
vn 0.74329 -0.00000 -0.66896
vn 0.87821 -0.47591 0.04754
vn 0.60908 -0.49667 0.61834
vn -0.05716 -0.51499 0.85529
vn -0.68054 -0.49197 0.54299
vn -0.87821 -0.47591 -0.04754
vn -0.60908 -0.49667 -0.61834
vn 0.05716 -0.51499 -0.85529
vn 0.68054 -0.49197 -0.54299
vn 0.56635 -0.82008 0.08192
vn 0.34295 -0.83677 0.42686
vn -0.09385 -0.84557 0.52555
vn -0.46952 -0.82836 0.30555
vn -0.56635 -0.82008 -0.08192
vn -0.34295 -0.83677 -0.42686
vn 0.09385 -0.84557 -0.52555
vn 0.46952 -0.82836 -0.30555
vn 0.00000 1.00000 0.00000
vn 0.00000 -1.00000 -0.00000
vn 0.56635 0.82008 -0.08192
vn 0.46952 0.82836 0.30555
vn 0.09385 0.84557 0.52555
vn -0.34295 0.83677 0.42686
vn -0.56635 0.82008 0.08192
vn -0.46952 0.82836 -0.30555
vn -0.09385 0.84557 -0.52555
vn 0.34295 0.83677 -0.42686
vn 0.87821 0.47591 -0.04754
vn 0.68054 0.49197 0.54299
vn 0.05716 0.51499 0.85529
vn -0.60908 0.49667 0.61834
vn -0.87821 0.47591 0.04754
vn -0.68054 0.49197 -0.54299
vn -0.05716 0.51499 -0.85529
vn 0.60908 0.49667 -0.61834
vn 1.00000 0.00000 -0.00000
vn 0.74329 0.00000 0.66896
vn 0.00000 0.00000 1.00000
vn -0.74329 -0.00000 0.66896
vn -1.00000 0.00000 -0.00000
vn -0.74329 0.00000 -0.66896
vn 0.00000 -0.00000 -1.00000
vn 0.74329 -0.00000 -0.66896
vn 0.87821 -0.47591 0.04754
vn 0.60908 -0.49667 0.61834
vn -0.05716 -0.51499 0.85529
vn -0.68054 -0.49197 0.54299
vn -0.87821 -0.47591 -0.04754
vn -0.60908 -0.49667 -0.61834
vn 0.05716 -0.51499 -0.85529
vn 0.68054 -0.49197 -0.54299
vn 0.56635 -0.82008 0.08192
vn 0.34295 -0.83677 0.42686
vn -0.09385 -0.84557 0.52555
vn -0.46952 -0.82836 0.30555
vn -0.56635 -0.82008 -0.08192
vn -0.34295 -0.83677 -0.42686
vn 0.09385 -0.84557 -0.52555
vn 0.46952 -0.82836 -0.30555
vn 0.00000 1.00000 0.00000
vn 0.00000 -1.00000 -0.00000
vn 0.56635 0.82008 -0.08192
vn 0.46952 0.82836 0.30555
vn 0.09385 0.84557 0.52555
vn -0.34295 0.83677 0.42686
vn -0.56635 0.82008 0.08192
vn -0.46952 0.82836 -0.30555
vn -0.09385 0.84557 -0.52555
vn 0.34295 0.83677 -0.42686
vn 0.87821 0.47591 -0.04754
vn 0.68054 0.49197 0.54299
vn 0.05716 0.51499 0.85529
vn -0.60908 0.49667 0.61834
vn -0.87821 0.47591 0.04754
vn -0.68054 0.49197 -0.54299
vn -0.05716 0.51499 -0.85529
vn 0.60908 0.49667 -0.61834
vn 1.00000 0.00000 -0.00000
vn 0.74329 -0.00000 0.66896
vn 0.00000 0.00000 1.00000
vn -0.74329 0.00000 0.66896
vn -1.00000 0.00000 -0.00000
vn -0.74329 -0.00000 -0.66896
vn 0.00000 -0.00000 -1.00000
vn 0.74329 0.00000 -0.66896
vn 0.87821 -0.47591 0.04754
vn 0.60908 -0.49667 0.61834
vn -0.05716 -0.51499 0.85529
vn -0.68054 -0.49197 0.54299
vn -0.87821 -0.47591 -0.04754
vn -0.60908 -0.49667 -0.61834
vn 0.05716 -0.51499 -0.85529
vn 0.68054 -0.49197 -0.54299
vn 0.56635 -0.82008 0.08192
vn 0.34295 -0.83677 0.42686
vn -0.09385 -0.84557 0.52555
vn -0.46952 -0.82836 0.30555
vn -0.56635 -0.82008 -0.08192
vn -0.34295 -0.83677 -0.42686
vn 0.09385 -0.84557 -0.52555
vn 0.46952 -0.82836 -0.30555
vn 0.00000 1.00000 0.00000
vn 0.00000 -1.00000 0.00000
vn 0.18772 0.98206 -0.01775
vn 0.17683 0.98206 0.06546
vn 0.13092 0.98206 0.13570
vn 0.05908 0.98206 0.17907
vn -0.02447 0.98206 0.18697
vn -0.10317 0.98206 0.15784
vn -0.16143 0.98206 0.09744
vn -0.18772 0.98206 0.01775
vn -0.17683 0.98206 -0.06546
vn -0.13092 0.98206 -0.13570
vn -0.05908 0.98206 -0.17907
vn 0.02447 0.98206 -0.18697
vn 0.10317 0.98206 -0.15784
vn 0.16143 0.98206 -0.09744
vn 0.35599 0.93434 -0.01689
vn 0.32806 0.93434 0.13924
vn 0.23516 0.93434 0.26779
vn 0.09568 0.93434 0.34330
vn -0.06275 0.93434 0.35082
vn -0.20875 0.93434 0.28885
vn -0.31341 0.93434 0.16967
vn -0.35599 0.93434 0.01689
vn -0.32806 0.93434 -0.13924
vn -0.23516 0.93434 -0.26779
vn -0.09568 0.93434 -0.34330
vn 0.06275 0.93434 -0.35082
vn 0.20875 0.93434 -0.28885
vn 0.31341 0.93434 -0.16967
vn 0.57664 0.81686 -0.01476
vn 0.52594 0.81686 0.23689
vn 0.37107 0.81686 0.44163
vn 0.14271 0.81686 0.55890
vn -0.11392 0.81686 0.56547
vn -0.34799 0.81686 0.46004
vn -0.51313 0.81686 0.26350
vn -0.57664 0.81686 0.01476
vn -0.52594 0.81686 -0.23689
vn -0.37107 0.81686 -0.44163
vn -0.14271 0.81686 -0.55890
vn 0.11392 0.81686 -0.56547
vn 0.34799 0.81686 -0.46004
vn 0.51313 0.81686 -0.26350
vn 0.84302 0.53780 -0.00972
vn 0.76375 0.53780 0.35701
vn 0.53321 0.53780 0.65304
vn 0.19707 0.53780 0.81972
vn -0.17811 0.53780 0.82404
vn -0.51801 0.53780 0.66516
vn -0.75531 0.53780 0.37453
vn -0.84302 0.53780 0.00972
vn -0.76375 0.53780 -0.35701
vn -0.53321 0.53780 -0.65304
vn -0.19707 0.53780 -0.81972
vn 0.17811 0.53780 -0.82404
vn 0.51801 0.53780 -0.66516
vn 0.75531 0.53780 -0.37453
vn 1.00000 0.00000 0.00000
vn 0.90097 0.00000 0.43388
vn 0.62349 0.00000 0.78183
vn 0.22252 0.00000 0.97493
vn -0.22252 0.00000 0.97493
vn -0.62349 0.00000 0.78183
vn -0.90097 0.00000 0.43388
vn -1.00000 0.00000 0.00000
vn -0.90097 0.00000 -0.43388
vn -0.62349 0.00000 -0.78183
vn -0.22252 0.00000 -0.97493
vn 0.22252 0.00000 -0.97493
vn 0.62349 0.00000 -0.78183
vn 0.90097 0.00000 -0.43388
vn 0.84302 -0.53780 0.00972
vn 0.75531 -0.53780 0.37453
vn 0.51801 -0.53780 0.66516
vn 0.17811 -0.53780 0.82404
vn -0.19707 -0.53780 0.81972
vn -0.53321 -0.53780 0.65304
vn -0.76375 -0.53780 0.35701
vn -0.84302 -0.53780 -0.00972
vn -0.75531 -0.53780 -0.37453
vn -0.51801 -0.53780 -0.66516
vn -0.17811 -0.53780 -0.82404
vn 0.19707 -0.53780 -0.81972
vn 0.53321 -0.53780 -0.65304
vn 0.76375 -0.53780 -0.35701
vn 0.57664 -0.81686 0.01476
vn 0.51313 -0.81686 0.26350
vn 0.34799 -0.81686 0.46004
vn 0.11392 -0.81686 0.56547
vn -0.14271 -0.81686 0.55890
vn -0.37107 -0.81686 0.44163
vn -0.52594 -0.81686 0.23689
vn -0.57664 -0.81686 -0.01476
vn -0.51313 -0.81686 -0.26350
vn -0.34799 -0.81686 -0.46004
vn -0.11392 -0.81686 -0.56547
vn 0.14271 -0.81686 -0.55890
vn 0.37107 -0.81686 -0.44163
vn 0.52594 -0.81686 -0.23689
vn 0.35599 -0.93434 0.01689
vn 0.31341 -0.93434 0.16967
vn 0.20875 -0.93434 0.28885
vn 0.06275 -0.93434 0.35082
vn -0.09568 -0.93434 0.34330
vn -0.23516 -0.93434 0.26779
vn -0.32806 -0.93434 0.13924
vn -0.35599 -0.93434 -0.01689
vn -0.31341 -0.93434 -0.16967
vn -0.20875 -0.93434 -0.28885
vn -0.06275 -0.93434 -0.35082
vn 0.09568 -0.93434 -0.34330
vn 0.23516 -0.93434 -0.26779
vn 0.32806 -0.93434 -0.13924
vn 0.18772 -0.98206 0.01775
vn 0.16143 -0.98206 0.09744
vn 0.10317 -0.98206 0.15784
vn 0.02447 -0.98206 0.18697
vn -0.05908 -0.98206 0.17907
vn -0.13092 -0.98206 0.13570
vn -0.17683 -0.98206 0.06546
vn -0.18772 -0.98206 -0.01775
vn -0.16143 -0.98206 -0.09744
vn -0.10317 -0.98206 -0.15784
vn -0.02447 -0.98206 -0.18697
vn 0.05908 -0.98206 -0.17907
vn 0.13092 -0.98206 -0.13570
vn 0.17683 -0.98206 -0.06546
vn 0.00000 1.00000 0.00000
vn 0.00000 -1.00000 -0.00000
vn 0.56635 0.82008 -0.08192
vn 0.46952 0.82836 0.30555
vn 0.09385 0.84557 0.52555
vn -0.34295 0.83677 0.42686
vn -0.56635 0.82008 0.08192
vn -0.46952 0.82836 -0.30555
vn -0.09385 0.84557 -0.52555
vn 0.34295 0.83677 -0.42686
vn 0.87821 0.47591 -0.04754
vn 0.68054 0.49197 0.54299
vn 0.05716 0.51499 0.85529
vn -0.60908 0.49667 0.61834
vn -0.87821 0.47591 0.04754
vn -0.68054 0.49197 -0.54299
vn -0.05716 0.51499 -0.85529
vn 0.60908 0.49667 -0.61834
vn 1.00000 0.00000 -0.00000
vn 0.74329 -0.00000 0.66896
vn 0.00000 0.00000 1.00000
vn -0.74329 0.00000 0.66896
vn -1.00000 0.00000 -0.00000
vn -0.74329 -0.00000 -0.66896
vn 0.00000 -0.00000 -1.00000
vn 0.74329 0.00000 -0.66896
vn 0.87821 -0.47591 0.04754
vn 0.60908 -0.49667 0.61834
vn -0.05716 -0.51499 0.85529
vn -0.68054 -0.49197 0.54299
vn -0.87821 -0.47591 -0.04754
vn -0.60908 -0.49667 -0.61834
vn 0.05716 -0.51499 -0.85529
vn 0.68054 -0.49197 -0.54299
vn 0.56635 -0.82008 0.08192
vn 0.34295 -0.83677 0.42686
vn -0.09385 -0.84557 0.52555
vn -0.46952 -0.82836 0.30555
vn -0.56635 -0.82008 -0.08192
vn -0.34295 -0.83677 -0.42686
vn 0.09385 -0.84557 -0.52555
vn 0.46952 -0.82836 -0.30555
vn 0.00000 1.00000 0.00000
vn 0.00000 -1.00000 -0.00000
vn 0.56635 0.82008 -0.08192
vn 0.46952 0.82836 0.30555
vn 0.09385 0.84557 0.52555
vn -0.34295 0.83677 0.42686
vn -0.56635 0.82008 0.08192
vn -0.46952 0.82836 -0.30555
vn -0.09385 0.84557 -0.52555
vn 0.34295 0.83677 -0.42686
vn 0.87821 0.47591 -0.04754
vn 0.68054 0.49197 0.54299
vn 0.05716 0.51499 0.85529
vn -0.60908 0.49667 0.61834
vn -0.87821 0.47591 0.04754
vn -0.68054 0.49197 -0.54299
vn -0.05716 0.51499 -0.85529
vn 0.60908 0.49667 -0.61834
vn 1.00000 0.00000 -0.00000
vn 0.74329 0.00000 0.66896
vn 0.00000 0.00000 1.00000
vn -0.74329 -0.00000 0.66896
vn -1.00000 0.00000 -0.00000
vn -0.74329 0.00000 -0.66896
vn 0.00000 -0.00000 -1.00000
vn 0.74329 -0.00000 -0.66896
vn 0.87821 -0.47591 0.04754
vn 0.60908 -0.49667 0.61834
vn -0.05716 -0.51499 0.85529
vn -0.68054 -0.49197 0.54299
vn -0.87821 -0.47591 -0.04754
vn -0.60908 -0.49667 -0.61834
vn 0.05716 -0.51499 -0.85529
vn 0.68054 -0.49197 -0.54299
vn 0.56635 -0.82008 0.08192
vn 0.34295 -0.83677 0.42686
vn -0.09385 -0.84557 0.52555
vn -0.46952 -0.82836 0.30555
vn -0.56635 -0.82008 -0.08192
vn -0.34295 -0.83677 -0.42686
vn 0.09385 -0.84557 -0.52555
vn 0.46952 -0.82836 -0.30555
vn 0.00000 1.00000 0.00000
vn 0.00000 -1.00000 -0.00000
vn 0.56635 0.82008 -0.08192
vn 0.46952 0.82836 0.30555
vn 0.09385 0.84557 0.52555
vn -0.34295 0.83677 0.42686
vn -0.56635 0.82008 0.08192
vn -0.46952 0.82836 -0.30555
vn -0.09385 0.84557 -0.52555
vn 0.34295 0.83677 -0.42686
vn 0.87821 0.47591 -0.04754
vn 0.68054 0.49197 0.54299
vn 0.05716 0.51499 0.85529
vn -0.60908 0.49667 0.61834
vn -0.87821 0.47591 0.04754
vn -0.68054 0.49197 -0.54299
vn -0.05716 0.51499 -0.85529
vn 0.60908 0.49667 -0.61834
vn 1.00000 0.00000 -0.00000
vn 0.74329 0.00000 0.66896
vn -0.00000 -0.00000 1.00000
vn -0.74329 -0.00000 0.66896
vn -1.00000 0.00000 -0.00000
vn -0.74329 -0.00000 -0.66896
vn 0.00000 -0.00000 -1.00000
vn 0.74329 0.00000 -0.66896
vn 0.87821 -0.47591 0.04754
vn 0.60908 -0.49667 0.61834
vn -0.05716 -0.51499 0.85529
vn -0.68054 -0.49197 0.54299
vn -0.87821 -0.47591 -0.04754
vn -0.60908 -0.49667 -0.61834
vn 0.05716 -0.51499 -0.85529
vn 0.68054 -0.49197 -0.54299
vn 0.56635 -0.82008 0.08192
vn 0.34295 -0.83677 0.42686
vn -0.09385 -0.84557 0.52555
vn -0.46952 -0.82836 0.30555
vn -0.56635 -0.82008 -0.08192
vn -0.34295 -0.83677 -0.42686
vn 0.09385 -0.84557 -0.52555
vn 0.46952 -0.82836 -0.30555
vn 0.00000 1.00000 0.00000
vn 0.00000 -1.00000 0.00000
vn 0.18772 0.98206 -0.01775
vn 0.17683 0.98206 0.06546
vn 0.13092 0.98206 0.13570
vn 0.05908 0.98206 0.17907
vn -0.02447 0.98206 0.18697
vn -0.10317 0.98206 0.15784
vn -0.16143 0.98206 0.09744
vn -0.18772 0.98206 0.01775
vn -0.17683 0.98206 -0.06546
vn -0.13092 0.98206 -0.13570
vn -0.05908 0.98206 -0.17907
vn 0.02447 0.98206 -0.18697
vn 0.10317 0.98206 -0.15784
vn 0.16143 0.98206 -0.09744
vn 0.35599 0.93434 -0.01689
vn 0.32806 0.93434 0.13924
vn 0.23516 0.93434 0.26779
vn 0.09568 0.93434 0.34330
vn -0.06275 0.93434 0.35082
vn -0.20875 0.93434 0.28885
vn -0.31341 0.93434 0.16967
vn -0.35599 0.93434 0.01689
vn -0.32806 0.93434 -0.13924
vn -0.23516 0.93434 -0.26779
vn -0.09568 0.93434 -0.34330
vn 0.06275 0.93434 -0.35082
vn 0.20875 0.93434 -0.28885
vn 0.31341 0.93434 -0.16967
vn 0.57664 0.81686 -0.01476
vn 0.52594 0.81686 0.23689
vn 0.37107 0.81686 0.44163
vn 0.14271 0.81686 0.55890
vn -0.11392 0.81686 0.56547
vn -0.34799 0.81686 0.46004
vn -0.51313 0.81686 0.26350
vn -0.57664 0.81686 0.01476
vn -0.52594 0.81686 -0.23689
vn -0.37107 0.81686 -0.44163
vn -0.14271 0.81686 -0.55890
vn 0.11392 0.81686 -0.56547
vn 0.34799 0.81686 -0.46004
vn 0.51313 0.81686 -0.26350
vn 0.84302 0.53780 -0.00972
vn 0.76375 0.53780 0.35701
vn 0.53321 0.53780 0.65304
vn 0.19707 0.53780 0.81972
vn -0.17811 0.53780 0.82404
vn -0.51801 0.53780 0.66516
vn -0.75531 0.53780 0.37453
vn -0.84302 0.53780 0.00972
vn -0.76375 0.53780 -0.35701
vn -0.53321 0.53780 -0.65304
vn -0.19707 0.53780 -0.81972
vn 0.17811 0.53780 -0.82404
vn 0.51801 0.53780 -0.66516
vn 0.75531 0.53780 -0.37453
vn 1.00000 -0.00000 -0.00000
vn 0.90097 0.00000 0.43388
vn 0.62349 0.00000 0.78183
vn 0.22252 0.00000 0.97493
vn -0.22252 -0.00000 0.97493
vn -0.62349 0.00000 0.78183
vn -0.90097 0.00000 0.43388
vn -1.00000 0.00000 -0.00000
vn -0.90097 0.00000 -0.43388
vn -0.62349 0.00000 -0.78183
vn -0.22252 0.00000 -0.97493
vn 0.22252 0.00000 -0.97493
vn 0.62349 0.00000 -0.78183
vn 0.90097 0.00000 -0.43388
vn 0.84302 -0.53780 0.00972
vn 0.75531 -0.53780 0.37453
vn 0.51801 -0.53780 0.66516
vn 0.17811 -0.53780 0.82404
vn -0.19707 -0.53780 0.81972
vn -0.53321 -0.53780 0.65304
vn -0.76375 -0.53780 0.35701
vn -0.84302 -0.53780 -0.00972
vn -0.75531 -0.53780 -0.37453
vn -0.51801 -0.53780 -0.66516
vn -0.17811 -0.53780 -0.82404
vn 0.19707 -0.53780 -0.81972
vn 0.53321 -0.53780 -0.65304
vn 0.76375 -0.53780 -0.35701
vn 0.57664 -0.81686 0.01476
vn 0.51313 -0.81686 0.26350
vn 0.34799 -0.81686 0.46004
vn 0.11392 -0.81686 0.56547
vn -0.14271 -0.81686 0.55890
vn -0.37107 -0.81686 0.44163
vn -0.52594 -0.81686 0.23689
vn -0.57664 -0.81686 -0.01476
vn -0.51313 -0.81686 -0.26350
vn -0.34799 -0.81686 -0.46004
vn -0.11392 -0.81686 -0.56547
vn 0.14271 -0.81686 -0.55890
vn 0.37107 -0.81686 -0.44163
vn 0.52594 -0.81686 -0.23689
vn 0.35599 -0.93434 0.01689
vn 0.31341 -0.93434 0.16967
vn 0.20875 -0.93434 0.28885
vn 0.06275 -0.93434 0.35082
vn -0.09568 -0.93434 0.34330
vn -0.23516 -0.93434 0.26779
vn -0.32806 -0.93434 0.13924
vn -0.35599 -0.93434 -0.01689
vn -0.31341 -0.93434 -0.16967
vn -0.20875 -0.93434 -0.28885
vn -0.06275 -0.93434 -0.35082
vn 0.09568 -0.93434 -0.34330
vn 0.23516 -0.93434 -0.26779
vn 0.32806 -0.93434 -0.13924
vn 0.18772 -0.98206 0.01775
vn 0.16143 -0.98206 0.09744
vn 0.10317 -0.98206 0.15784
vn 0.02447 -0.98206 0.18697
vn -0.05908 -0.98206 0.17907
vn -0.13092 -0.98206 0.13570
vn -0.17683 -0.98206 0.06546
vn -0.18772 -0.98206 -0.01775
vn -0.16143 -0.98206 -0.09744
vn -0.10317 -0.98206 -0.15784
vn -0.02447 -0.98206 -0.18697
vn 0.05908 -0.98206 -0.17907
vn 0.13092 -0.98206 -0.13570
vn 0.17683 -0.98206 -0.06546
vn 0.00000 1.00000 0.00000
vn 0.00000 -1.00000 -0.00000
vn 0.56635 0.82008 -0.08192
vn 0.46952 0.82836 0.30555
vn 0.09385 0.84557 0.52555
vn -0.34295 0.83677 0.42686
vn -0.56635 0.82008 0.08192
vn -0.46952 0.82836 -0.30555
vn -0.09385 0.84557 -0.52555
vn 0.34295 0.83677 -0.42686
vn 0.87821 0.47591 -0.04754
vn 0.68054 0.49197 0.54299
vn 0.05716 0.51499 0.85529
vn -0.60908 0.49667 0.61834
vn -0.87821 0.47591 0.04754
vn -0.68054 0.49197 -0.54299
vn -0.05716 0.51499 -0.85529
vn 0.60908 0.49667 -0.61834
vn 1.00000 0.00000 0.00000
vn 0.74329 0.00000 0.66896
vn 0.00000 -0.00000 1.00000
vn -0.74329 -0.00000 0.66896
vn -1.00000 -0.00000 -0.00000
vn -0.74329 0.00000 -0.66896
vn 0.00000 -0.00000 -1.00000
vn 0.74329 -0.00000 -0.66896
vn 0.87821 -0.47591 0.04754
vn 0.60908 -0.49667 0.61834
vn -0.05716 -0.51499 0.85529
vn -0.68054 -0.49197 0.54299
vn -0.87821 -0.47591 -0.04754
vn -0.60908 -0.49667 -0.61834
vn 0.05716 -0.51499 -0.85529
vn 0.68054 -0.49197 -0.54299
vn 0.56635 -0.82008 0.08192
vn 0.34295 -0.83677 0.42686
vn -0.09385 -0.84557 0.52555
vn -0.46952 -0.82836 0.30555
vn -0.56635 -0.82008 -0.08192
vn -0.34295 -0.83677 -0.42686
vn 0.09385 -0.84557 -0.52555
vn 0.46952 -0.82836 -0.30555
vn 0.00000 1.00000 0.00000
vn 0.00000 -1.00000 -0.00000
vn 0.56635 0.82008 -0.08192
vn 0.46952 0.82836 0.30555
vn 0.09385 0.84557 0.52555
vn -0.34295 0.83677 0.42686
vn -0.56635 0.82008 0.08192
vn -0.46952 0.82836 -0.30555
vn -0.09385 0.84557 -0.52555
vn 0.34295 0.83677 -0.42686
vn 0.87821 0.47591 -0.04754
vn 0.68054 0.49197 0.54299
vn 0.05716 0.51499 0.85529
vn -0.60908 0.49667 0.61834
vn -0.87821 0.47591 0.04754
vn -0.68054 0.49197 -0.54299
vn -0.05716 0.51499 -0.85529
vn 0.60908 0.49667 -0.61834
vn 1.00000 0.00000 0.00000
vn 0.74329 -0.00000 0.66896
vn 0.00000 0.00000 1.00000
vn -0.74329 0.00000 0.66896
vn -1.00000 -0.00000 -0.00000
vn -0.74329 -0.00000 -0.66896
vn 0.00000 0.00000 -1.00000
vn 0.74329 0.00000 -0.66896
vn 0.87821 -0.47591 0.04754
vn 0.60908 -0.49667 0.61834
vn -0.05716 -0.51499 0.85529
vn -0.68054 -0.49197 0.54299
vn -0.87821 -0.47591 -0.04754
vn -0.60908 -0.49667 -0.61834
vn 0.05716 -0.51499 -0.85529
vn 0.68054 -0.49197 -0.54299
vn 0.56635 -0.82008 0.08192
vn 0.34295 -0.83677 0.42686
vn -0.09385 -0.84557 0.52555
vn -0.46952 -0.82836 0.30555
vn -0.56635 -0.82008 -0.08192
vn -0.34295 -0.83677 -0.42686
vn 0.09385 -0.84557 -0.52555
vn 0.46952 -0.82836 -0.30555
vn 0.00000 1.00000 0.00000
vn 0.00000 -1.00000 -0.00000
vn 0.56635 0.82008 -0.08192
vn 0.46952 0.82836 0.30555
vn 0.09385 0.84557 0.52555
vn -0.34295 0.83677 0.42686
vn -0.56635 0.82008 0.08192
vn -0.46952 0.82836 -0.30555
vn -0.09385 0.84557 -0.52555
vn 0.34295 0.83677 -0.42686
vn 0.87821 0.47591 -0.04754
vn 0.68054 0.49197 0.54299
vn 0.05716 0.51499 0.85529
vn -0.60908 0.49667 0.61834
vn -0.87821 0.47591 0.04754
vn -0.68054 0.49197 -0.54299
vn -0.05716 0.51499 -0.85529
vn 0.60908 0.49667 -0.61834
vn 1.00000 0.00000 0.00000
vn 0.74329 0.00000 0.66896
vn 0.00000 -0.00000 1.00000
vn -0.74329 -0.00000 0.66896
vn -1.00000 -0.00000 -0.00000
vn -0.74329 0.00000 -0.66896
vn 0.00000 -0.00000 -1.00000
vn 0.74329 -0.00000 -0.66896
vn 0.87821 -0.47591 0.04754
vn 0.60908 -0.49667 0.61834
vn -0.05716 -0.51499 0.85529
vn -0.68054 -0.49197 0.54299
vn -0.87821 -0.47591 -0.04754
vn -0.60908 -0.49667 -0.61834
vn 0.05716 -0.51499 -0.85529
vn 0.68054 -0.49197 -0.54299
vn 0.56635 -0.82008 0.08192
vn 0.34295 -0.83677 0.42686
vn -0.09385 -0.84557 0.52555
vn -0.46952 -0.82836 0.30555
vn -0.56635 -0.82008 -0.08192
vn -0.34295 -0.83677 -0.42686
vn 0.09385 -0.84557 -0.52555
vn 0.46952 -0.82836 -0.30555
vn 0.00000 1.00000 0.00000
vn 0.00000 -1.00000 0.00000
vn 0.18772 0.98206 -0.01775
vn 0.17683 0.98206 0.06546
vn 0.13092 0.98206 0.13570
vn 0.05908 0.98206 0.17907
vn -0.02447 0.98206 0.18697
vn -0.10317 0.98206 0.15784
vn -0.16143 0.98206 0.09744
vn -0.18772 0.98206 0.01775
vn -0.17683 0.98206 -0.06546
vn -0.13092 0.98206 -0.13570
vn -0.05908 0.98206 -0.17907
vn 0.02447 0.98206 -0.18697
vn 0.10317 0.98206 -0.15784
vn 0.16143 0.98206 -0.09744
vn 0.35599 0.93434 -0.01689
vn 0.32806 0.93434 0.13924
vn 0.23516 0.93434 0.26779
vn 0.09568 0.93434 0.34330
vn -0.06275 0.93434 0.35082
vn -0.20875 0.93434 0.28885
vn -0.31341 0.93434 0.16967
vn -0.35599 0.93434 0.01689
vn -0.32806 0.93434 -0.13924
vn -0.23516 0.93434 -0.26779
vn -0.09568 0.93434 -0.34330
vn 0.06275 0.93434 -0.35082
vn 0.20875 0.93434 -0.28885
vn 0.31341 0.93434 -0.16967
vn 0.57664 0.81686 -0.01476
vn 0.52594 0.81686 0.23689
vn 0.37107 0.81686 0.44163
vn 0.14271 0.81686 0.55890
vn -0.11392 0.81686 0.56547
vn -0.34799 0.81686 0.46004
vn -0.51313 0.81686 0.26350
vn -0.57664 0.81686 0.01476
vn -0.52594 0.81686 -0.23689
vn -0.37107 0.81686 -0.44163
vn -0.14271 0.81686 -0.55890
vn 0.11392 0.81686 -0.56547
vn 0.34799 0.81686 -0.46004
vn 0.51313 0.81686 -0.26350
vn 0.84302 0.53780 -0.00972
vn 0.76375 0.53780 0.35701
vn 0.53321 0.53780 0.65304
vn 0.19707 0.53780 0.81972
vn -0.17811 0.53780 0.82404
vn -0.51801 0.53780 0.66516
vn -0.75531 0.53780 0.37453
vn -0.84302 0.53780 0.00972
vn -0.76375 0.53780 -0.35701
vn -0.53321 0.53780 -0.65304
vn -0.19707 0.53780 -0.81972
vn 0.17811 0.53780 -0.82404
vn 0.51801 0.53780 -0.66516
vn 0.75531 0.53780 -0.37453
vn 1.00000 -0.00000 -0.00000
vn 0.90097 0.00000 0.43388
vn 0.62349 0.00000 0.78183
vn 0.22252 0.00000 0.97493
vn -0.22252 0.00000 0.97493
vn -0.62349 0.00000 0.78183
vn -0.90097 0.00000 0.43388
vn -1.00000 0.00000 -0.00000
vn -0.90097 0.00000 -0.43388
vn -0.62349 0.00000 -0.78183
vn -0.22252 0.00000 -0.97493
vn 0.22252 -0.00000 -0.97493
vn 0.62349 0.00000 -0.78183
vn 0.90097 0.00000 -0.43388
vn 0.84302 -0.53780 0.00972
vn 0.75531 -0.53780 0.37453
vn 0.51801 -0.53780 0.66516
vn 0.17811 -0.53780 0.82404
vn -0.19707 -0.53780 0.81972
vn -0.53321 -0.53780 0.65304
vn -0.76375 -0.53780 0.35701
vn -0.84302 -0.53780 -0.00972
vn -0.75531 -0.53780 -0.37453
vn -0.51801 -0.53780 -0.66516
vn -0.17811 -0.53780 -0.82404
vn 0.19707 -0.53780 -0.81972
vn 0.53321 -0.53780 -0.65304
vn 0.76375 -0.53780 -0.35701
vn 0.57664 -0.81686 0.01476
vn 0.51313 -0.81686 0.26350
vn 0.34799 -0.81686 0.46004
vn 0.11392 -0.81686 0.56547
vn -0.14271 -0.81686 0.55890
vn -0.37107 -0.81686 0.44163
vn -0.52594 -0.81686 0.23689
vn -0.57664 -0.81686 -0.01476
vn -0.51313 -0.81686 -0.26350
vn -0.34799 -0.81686 -0.46004
vn -0.11392 -0.81686 -0.56547
vn 0.14271 -0.81686 -0.55890
vn 0.37107 -0.81686 -0.44163
vn 0.52594 -0.81686 -0.23689
vn 0.35599 -0.93434 0.01689
vn 0.31341 -0.93434 0.16967
vn 0.20875 -0.93434 0.28885
vn 0.06275 -0.93434 0.35082
vn -0.09568 -0.93434 0.34330
vn -0.23516 -0.93434 0.26779
vn -0.32806 -0.93434 0.13924
vn -0.35599 -0.93434 -0.01689
vn -0.31341 -0.93434 -0.16967
vn -0.20875 -0.93434 -0.28885
vn -0.06275 -0.93434 -0.35082
vn 0.09568 -0.93434 -0.34330
vn 0.23516 -0.93434 -0.26779
vn 0.32806 -0.93434 -0.13924
vn 0.18772 -0.98206 0.01775
vn 0.16143 -0.98206 0.09744
vn 0.10317 -0.98206 0.15784
vn 0.02447 -0.98206 0.18697
vn -0.05908 -0.98206 0.17907
vn -0.13092 -0.98206 0.13570
vn -0.17683 -0.98206 0.06546
vn -0.18772 -0.98206 -0.01775
vn -0.16143 -0.98206 -0.09744
vn -0.10317 -0.98206 -0.15784
vn -0.02447 -0.98206 -0.18697
vn 0.05908 -0.98206 -0.17907
vn 0.13092 -0.98206 -0.13570
vn 0.17683 -0.98206 -0.06546
vn 0.00000 1.00000 0.00000
vn 0.00000 -1.00000 -0.00000
vn 0.56635 0.82008 -0.08192
vn 0.46952 0.82836 0.30555
vn 0.09385 0.84557 0.52555
vn -0.34295 0.83677 0.42686
vn -0.56635 0.82008 0.08192
vn -0.46952 0.82836 -0.30555
vn -0.09385 0.84557 -0.52555
vn 0.34295 0.83677 -0.42686
vn 0.87821 0.47591 -0.04754
vn 0.68054 0.49197 0.54299
vn 0.05716 0.51499 0.85529
vn -0.60908 0.49667 0.61834
vn -0.87821 0.47591 0.04754
vn -0.68054 0.49197 -0.54299
vn -0.05716 0.51499 -0.85529
vn 0.60908 0.49667 -0.61834
vn 1.00000 0.00000 0.00000
vn 0.74329 0.00000 0.66896
vn 0.00000 -0.00000 1.00000
vn -0.74329 -0.00000 0.66896
vn -1.00000 -0.00000 -0.00000
vn -0.74329 0.00000 -0.66896
vn 0.00000 -0.00000 -1.00000
vn 0.74329 -0.00000 -0.66896
vn 0.87821 -0.47591 0.04754
vn 0.60908 -0.49667 0.61834
vn -0.05716 -0.51499 0.85529
vn -0.68054 -0.49197 0.54299
vn -0.87821 -0.47591 -0.04754
vn -0.60908 -0.49667 -0.61834
vn 0.05716 -0.51499 -0.85529
vn 0.68054 -0.49197 -0.54299
vn 0.56635 -0.82008 0.08192
vn 0.34295 -0.83677 0.42686
vn -0.09385 -0.84557 0.52555
vn -0.46952 -0.82836 0.30555
vn -0.56635 -0.82008 -0.08192
vn -0.34295 -0.83677 -0.42686
vn 0.09385 -0.84557 -0.52555
vn 0.46952 -0.82836 -0.30555
vn 0.00000 1.00000 0.00000
vn 0.00000 -1.00000 -0.00000
vn 0.56635 0.82008 -0.08192
vn 0.46952 0.82836 0.30555
vn 0.09385 0.84557 0.52555
vn -0.34295 0.83677 0.42686
vn -0.56635 0.82008 0.08192
vn -0.46952 0.82836 -0.30555
vn -0.09385 0.84557 -0.52555
vn 0.34295 0.83677 -0.42686
vn 0.87821 0.47591 -0.04754
vn 0.68054 0.49197 0.54299
vn 0.05716 0.51499 0.85529
vn -0.60908 0.49667 0.61834
vn -0.87821 0.47591 0.04754
vn -0.68054 0.49197 -0.54299
vn -0.05716 0.51499 -0.85529
vn 0.60908 0.49667 -0.61834
vn 1.00000 0.00000 0.00000
vn 0.74329 -0.00000 0.66896
vn 0.00000 0.00000 1.00000
vn -0.74329 0.00000 0.66896
vn -1.00000 -0.00000 -0.00000
vn -0.74329 -0.00000 -0.66896
vn 0.00000 0.00000 -1.00000
vn 0.74329 0.00000 -0.66896
vn 0.87821 -0.47591 0.04754
vn 0.60908 -0.49667 0.61834
vn -0.05716 -0.51499 0.85529
vn -0.68054 -0.49197 0.54299
vn -0.87821 -0.47591 -0.04754
vn -0.60908 -0.49667 -0.61834
vn 0.05716 -0.51499 -0.85529
vn 0.68054 -0.49197 -0.54299
vn 0.56635 -0.82008 0.08192
vn 0.34295 -0.83677 0.42686
vn -0.09385 -0.84557 0.52555
vn -0.46952 -0.82836 0.30555
vn -0.56635 -0.82008 -0.08192
vn -0.34295 -0.83677 -0.42686
vn 0.09385 -0.84557 -0.52555
vn 0.46952 -0.82836 -0.30555
vn 0.00000 1.00000 0.00000
vn 0.00000 -1.00000 -0.00000
vn 0.56635 0.82008 -0.08192
vn 0.46952 0.82836 0.30555
vn 0.09385 0.84557 0.52555
vn -0.34295 0.83677 0.42686
vn -0.56635 0.82008 0.08192
vn -0.46952 0.82836 -0.30555
vn -0.09385 0.84557 -0.52555
vn 0.34295 0.83677 -0.42686
vn 0.87821 0.47591 -0.04754
vn 0.68054 0.49197 0.54299
vn 0.05716 0.51499 0.85529
vn -0.60908 0.49667 0.61834
vn -0.87821 0.47591 0.04754
vn -0.68054 0.49197 -0.54299
vn -0.05716 0.51499 -0.85529
vn 0.60908 0.49667 -0.61834
vn 1.00000 0.00000 0.00000
vn 0.74329 0.00000 0.66896
vn 0.00000 -0.00000 1.00000
vn -0.74329 -0.00000 0.66896
vn -1.00000 -0.00000 -0.00000
vn -0.74329 0.00000 -0.66896
vn 0.00000 -0.00000 -1.00000
vn 0.74329 -0.00000 -0.66896
vn 0.87821 -0.47591 0.04754
vn 0.60908 -0.49667 0.61834
vn -0.05716 -0.51499 0.85529
vn -0.68054 -0.49197 0.54299
vn -0.87821 -0.47591 -0.04754
vn -0.60908 -0.49667 -0.61834
vn 0.05716 -0.51499 -0.85529
vn 0.68054 -0.49197 -0.54299
vn 0.56635 -0.82008 0.08192
vn 0.34295 -0.83677 0.42686
vn -0.09385 -0.84557 0.52555
vn -0.46952 -0.82836 0.30555
vn -0.56635 -0.82008 -0.08192
vn -0.34295 -0.83677 -0.42686
vn 0.09385 -0.84557 -0.52555
vn 0.46952 -0.82836 -0.30555
vn 0.00000 1.00000 -0.00000
vn 0.00000 -1.00000 -0.00000
vn 0.29984 0.95356 -0.02865
vn 0.28257 0.95356 0.10428
vn 0.20935 0.95356 0.21656
vn 0.09465 0.95356 0.28594
vn -0.03878 0.95356 0.29869
vn -0.16454 0.95356 0.25229
vn -0.25771 0.95356 0.15591
vn -0.29984 0.95356 0.02865
vn -0.28257 0.95356 -0.10428
vn -0.20935 0.95356 -0.21656
vn -0.09465 0.95356 -0.28594
vn 0.03878 0.95356 -0.29869
vn 0.16454 0.95356 -0.25229
vn 0.25771 0.95356 -0.15591
vn 0.51696 0.85562 -0.02571
vn 0.47692 0.85562 0.20114
vn 0.34242 0.85562 0.38814
vn 0.14010 0.85562 0.49828
vn -0.08997 0.85562 0.50972
vn -0.30222 0.85562 0.42021
vn -0.45461 0.85562 0.24746
vn -0.51696 0.85562 0.02571
vn -0.47692 0.85562 -0.20114
vn -0.34242 0.85562 -0.38814
vn -0.14010 0.85562 -0.49828
vn 0.08997 0.85562 -0.50972
vn 0.30222 0.85562 -0.42021
vn 0.45461 0.85562 -0.24746
vn 0.71503 0.69878 -0.02100
vn 0.65333 0.69878 0.29132
vn 0.46223 0.69878 0.54594
vn 0.17958 0.69878 0.69243
vn -0.13864 0.69878 0.70177
vn -0.42939 0.69878 0.57212
vn -0.63511 0.69878 0.32916
vn -0.71503 0.69878 0.02100
vn -0.65333 0.69878 -0.29132
vn -0.46223 0.69878 -0.54594
vn -0.17958 0.69878 -0.69243
vn 0.13864 0.69878 -0.70177
vn 0.42939 0.69878 -0.57212
vn 0.63511 0.69878 -0.32916
vn 0.86923 0.49419 -0.01485
vn 0.78959 0.49419 0.36376
vn 0.55356 0.49419 0.67033
vn 0.20790 0.49419 0.84413
vn -0.17894 0.49419 0.85074
vn -0.53034 0.49419 0.68885
vn -0.77670 0.49419 0.39052
vn -0.86923 0.49419 0.01485
vn -0.78959 0.49419 -0.36376
vn -0.55356 0.49419 -0.67033
vn -0.20790 0.49419 -0.84413
vn 0.17894 0.49419 -0.85074
vn 0.53034 0.49419 -0.68885
vn 0.77670 0.49419 -0.39052
vn 0.96669 0.25584 -0.00769
vn 0.87429 0.25584 0.41250
vn 0.60873 0.25584 0.75100
vn 0.22260 0.25584 0.94074
vn -0.20761 0.25584 0.94416
vn -0.59671 0.25584 0.76058
vn -0.86762 0.25584 0.42636
vn -0.96669 0.25584 0.00769
vn -0.87429 0.25584 -0.41250
vn -0.60873 0.25584 -0.75100
vn -0.22260 0.25584 -0.94074
vn 0.20761 0.25584 -0.94416
vn 0.59671 0.25584 -0.76058
vn 0.86762 0.25584 -0.42636
vn 1.00000 0.00000 0.00000
vn 0.90097 -0.00000 0.43388
vn 0.62349 -0.00000 0.78183
vn 0.22252 0.00000 0.97493
vn -0.22252 -0.00000 0.97493
vn -0.62349 0.00000 0.78183
vn -0.90097 0.00000 0.43388
vn -1.00000 -0.00000 -0.00000
vn -0.90097 0.00000 -0.43388
vn -0.62349 -0.00000 -0.78183
vn -0.22252 0.00000 -0.97493
vn 0.22252 -0.00000 -0.97493
vn 0.62349 0.00000 -0.78183
vn 0.90097 -0.00000 -0.43388
vn 0.96669 -0.25584 0.00769
vn 0.86762 -0.25584 0.42636
vn 0.59671 -0.25584 0.76058
vn 0.20761 -0.25584 0.94416
vn -0.22260 -0.25584 0.94074
vn -0.60873 -0.25584 0.75100
vn -0.87429 -0.25584 0.41250
vn -0.96669 -0.25584 -0.00769
vn -0.86762 -0.25584 -0.42636
vn -0.59671 -0.25584 -0.76058
vn -0.20761 -0.25584 -0.94416
vn 0.22260 -0.25584 -0.94074
vn 0.60873 -0.25584 -0.75100
vn 0.87429 -0.25584 -0.41250
vn 0.86923 -0.49419 0.01485
vn 0.77670 -0.49419 0.39052
vn 0.53034 -0.49419 0.68885
vn 0.17894 -0.49419 0.85074
vn -0.20790 -0.49419 0.84413
vn -0.55356 -0.49419 0.67033
vn -0.78959 -0.49419 0.36376
vn -0.86923 -0.49419 -0.01485
vn -0.77670 -0.49419 -0.39052
vn -0.53034 -0.49419 -0.68885
vn -0.17894 -0.49419 -0.85074
vn 0.20790 -0.49419 -0.84413
vn 0.55356 -0.49419 -0.67033
vn 0.78959 -0.49419 -0.36376
vn 0.71503 -0.69878 0.02100
vn 0.63511 -0.69878 0.32916
vn 0.42939 -0.69878 0.57212
vn 0.13864 -0.69878 0.70177
vn -0.17958 -0.69878 0.69243
vn -0.46223 -0.69878 0.54594
vn -0.65333 -0.69878 0.29132
vn -0.71503 -0.69878 -0.02100
vn -0.63511 -0.69878 -0.32916
vn -0.42939 -0.69878 -0.57212
vn -0.13864 -0.69878 -0.70177
vn 0.17958 -0.69878 -0.69243
vn 0.46223 -0.69878 -0.54594
vn 0.65333 -0.69878 -0.29132
vn 0.51696 -0.85562 0.02571
vn 0.45461 -0.85562 0.24746
vn 0.30222 -0.85562 0.42021
vn 0.08997 -0.85562 0.50972
vn -0.14010 -0.85562 0.49828
vn -0.34242 -0.85562 0.38814
vn -0.47692 -0.85562 0.20114
vn -0.51696 -0.85562 -0.02571
vn -0.45461 -0.85562 -0.24746
vn -0.30222 -0.85562 -0.42021
vn -0.08997 -0.85562 -0.50972
vn 0.14010 -0.85562 -0.49828
vn 0.34242 -0.85562 -0.38814
vn 0.47692 -0.85562 -0.20114
vn 0.29984 -0.95356 0.02865
vn 0.25771 -0.95356 0.15591
vn 0.16454 -0.95356 0.25229
vn 0.03878 -0.95356 0.29869
vn -0.09465 -0.95356 0.28594
vn -0.20935 -0.95356 0.21656
vn -0.28257 -0.95356 0.10428
vn -0.29984 -0.95356 -0.02865
vn -0.25771 -0.95356 -0.15591
vn -0.16454 -0.95356 -0.25229
vn -0.03878 -0.95356 -0.29869
vn 0.09465 -0.95356 -0.28594
vn 0.20935 -0.95356 -0.21656
vn 0.28257 -0.95356 -0.10428
vn 0.00000 1.00000 -0.00000
vn -0.00000 -1.00000 -0.00000
vn 0.35682 0.93333 -0.03961
vn 0.32882 0.93333 0.14411
vn 0.21271 0.93333 0.28921
vn 0.03961 0.93333 0.35682
vn -0.14411 0.93333 0.32882
vn -0.28921 0.93333 0.21271
vn -0.35682 0.93333 0.03961
vn -0.32882 0.93333 -0.14411
vn -0.21271 0.93333 -0.28921
vn -0.03961 0.93333 -0.35682
vn 0.14411 0.93333 -0.32882
vn 0.28921 0.93333 -0.21271
vn 0.60575 0.79494 -0.03374
vn 0.54146 0.79494 0.27366
vn 0.33209 0.79494 0.50773
vn 0.03374 0.79494 0.60575
vn -0.27366 0.79494 0.54146
vn -0.50773 0.79494 0.33209
vn -0.60575 0.79494 0.03374
vn -0.54146 0.79494 -0.27366
vn -0.33209 0.79494 -0.50773
vn -0.03374 0.79494 -0.60575
vn 0.27366 0.79494 -0.54146
vn 0.50773 0.79494 -0.33209
vn 0.81580 0.57782 -0.02452
vn 0.71876 0.57782 0.38666
vn 0.42913 0.57782 0.69424
vn 0.02452 0.57782 0.81580
vn -0.38666 0.57782 0.71876
vn -0.69424 0.57782 0.42913
vn -0.81580 0.57782 0.02452
vn -0.71876 0.57782 -0.38666
vn -0.42913 0.57782 -0.69424
vn -0.02452 0.57782 -0.81580
vn 0.38666 0.57782 -0.71876
vn 0.69424 0.57782 -0.42913
vn 0.95263 0.30386 -0.01290
vn 0.83145 0.30386 0.46515
vn 0.48748 0.30386 0.81855
vn 0.01290 0.30386 0.95263
vn -0.46515 0.30386 0.83145
vn -0.81855 0.30386 0.48748
vn -0.95263 0.30386 0.01290
vn -0.83145 0.30386 -0.46515
vn -0.48748 0.30386 -0.81855
vn -0.01290 0.30386 -0.95263
vn 0.46515 0.30386 -0.83145
vn 0.81855 0.30386 -0.48748
vn 1.00000 -0.00000 0.00000
vn 0.86603 -0.00000 0.50000
vn 0.50000 0.00000 0.86603
vn 0.00000 -0.00000 1.00000
vn -0.50000 -0.00000 0.86603
vn -0.86603 0.00000 0.50000
vn -1.00000 0.00000 -0.00000
vn -0.86603 -0.00000 -0.50000
vn -0.50000 0.00000 -0.86603
vn 0.00000 -0.00000 -1.00000
vn 0.50000 -0.00000 -0.86603
vn 0.86603 0.00000 -0.50000
vn 0.95263 -0.30386 0.01290
vn 0.81855 -0.30386 0.48748
vn 0.46515 -0.30386 0.83145
vn -0.01290 -0.30386 0.95263
vn -0.48748 -0.30386 0.81855
vn -0.83145 -0.30386 0.46515
vn -0.95263 -0.30386 -0.01290
vn -0.81855 -0.30386 -0.48748
vn -0.46515 -0.30386 -0.83145
vn 0.01290 -0.30386 -0.95263
vn 0.48748 -0.30386 -0.81855
vn 0.83145 -0.30386 -0.46515
vn 0.81580 -0.57782 0.02452
vn 0.69424 -0.57782 0.42913
vn 0.38666 -0.57782 0.71876
vn -0.02452 -0.57782 0.81580
vn -0.42913 -0.57782 0.69424
vn -0.71876 -0.57782 0.38666
vn -0.81580 -0.57782 -0.02452
vn -0.69424 -0.57782 -0.42913
vn -0.38666 -0.57782 -0.71876
vn 0.02452 -0.57782 -0.81580
vn 0.42913 -0.57782 -0.69424
vn 0.71876 -0.57782 -0.38666
vn 0.60575 -0.79494 0.03374
vn 0.50773 -0.79494 0.33209
vn 0.27366 -0.79494 0.54146
vn -0.03374 -0.79494 0.60575
vn -0.33209 -0.79494 0.50773
vn -0.54146 -0.79494 0.27366
vn -0.60575 -0.79494 -0.03374
vn -0.50773 -0.79494 -0.33209
vn -0.27366 -0.79494 -0.54146
vn 0.03374 -0.79494 -0.60575
vn 0.33209 -0.79494 -0.50773
vn 0.54146 -0.79494 -0.27366
vn 0.35682 -0.93333 0.03961
vn 0.28921 -0.93333 0.21271
vn 0.14411 -0.93333 0.32882
vn -0.03961 -0.93333 0.35682
vn -0.21271 -0.93333 0.28921
vn -0.32882 -0.93333 0.14411
vn -0.35682 -0.93333 -0.03961
vn -0.28921 -0.93333 -0.21271
vn -0.14411 -0.93333 -0.32882
vn 0.03961 -0.93333 -0.35682
vn 0.21271 -0.93333 -0.28921
vn 0.32882 -0.93333 -0.14411
vn 0.00000 1.00000 0.00000
vn 0.00000 -1.00000 0.00000
vn 0.56590 0.81944 -0.09095
vn 0.46446 0.81944 0.33584
vn 0.09095 0.81944 0.56590
vn -0.33584 0.81944 0.46446
vn -0.56590 0.81944 0.09095
vn -0.46446 0.81944 -0.33584
vn -0.09095 0.81944 -0.56590
vn 0.33584 0.81944 -0.46446
vn 0.87797 0.47579 -0.05281
vn 0.65816 0.47579 0.58348
vn 0.05281 0.47579 0.87797
vn -0.58348 0.47579 0.65816
vn -0.87797 0.47579 0.05281
vn -0.65816 0.47579 -0.58348
vn -0.05281 0.47579 -0.87797
vn 0.58348 0.47579 -0.65816
vn 1.00000 -0.00000 -0.00000
vn 0.70711 -0.00000 0.70711
vn 0.00000 0.00000 1.00000
vn -0.70711 0.00000 0.70711
vn -1.00000 -0.00000 0.00000
vn -0.70711 -0.00000 -0.70711
vn -0.00000 0.00000 -1.00000
vn 0.70711 0.00000 -0.70711
vn 0.87797 -0.47579 0.05281
vn 0.58348 -0.47579 0.65816
vn -0.05281 -0.47579 0.87797
vn -0.65816 -0.47579 0.58348
vn -0.87797 -0.47579 -0.05281
vn -0.58348 -0.47579 -0.65816
vn 0.05281 -0.47579 -0.87797
vn 0.65816 -0.47579 -0.58348
vn 0.56590 -0.81944 0.09095
vn 0.33584 -0.81944 0.46446
vn -0.09095 -0.81944 0.56590
vn -0.46446 -0.81944 0.33584
vn -0.56590 -0.81944 -0.09095
vn -0.33584 -0.81944 -0.46446
vn 0.09095 -0.81944 -0.56590
vn 0.46446 -0.81944 -0.33584
vn 0.00000 1.00000 -0.00000
vn 0.00000 -1.00000 -0.00000
vn 0.29984 0.95356 -0.02865
vn 0.28257 0.95356 0.10428
vn 0.20935 0.95356 0.21656
vn 0.09465 0.95356 0.28594
vn -0.03878 0.95356 0.29869
vn -0.16454 0.95356 0.25229
vn -0.25771 0.95356 0.15591
vn -0.29984 0.95356 0.02865
vn -0.28257 0.95356 -0.10428
vn -0.20935 0.95356 -0.21656
vn -0.09465 0.95356 -0.28594
vn 0.03878 0.95356 -0.29869
vn 0.16454 0.95356 -0.25229
vn 0.25771 0.95356 -0.15591
vn 0.51696 0.85562 -0.02571
vn 0.47692 0.85562 0.20114
vn 0.34242 0.85562 0.38814
vn 0.14010 0.85562 0.49828
vn -0.08997 0.85562 0.50972
vn -0.30222 0.85562 0.42021
vn -0.45461 0.85562 0.24746
vn -0.51696 0.85562 0.02571
vn -0.47692 0.85562 -0.20114
vn -0.34242 0.85562 -0.38814
vn -0.14010 0.85562 -0.49828
vn 0.08997 0.85562 -0.50972
vn 0.30222 0.85562 -0.42021
vn 0.45461 0.85562 -0.24746
vn 0.71503 0.69878 -0.02100
vn 0.65333 0.69878 0.29132
vn 0.46223 0.69878 0.54594
vn 0.17958 0.69878 0.69243
vn -0.13864 0.69878 0.70177
vn -0.42939 0.69878 0.57212
vn -0.63511 0.69878 0.32916
vn -0.71503 0.69878 0.02100
vn -0.65333 0.69878 -0.29132
vn -0.46223 0.69878 -0.54594
vn -0.17958 0.69878 -0.69243
vn 0.13864 0.69878 -0.70177
vn 0.42939 0.69878 -0.57212
vn 0.63511 0.69878 -0.32916
vn 0.86923 0.49419 -0.01485
vn 0.78959 0.49419 0.36376
vn 0.55356 0.49419 0.67033
vn 0.20790 0.49419 0.84413
vn -0.17894 0.49419 0.85074
vn -0.53034 0.49419 0.68885
vn -0.77670 0.49419 0.39052
vn -0.86923 0.49419 0.01485
vn -0.78959 0.49419 -0.36376
vn -0.55356 0.49419 -0.67033
vn -0.20790 0.49419 -0.84413
vn 0.17894 0.49419 -0.85074
vn 0.53034 0.49419 -0.68885
vn 0.77670 0.49419 -0.39052
vn 0.96669 0.25584 -0.00769
vn 0.87429 0.25584 0.41250
vn 0.60873 0.25584 0.75100
vn 0.22260 0.25584 0.94074
vn -0.20761 0.25584 0.94416
vn -0.59671 0.25584 0.76058
vn -0.86762 0.25584 0.42636
vn -0.96669 0.25584 0.00769
vn -0.87429 0.25584 -0.41250
vn -0.60873 0.25584 -0.75100
vn -0.22260 0.25584 -0.94074
vn 0.20761 0.25584 -0.94416
vn 0.59671 0.25584 -0.76058
vn 0.86762 0.25584 -0.42636
vn 1.00000 0.00000 0.00000
vn 0.90097 0.00000 0.43388
vn 0.62349 0.00000 0.78183
vn 0.22252 0.00000 0.97493
vn -0.22252 -0.00000 0.97493
vn -0.62349 -0.00000 0.78183
vn -0.90097 0.00000 0.43388
vn -1.00000 -0.00000 -0.00000
vn -0.90097 0.00000 -0.43388
vn -0.62349 -0.00000 -0.78183
vn -0.22252 0.00000 -0.97493
vn 0.22252 -0.00000 -0.97493
vn 0.62349 0.00000 -0.78183
vn 0.90097 0.00000 -0.43388
vn 0.96669 -0.25584 0.00769
vn 0.86762 -0.25584 0.42636
vn 0.59671 -0.25584 0.76058
vn 0.20761 -0.25584 0.94416
vn -0.22260 -0.25584 0.94074
vn -0.60873 -0.25584 0.75100
vn -0.87429 -0.25584 0.41250
vn -0.96669 -0.25584 -0.00769
vn -0.86762 -0.25584 -0.42636
vn -0.59671 -0.25584 -0.76058
vn -0.20761 -0.25584 -0.94416
vn 0.22260 -0.25584 -0.94074
vn 0.60873 -0.25584 -0.75100
vn 0.87429 -0.25584 -0.41250
vn 0.86923 -0.49419 0.01485
vn 0.77670 -0.49419 0.39052
vn 0.53034 -0.49419 0.68885
vn 0.17894 -0.49419 0.85074
vn -0.20790 -0.49419 0.84413
vn -0.55356 -0.49419 0.67033
vn -0.78959 -0.49419 0.36376
vn -0.86923 -0.49419 -0.01485
vn -0.77670 -0.49419 -0.39052
vn -0.53034 -0.49419 -0.68885
vn -0.17894 -0.49419 -0.85074
vn 0.20790 -0.49419 -0.84413
vn 0.55356 -0.49419 -0.67033
vn 0.78959 -0.49419 -0.36376
vn 0.71503 -0.69878 0.02100
vn 0.63511 -0.69878 0.32916
vn 0.42939 -0.69878 0.57212
vn 0.13864 -0.69878 0.70177
vn -0.17958 -0.69878 0.69243
vn -0.46223 -0.69878 0.54594
vn -0.65333 -0.69878 0.29132
vn -0.71503 -0.69878 -0.02100
vn -0.63511 -0.69878 -0.32916
vn -0.42939 -0.69878 -0.57212
vn -0.13864 -0.69878 -0.70177
vn 0.17958 -0.69878 -0.69243
vn 0.46223 -0.69878 -0.54594
vn 0.65333 -0.69878 -0.29132
vn 0.51696 -0.85562 0.02571
vn 0.45461 -0.85562 0.24746
vn 0.30222 -0.85562 0.42021
vn 0.08997 -0.85562 0.50972
vn -0.14010 -0.85562 0.49828
vn -0.34242 -0.85562 0.38814
vn -0.47692 -0.85562 0.20114
vn -0.51696 -0.85562 -0.02571
vn -0.45461 -0.85562 -0.24746
vn -0.30222 -0.85562 -0.42021
vn -0.08997 -0.85562 -0.50972
vn 0.14010 -0.85562 -0.49828
vn 0.34242 -0.85562 -0.38814
vn 0.47692 -0.85562 -0.20114
vn 0.29984 -0.95356 0.02865
vn 0.25771 -0.95356 0.15591
vn 0.16454 -0.95356 0.25229
vn 0.03878 -0.95356 0.29869
vn -0.09465 -0.95356 0.28594
vn -0.20935 -0.95356 0.21656
vn -0.28257 -0.95356 0.10428
vn -0.29984 -0.95356 -0.02865
vn -0.25771 -0.95356 -0.15591
vn -0.16454 -0.95356 -0.25229
vn -0.03878 -0.95356 -0.29869
vn 0.09465 -0.95356 -0.28594
vn 0.20935 -0.95356 -0.21656
vn 0.28257 -0.95356 -0.10428
vn 0.00000 1.00000 -0.00000
vn -0.00000 -1.00000 -0.00000
vn 0.35682 0.93333 -0.03961
vn 0.32882 0.93333 0.14411
vn 0.21271 0.93333 0.28921
vn 0.03961 0.93333 0.35682
vn -0.14411 0.93333 0.32882
vn -0.28921 0.93333 0.21271
vn -0.35682 0.93333 0.03961
vn -0.32882 0.93333 -0.14411
vn -0.21271 0.93333 -0.28921
vn -0.03961 0.93333 -0.35682
vn 0.14411 0.93333 -0.32882
vn 0.28921 0.93333 -0.21271
vn 0.60575 0.79494 -0.03374
vn 0.54146 0.79494 0.27366
vn 0.33209 0.79494 0.50773
vn 0.03374 0.79494 0.60575
vn -0.27366 0.79494 0.54146
vn -0.50773 0.79494 0.33209
vn -0.60575 0.79494 0.03374
vn -0.54146 0.79494 -0.27366
vn -0.33209 0.79494 -0.50773
vn -0.03374 0.79494 -0.60575
vn 0.27366 0.79494 -0.54146
vn 0.50773 0.79494 -0.33209
vn 0.81580 0.57782 -0.02452
vn 0.71876 0.57782 0.38666
vn 0.42913 0.57782 0.69424
vn 0.02452 0.57782 0.81580
vn -0.38666 0.57782 0.71876
vn -0.69424 0.57782 0.42913
vn -0.81580 0.57782 0.02452
vn -0.71876 0.57782 -0.38666
vn -0.42913 0.57782 -0.69424
vn -0.02452 0.57782 -0.81580
vn 0.38666 0.57782 -0.71876
vn 0.69424 0.57782 -0.42913
vn 0.95263 0.30386 -0.01290
vn 0.83145 0.30386 0.46515
vn 0.48748 0.30386 0.81855
vn 0.01290 0.30386 0.95263
vn -0.46515 0.30386 0.83145
vn -0.81855 0.30386 0.48748
vn -0.95263 0.30386 0.01290
vn -0.83145 0.30386 -0.46515
vn -0.48748 0.30386 -0.81855
vn -0.01290 0.30386 -0.95263
vn 0.46515 0.30386 -0.83145
vn 0.81855 0.30386 -0.48748
vn 1.00000 -0.00000 0.00000
vn 0.86603 -0.00000 0.50000
vn 0.50000 0.00000 0.86603
vn 0.00000 0.00000 1.00000
vn -0.50000 -0.00000 0.86603
vn -0.86603 0.00000 0.50000
vn -1.00000 0.00000 -0.00000
vn -0.86603 -0.00000 -0.50000
vn -0.50000 0.00000 -0.86603
vn 0.00000 -0.00000 -1.00000
vn 0.50000 -0.00000 -0.86603
vn 0.86603 0.00000 -0.50000
vn 0.95263 -0.30386 0.01290
vn 0.81855 -0.30386 0.48748
vn 0.46515 -0.30386 0.83145
vn -0.01290 -0.30386 0.95263
vn -0.48748 -0.30386 0.81855
vn -0.83145 -0.30386 0.46515
vn -0.95263 -0.30386 -0.01290
vn -0.81855 -0.30386 -0.48748
vn -0.46515 -0.30386 -0.83145
vn 0.01290 -0.30386 -0.95263
vn 0.48748 -0.30386 -0.81855
vn 0.83145 -0.30386 -0.46515
vn 0.81580 -0.57782 0.02452
vn 0.69424 -0.57782 0.42913
vn 0.38666 -0.57782 0.71876
vn -0.02452 -0.57782 0.81580
vn -0.42913 -0.57782 0.69424
vn -0.71876 -0.57782 0.38666
vn -0.81580 -0.57782 -0.02452
vn -0.69424 -0.57782 -0.42913
vn -0.38666 -0.57782 -0.71876
vn 0.02452 -0.57782 -0.81580
vn 0.42913 -0.57782 -0.69424
vn 0.71876 -0.57782 -0.38666
vn 0.60575 -0.79494 0.03374
vn 0.50773 -0.79494 0.33209
vn 0.27366 -0.79494 0.54146
vn -0.03374 -0.79494 0.60575
vn -0.33209 -0.79494 0.50773
vn -0.54146 -0.79494 0.27366
vn -0.60575 -0.79494 -0.03374
vn -0.50773 -0.79494 -0.33209
vn -0.27366 -0.79494 -0.54146
vn 0.03374 -0.79494 -0.60575
vn 0.33209 -0.79494 -0.50773
vn 0.54146 -0.79494 -0.27366
vn 0.35682 -0.93333 0.03961
vn 0.28921 -0.93333 0.21271
vn 0.14411 -0.93333 0.32882
vn -0.03961 -0.93333 0.35682
vn -0.21271 -0.93333 0.28921
vn -0.32882 -0.93333 0.14411
vn -0.35682 -0.93333 -0.03961
vn -0.28921 -0.93333 -0.21271
vn -0.14411 -0.93333 -0.32882
vn 0.03961 -0.93333 -0.35682
vn 0.21271 -0.93333 -0.28921
vn 0.32882 -0.93333 -0.14411
vn 0.00000 1.00000 0.00000
vn 0.00000 -1.00000 0.00000
vn 0.56590 0.81944 -0.09095
vn 0.46446 0.81944 0.33584
vn 0.09095 0.81944 0.56590
vn -0.33584 0.81944 0.46446
vn -0.56590 0.81944 0.09095
vn -0.46446 0.81944 -0.33584
vn -0.09095 0.81944 -0.56590
vn 0.33584 0.81944 -0.46446
vn 0.87797 0.47579 -0.05281
vn 0.65816 0.47579 0.58348
vn 0.05281 0.47579 0.87797
vn -0.58348 0.47579 0.65816
vn -0.87797 0.47579 0.05281
vn -0.65816 0.47579 -0.58348
vn -0.05281 0.47579 -0.87797
vn 0.58348 0.47579 -0.65816
vn 1.00000 -0.00000 -0.00000
vn 0.70711 -0.00000 0.70711
vn 0.00000 0.00000 1.00000
vn -0.70711 0.00000 0.70711
vn -1.00000 -0.00000 0.00000
vn -0.70711 -0.00000 -0.70711
vn -0.00000 0.00000 -1.00000
vn 0.70711 0.00000 -0.70711
vn 0.87797 -0.47579 0.05281
vn 0.58348 -0.47579 0.65816
vn -0.05281 -0.47579 0.87797
vn -0.65816 -0.47579 0.58348
vn -0.87797 -0.47579 -0.05281
vn -0.58348 -0.47579 -0.65816
vn 0.05281 -0.47579 -0.87797
vn 0.65816 -0.47579 -0.58348
vn 0.56590 -0.81944 0.09095
vn 0.33584 -0.81944 0.46446
vn -0.09095 -0.81944 0.56590
vn -0.46446 -0.81944 0.33584
vn -0.56590 -0.81944 -0.09095
vn -0.33584 -0.81944 -0.46446
vn 0.09095 -0.81944 -0.56590
vn 0.46446 -0.81944 -0.33584
vn 0.00000 1.00000 0.00000
vn 0.00000 -1.00000 0.00000
vn 0.56590 0.81944 -0.09095
vn 0.46446 0.81944 0.33584
vn 0.09095 0.81944 0.56590
vn -0.33584 0.81944 0.46446
vn -0.56590 0.81944 0.09095
vn -0.46446 0.81944 -0.33584
vn -0.09095 0.81944 -0.56590
vn 0.33584 0.81944 -0.46446
vn 0.87797 0.47579 -0.05281
vn 0.65816 0.47579 0.58348
vn 0.05281 0.47579 0.87797
vn -0.58348 0.47579 0.65816
vn -0.87797 0.47579 0.05281
vn -0.65816 0.47579 -0.58348
vn -0.05281 0.47579 -0.87797
vn 0.58348 0.47579 -0.65816
vn 1.00000 0.00000 -0.00000
vn 0.70711 -0.00000 0.70711
vn 0.00000 0.00000 1.00000
vn -0.70711 0.00000 0.70711
vn -1.00000 -0.00000 -0.00000
vn -0.70711 -0.00000 -0.70711
vn -0.00000 -0.00000 -1.00000
vn 0.70711 0.00000 -0.70711
vn 0.87797 -0.47579 0.05281
vn 0.58348 -0.47579 0.65816
vn -0.05281 -0.47579 0.87797
vn -0.65816 -0.47579 0.58348
vn -0.87797 -0.47579 -0.05281
vn -0.58348 -0.47579 -0.65816
vn 0.05281 -0.47579 -0.87797
vn 0.65816 -0.47579 -0.58348
vn 0.56590 -0.81944 0.09095
vn 0.33584 -0.81944 0.46446
vn -0.09095 -0.81944 0.56590
vn -0.46446 -0.81944 0.33584
vn -0.56590 -0.81944 -0.09095
vn -0.33584 -0.81944 -0.46446
vn 0.09095 -0.81944 -0.56590
vn 0.46446 -0.81944 -0.33584
vn 0.00000 1.00000 0.00000
vn 0.00000 -1.00000 0.00000
vn 0.56590 0.81944 -0.09095
vn 0.46446 0.81944 0.33584
vn 0.09095 0.81944 0.56590
vn -0.33584 0.81944 0.46446
vn -0.56590 0.81944 0.09095
vn -0.46446 0.81944 -0.33584
vn -0.09095 0.81944 -0.56590
vn 0.33584 0.81944 -0.46446
vn 0.87797 0.47579 -0.05281
vn 0.65816 0.47579 0.58348
vn 0.05281 0.47579 0.87797
vn -0.58348 0.47579 0.65816
vn -0.87797 0.47579 0.05281
vn -0.65816 0.47579 -0.58348
vn -0.05281 0.47579 -0.87797
vn 0.58348 0.47579 -0.65816
vn 1.00000 0.00000 -0.00000
vn 0.70711 -0.00000 0.70711
vn -0.00000 0.00000 1.00000
vn -0.70711 0.00000 0.70711
vn -1.00000 0.00000 -0.00000
vn -0.70711 -0.00000 -0.70711
vn -0.00000 -0.00000 -1.00000
vn 0.70711 0.00000 -0.70711
vn 0.87797 -0.47579 0.05281
vn 0.58348 -0.47579 0.65816
vn -0.05281 -0.47579 0.87797
vn -0.65816 -0.47579 0.58348
vn -0.87797 -0.47579 -0.05281
vn -0.58348 -0.47579 -0.65816
vn 0.05281 -0.47579 -0.87797
vn 0.65816 -0.47579 -0.58348
vn 0.56590 -0.81944 0.09095
vn 0.33584 -0.81944 0.46446
vn -0.09095 -0.81944 0.56590
vn -0.46446 -0.81944 0.33584
vn -0.56590 -0.81944 -0.09095
vn -0.33584 -0.81944 -0.46446
vn 0.09095 -0.81944 -0.56590
vn 0.46446 -0.81944 -0.33584
vn 0.12983 0.95250 0.27547
vn -0.57114 0.80305 0.17004
vn -0.93829 0.29016 -0.18820
vn -0.75528 -0.28696 -0.58924
vn -0.12891 -0.58904 -0.79776
vn 0.57309 -0.43859 -0.69225
vn 0.93938 0.07579 -0.33441
vn 0.75535 0.65193 0.06654
vn -0.00931 0.85251 0.52263
vn -0.71623 0.59872 0.35855
vn -0.99987 -0.00532 -0.01496
vn -0.70108 -0.60563 -0.37643
vn 0.00389 -0.85518 -0.51832
vn 0.70748 -0.60811 -0.36011
vn 0.99995 -0.00526 0.00902
vn 0.70447 0.60175 0.37633
vn -0.00619 0.92600 0.37748
vn -0.71633 0.64902 0.25621
vn -0.99982 -0.00910 -0.01658
vn -0.69949 -0.65872 -0.27712
vn 0.00393 -0.92683 -0.37545
vn 0.70545 -0.66031 -0.25754
vn 0.99991 -0.00907 0.00941
vn 0.70822 0.65096 0.27327
vn 0.11429 0.90477 0.41027
vn -0.62795 0.69699 0.34624
vn -0.98343 0.04652 0.17521
vn -0.76495 -0.64407 0.00544
vn -0.12108 -0.99089 -0.05892
vn 0.58731 -0.80927 0.01253
vn 0.96634 -0.19070 0.17269
vn 0.78198 0.52562 0.33500
vn 0.99288 -0.10072 0.06359
vn 0.75614 0.65341 0.03624
vn 0.00000 1.00000 -0.00000
vn -0.75614 0.65341 -0.03624
vn -0.99288 -0.10072 -0.06359
vn -0.65460 -0.75406 -0.05372
vn 0.00000 -1.00000 0.00000
vn 0.65460 -0.75406 0.05372
vn 0.12108 -0.99089 0.05892
vn 0.76495 -0.64407 -0.00544
vn 0.98343 0.04652 -0.17521
vn 0.62795 0.69699 -0.34624
vn -0.11429 0.90477 -0.41027
vn -0.78198 0.52562 -0.33500
vn -0.96634 -0.19070 -0.17269
vn -0.58731 -0.80927 -0.01253
vn -0.00393 -0.92683 0.37545
vn 0.69949 -0.65872 0.27712
vn 0.99982 -0.00910 0.01658
vn 0.71633 0.64902 -0.25621
vn 0.00619 0.92600 -0.37748
vn -0.70822 0.65096 -0.27327
vn -0.99991 -0.00907 -0.00941
vn -0.70545 -0.66031 0.25754
vn -0.00389 -0.85518 0.51832
vn 0.70108 -0.60563 0.37643
vn 0.99987 -0.00532 0.01496
vn 0.71623 0.59872 -0.35855
vn 0.00931 0.85251 -0.52263
vn -0.70447 0.60175 -0.37633
vn -0.99995 -0.00526 -0.00902
vn -0.70748 -0.60811 0.36011
vn 0.12891 -0.58904 0.79776
vn 0.75528 -0.28696 0.58924
vn 0.93829 0.29016 0.18820
vn 0.57114 0.80305 -0.17004
vn -0.12983 0.95250 -0.27547
vn -0.75535 0.65193 -0.06654
vn -0.93938 0.07579 0.33441
vn -0.57309 -0.43859 0.69225
vn 0.00000 0.57943 -0.81502
vn 0.00000 0.57943 0.81502
o body
usemtl cute_green
s 1
f 1//1 2//2 29//29
f 2//2 30//30 29//29
f 2//2 3//3 30//30
f 3//3 31//31 30//30
f 3//3 4//4 31//31
f 4//4 32//32 31//31
f 4//4 5//5 32//32
f 5//5 33//33 32//32
f 5//5 6//6 33//33
f 6//6 34//34 33//33
f 6//6 7//7 34//34
f 7//7 35//35 34//34
f 7//7 8//8 35//35
f 8//8 36//36 35//35
f 8//8 9//9 36//36
f 9//9 37//37 36//36
f 9//9 10//10 37//37
f 10//10 38//38 37//37
f 10//10 11//11 38//38
f 11//11 39//39 38//38
f 11//11 12//12 39//39
f 12//12 40//40 39//39
f 12//12 13//13 40//40
f 13//13 41//41 40//40
f 13//13 14//14 41//41
f 14//14 42//42 41//41
f 14//14 15//15 42//42
f 15//15 43//43 42//42
f 15//15 16//16 43//43
f 16//16 44//44 43//43
f 16//16 17//17 44//44
f 17//17 45//45 44//44
f 17//17 18//18 45//45
f 18//18 46//46 45//45
f 18//18 19//19 46//46
f 19//19 47//47 46//46
f 19//19 20//20 47//47
f 20//20 48//48 47//47
f 20//20 21//21 48//48
f 21//21 49//49 48//48
f 21//21 22//22 49//49
f 22//22 50//50 49//49
f 22//22 23//23 50//50
f 23//23 51//51 50//50
f 23//23 24//24 51//51
f 24//24 52//52 51//51
f 24//24 25//25 52//52
f 25//25 53//53 52//52
f 25//25 26//26 53//53
f 26//26 54//54 53//53
f 26//26 27//27 54//54
f 27//27 55//55 54//54
f 27//27 28//28 55//55
f 28//28 56//56 55//55
f 28//28 1//1 56//56
f 1//1 29//29 56//56
f 29//29 30//30 57//57
f 30//30 58//58 57//57
f 30//30 31//31 58//58
f 31//31 59//59 58//58
f 31//31 32//32 59//59
f 32//32 60//60 59//59
f 32//32 33//33 60//60
f 33//33 61//61 60//60
f 33//33 34//34 61//61
f 34//34 62//62 61//61
f 34//34 35//35 62//62
f 35//35 63//63 62//62
f 35//35 36//36 63//63
f 36//36 64//64 63//63
f 36//36 37//37 64//64
f 37//37 65//65 64//64
f 37//37 38//38 65//65
f 38//38 66//66 65//65
f 38//38 39//39 66//66
f 39//39 67//67 66//66
f 39//39 40//40 67//67
f 40//40 68//68 67//67
f 40//40 41//41 68//68
f 41//41 69//69 68//68
f 41//41 42//42 69//69
f 42//42 70//70 69//69
f 42//42 43//43 70//70
f 43//43 71//71 70//70
f 43//43 44//44 71//71
f 44//44 72//72 71//71
f 44//44 45//45 72//72
f 45//45 73//73 72//72
f 45//45 46//46 73//73
f 46//46 74//74 73//73
f 46//46 47//47 74//74
f 47//47 75//75 74//74
f 47//47 48//48 75//75
f 48//48 76//76 75//75
f 48//48 49//49 76//76
f 49//49 77//77 76//76
f 49//49 50//50 77//77
f 50//50 78//78 77//77
f 50//50 51//51 78//78
f 51//51 79//79 78//78
f 51//51 52//52 79//79
f 52//52 80//80 79//79
f 52//52 53//53 80//80
f 53//53 81//81 80//80
f 53//53 54//54 81//81
f 54//54 82//82 81//81
f 54//54 55//55 82//82
f 55//55 83//83 82//82
f 55//55 56//56 83//83
f 56//56 84//84 83//83
f 56//56 29//29 84//84
f 29//29 57//57 84//84
f 57//57 58//58 85//85
f 58//58 86//86 85//85
f 58//58 59//59 86//86
f 59//59 87//87 86//86
f 59//59 60//60 87//87
f 60//60 88//88 87//87
f 60//60 61//61 88//88
f 61//61 89//89 88//88
f 61//61 62//62 89//89
f 62//62 90//90 89//89
f 62//62 63//63 90//90
f 63//63 91//91 90//90
f 63//63 64//64 91//91
f 64//64 92//92 91//91
f 64//64 65//65 92//92
f 65//65 93//93 92//92
f 65//65 66//66 93//93
f 66//66 94//94 93//93
f 66//66 67//67 94//94
f 67//67 95//95 94//94
f 67//67 68//68 95//95
f 68//68 96//96 95//95
f 68//68 69//69 96//96
f 69//69 97//97 96//96
f 69//69 70//70 97//97
f 70//70 98//98 97//97
f 70//70 71//71 98//98
f 71//71 99//99 98//98
f 71//71 72//72 99//99
f 72//72 100//100 99//99
f 72//72 73//73 100//100
f 73//73 101//101 100//100
f 73//73 74//74 101//101
f 74//74 102//102 101//101
f 74//74 75//75 102//102
f 75//75 103//103 102//102
f 75//75 76//76 103//103
f 76//76 104//104 103//103
f 76//76 77//77 104//104
f 77//77 105//105 104//104
f 77//77 78//78 105//105
f 78//78 106//106 105//105
f 78//78 79//79 106//106
f 79//79 107//107 106//106
f 79//79 80//80 107//107
f 80//80 108//108 107//107
f 80//80 81//81 108//108
f 81//81 109//109 108//108
f 81//81 82//82 109//109
f 82//82 110//110 109//109
f 82//82 83//83 110//110
f 83//83 111//111 110//110
f 83//83 84//84 111//111
f 84//84 112//112 111//111
f 84//84 57//57 112//112
f 57//57 85//85 112//112
f 85//85 86//86 113//113
f 86//86 114//114 113//113
f 86//86 87//87 114//114
f 87//87 115//115 114//114
f 87//87 88//88 115//115
f 88//88 116//116 115//115
f 88//88 89//89 116//116
f 89//89 117//117 116//116
f 89//89 90//90 117//117
f 90//90 118//118 117//117
f 90//90 91//91 118//118
f 91//91 119//119 118//118
f 91//91 92//92 119//119
f 92//92 120//120 119//119
f 92//92 93//93 120//120
f 93//93 121//121 120//120
f 93//93 94//94 121//121
f 94//94 122//122 121//121
f 94//94 95//95 122//122
f 95//95 123//123 122//122
f 95//95 96//96 123//123
f 96//96 124//124 123//123
f 96//96 97//97 124//124
f 97//97 125//125 124//124
f 97//97 98//98 125//125
f 98//98 126//126 125//125
f 98//98 99//99 126//126
f 99//99 127//127 126//126
f 99//99 100//100 127//127
f 100//100 128//128 127//127
f 100//100 101//101 128//128
f 101//101 129//129 128//128
f 101//101 102//102 129//129
f 102//102 130//130 129//129
f 102//102 103//103 130//130
f 103//103 131//131 130//130
f 103//103 104//104 131//131
f 104//104 132//132 131//131
f 104//104 105//105 132//132
f 105//105 133//133 132//132
f 105//105 106//106 133//133
f 106//106 134//134 133//133
f 106//106 107//107 134//134
f 107//107 135//135 134//134
f 107//107 108//108 135//135
f 108//108 136//136 135//135
f 108//108 109//109 136//136
f 109//109 137//137 136//136
f 109//109 110//110 137//137
f 110//110 138//138 137//137
f 110//110 111//111 138//138
f 111//111 139//139 138//138
f 111//111 112//112 139//139
f 112//112 140//140 139//139
f 112//112 85//85 140//140
f 85//85 113//113 140//140
f 113//113 114//114 141//141
f 114//114 142//142 141//141
f 114//114 115//115 142//142
f 115//115 143//143 142//142
f 115//115 116//116 143//143
f 116//116 144//144 143//143
f 116//116 117//117 144//144
f 117//117 145//145 144//144
f 117//117 118//118 145//145
f 118//118 146//146 145//145
f 118//118 119//119 146//146
f 119//119 147//147 146//146
f 119//119 120//120 147//147
f 120//120 148//148 147//147
f 120//120 121//121 148//148
f 121//121 149//149 148//148
f 121//121 122//122 149//149
f 122//122 150//150 149//149
f 122//122 123//123 150//150
f 123//123 151//151 150//150
f 123//123 124//124 151//151
f 124//124 152//152 151//151
f 124//124 125//125 152//152
f 125//125 153//153 152//152
f 125//125 126//126 153//153
f 126//126 154//154 153//153
f 126//126 127//127 154//154
f 127//127 155//155 154//154
f 127//127 128//128 155//155
f 128//128 156//156 155//155
f 128//128 129//129 156//156
f 129//129 157//157 156//156
f 129//129 130//130 157//157
f 130//130 158//158 157//157
f 130//130 131//131 158//158
f 131//131 159//159 158//158
f 131//131 132//132 159//159
f 132//132 160//160 159//159
f 132//132 133//133 160//160
f 133//133 161//161 160//160
f 133//133 134//134 161//161
f 134//134 162//162 161//161
f 134//134 135//135 162//162
f 135//135 163//163 162//162
f 135//135 136//136 163//163
f 136//136 164//164 163//163
f 136//136 137//137 164//164
f 137//137 165//165 164//164
f 137//137 138//138 165//165
f 138//138 166//166 165//165
f 138//138 139//139 166//166
f 139//139 167//167 166//166
f 139//139 140//140 167//167
f 140//140 168//168 167//167
f 140//140 113//113 168//168
f 113//113 141//141 168//168
f 141//141 142//142 169//169
f 142//142 170//170 169//169
f 142//142 143//143 170//170
f 143//143 171//171 170//170
f 143//143 144//144 171//171
f 144//144 172//172 171//171
f 144//144 145//145 172//172
f 145//145 173//173 172//172
f 145//145 146//146 173//173
f 146//146 174//174 173//173
f 146//146 147//147 174//174
f 147//147 175//175 174//174
f 147//147 148//148 175//175
f 148//148 176//176 175//175
f 148//148 149//149 176//176
f 149//149 177//177 176//176
f 149//149 150//150 177//177
f 150//150 178//178 177//177
f 150//150 151//151 178//178
f 151//151 179//179 178//178
f 151//151 152//152 179//179
f 152//152 180//180 179//179
f 152//152 153//153 180//180
f 153//153 181//181 180//180
f 153//153 154//154 181//181
f 154//154 182//182 181//181
f 154//154 155//155 182//182
f 155//155 183//183 182//182
f 155//155 156//156 183//183
f 156//156 184//184 183//183
f 156//156 157//157 184//184
f 157//157 185//185 184//184
f 157//157 158//158 185//185
f 158//158 186//186 185//185
f 158//158 159//159 186//186
f 159//159 187//187 186//186
f 159//159 160//160 187//187
f 160//160 188//188 187//187
f 160//160 161//161 188//188
f 161//161 189//189 188//188
f 161//161 162//162 189//189
f 162//162 190//190 189//189
f 162//162 163//163 190//190
f 163//163 191//191 190//190
f 163//163 164//164 191//191
f 164//164 192//192 191//191
f 164//164 165//165 192//192
f 165//165 193//193 192//192
f 165//165 166//166 193//193
f 166//166 194//194 193//193
f 166//166 167//167 194//194
f 167//167 195//195 194//194
f 167//167 168//168 195//195
f 168//168 196//196 195//195
f 168//168 141//141 196//196
f 141//141 169//169 196//196
f 169//169 170//170 197//197
f 170//170 198//198 197//197
f 170//170 171//171 198//198
f 171//171 199//199 198//198
f 171//171 172//172 199//199
f 172//172 200//200 199//199
f 172//172 173//173 200//200
f 173//173 201//201 200//200
f 173//173 174//174 201//201
f 174//174 202//202 201//201
f 174//174 175//175 202//202
f 175//175 203//203 202//202
f 175//175 176//176 203//203
f 176//176 204//204 203//203
f 176//176 177//177 204//204
f 177//177 205//205 204//204
f 177//177 178//178 205//205
f 178//178 206//206 205//205
f 178//178 179//179 206//206
f 179//179 207//207 206//206
f 179//179 180//180 207//207
f 180//180 208//208 207//207
f 180//180 181//181 208//208
f 181//181 209//209 208//208
f 181//181 182//182 209//209
f 182//182 210//210 209//209
f 182//182 183//183 210//210
f 183//183 211//211 210//210
f 183//183 184//184 211//211
f 184//184 212//212 211//211
f 184//184 185//185 212//212
f 185//185 213//213 212//212
f 185//185 186//186 213//213
f 186//186 214//214 213//213
f 186//186 187//187 214//214
f 187//187 215//215 214//214
f 187//187 188//188 215//215
f 188//188 216//216 215//215
f 188//188 189//189 216//216
f 189//189 217//217 216//216
f 189//189 190//190 217//217
f 190//190 218//218 217//217
f 190//190 191//191 218//218
f 191//191 219//219 218//218
f 191//191 192//192 219//219
f 192//192 220//220 219//219
f 192//192 193//193 220//220
f 193//193 221//221 220//220
f 193//193 194//194 221//221
f 194//194 222//222 221//221
f 194//194 195//195 222//222
f 195//195 223//223 222//222
f 195//195 196//196 223//223
f 196//196 224//224 223//223
f 196//196 169//169 224//224
f 169//169 197//197 224//224
f 197//197 198//198 225//225
f 198//198 226//226 225//225
f 198//198 199//199 226//226
f 199//199 227//227 226//226
f 199//199 200//200 227//227
f 200//200 228//228 227//227
f 200//200 201//201 228//228
f 201//201 229//229 228//228
f 201//201 202//202 229//229
f 202//202 230//230 229//229
f 202//202 203//203 230//230
f 203//203 231//231 230//230
f 203//203 204//204 231//231
f 204//204 232//232 231//231
f 204//204 205//205 232//232
f 205//205 233//233 232//232
f 205//205 206//206 233//233
f 206//206 234//234 233//233
f 206//206 207//207 234//234
f 207//207 235//235 234//234
f 207//207 208//208 235//235
f 208//208 236//236 235//235
f 208//208 209//209 236//236
f 209//209 237//237 236//236
f 209//209 210//210 237//237
f 210//210 238//238 237//237
f 210//210 211//211 238//238
f 211//211 239//239 238//238
f 211//211 212//212 239//239
f 212//212 240//240 239//239
f 212//212 213//213 240//240
f 213//213 241//241 240//240
f 213//213 214//214 241//241
f 214//214 242//242 241//241
f 214//214 215//215 242//242
f 215//215 243//243 242//242
f 215//215 216//216 243//243
f 216//216 244//244 243//243
f 216//216 217//217 244//244
f 217//217 245//245 244//244
f 217//217 218//218 245//245
f 218//218 246//246 245//245
f 218//218 219//219 246//246
f 219//219 247//247 246//246
f 219//219 220//220 247//247
f 220//220 248//248 247//247
f 220//220 221//221 248//248
f 221//221 249//249 248//248
f 221//221 222//222 249//249
f 222//222 250//250 249//249
f 222//222 223//223 250//250
f 223//223 251//251 250//250
f 223//223 224//224 251//251
f 224//224 252//252 251//251
f 224//224 197//197 252//252
f 197//197 225//225 252//252
f 225//225 226//226 253//253
f 226//226 254//254 253//253
f 226//226 227//227 254//254
f 227//227 255//255 254//254
f 227//227 228//228 255//255
f 228//228 256//256 255//255
f 228//228 229//229 256//256
f 229//229 257//257 256//256
f 229//229 230//230 257//257
f 230//230 258//258 257//257
f 230//230 231//231 258//258
f 231//231 259//259 258//258
f 231//231 232//232 259//259
f 232//232 260//260 259//259
f 232//232 233//233 260//260
f 233//233 261//261 260//260
f 233//233 234//234 261//261
f 234//234 262//262 261//261
f 234//234 235//235 262//262
f 235//235 263//263 262//262
f 235//235 236//236 263//263
f 236//236 264//264 263//263
f 236//236 237//237 264//264
f 237//237 265//265 264//264
f 237//237 238//238 265//265
f 238//238 266//266 265//265
f 238//238 239//239 266//266
f 239//239 267//267 266//266
f 239//239 240//240 267//267
f 240//240 268//268 267//267
f 240//240 241//241 268//268
f 241//241 269//269 268//268
f 241//241 242//242 269//269
f 242//242 270//270 269//269
f 242//242 243//243 270//270
f 243//243 271//271 270//270
f 243//243 244//244 271//271
f 244//244 272//272 271//271
f 244//244 245//245 272//272
f 245//245 273//273 272//272
f 245//245 246//246 273//273
f 246//246 274//274 273//273
f 246//246 247//247 274//274
f 247//247 275//275 274//274
f 247//247 248//248 275//275
f 248//248 276//276 275//275
f 248//248 249//249 276//276
f 249//249 277//277 276//276
f 249//249 250//250 277//277
f 250//250 278//278 277//277
f 250//250 251//251 278//278
f 251//251 279//279 278//278
f 251//251 252//252 279//279
f 252//252 280//280 279//279
f 252//252 225//225 280//280
f 225//225 253//253 280//280
f 253//253 254//254 281//281
f 254//254 282//282 281//281
f 254//254 255//255 282//282
f 255//255 283//283 282//282
f 255//255 256//256 283//283
f 256//256 284//284 283//283
f 256//256 257//257 284//284
f 257//257 285//285 284//284
f 257//257 258//258 285//285
f 258//258 286//286 285//285
f 258//258 259//259 286//286
f 259//259 287//287 286//286
f 259//259 260//260 287//287
f 260//260 288//288 287//287
f 260//260 261//261 288//288
f 261//261 289//289 288//288
f 261//261 262//262 289//289
f 262//262 290//290 289//289
f 262//262 263//263 290//290
f 263//263 291//291 290//290
f 263//263 264//264 291//291
f 264//264 292//292 291//291
f 264//264 265//265 292//292
f 265//265 293//293 292//292
f 265//265 266//266 293//293
f 266//266 294//294 293//293
f 266//266 267//267 294//294
f 267//267 295//295 294//294
f 267//267 268//268 295//295
f 268//268 296//296 295//295
f 268//268 269//269 296//296
f 269//269 297//297 296//296
f 269//269 270//270 297//297
f 270//270 298//298 297//297
f 270//270 271//271 298//298
f 271//271 299//299 298//298
f 271//271 272//272 299//299
f 272//272 300//300 299//299
f 272//272 273//273 300//300
f 273//273 301//301 300//300
f 273//273 274//274 301//301
f 274//274 302//302 301//301
f 274//274 275//275 302//302
f 275//275 303//303 302//302
f 275//275 276//276 303//303
f 276//276 304//304 303//303
f 276//276 277//277 304//304
f 277//277 305//305 304//304
f 277//277 278//278 305//305
f 278//278 306//306 305//305
f 278//278 279//279 306//306
f 279//279 307//307 306//306
f 279//279 280//280 307//307
f 280//280 308//308 307//307
f 280//280 253//253 308//308
f 253//253 281//281 308//308
f 281//281 282//282 309//309
f 282//282 310//310 309//309
f 282//282 283//283 310//310
f 283//283 311//311 310//310
f 283//283 284//284 311//311
f 284//284 312//312 311//311
f 284//284 285//285 312//312
f 285//285 313//313 312//312
f 285//285 286//286 313//313
f 286//286 314//314 313//313
f 286//286 287//287 314//314
f 287//287 315//315 314//314
f 287//287 288//288 315//315
f 288//288 316//316 315//315
f 288//288 289//289 316//316
f 289//289 317//317 316//316
f 289//289 290//290 317//317
f 290//290 318//318 317//317
f 290//290 291//291 318//318
f 291//291 319//319 318//318
f 291//291 292//292 319//319
f 292//292 320//320 319//319
f 292//292 293//293 320//320
f 293//293 321//321 320//320
f 293//293 294//294 321//321
f 294//294 322//322 321//321
f 294//294 295//295 322//322
f 295//295 323//323 322//322
f 295//295 296//296 323//323
f 296//296 324//324 323//323
f 296//296 297//297 324//324
f 297//297 325//325 324//324
f 297//297 298//298 325//325
f 298//298 326//326 325//325
f 298//298 299//299 326//326
f 299//299 327//327 326//326
f 299//299 300//300 327//327
f 300//300 328//328 327//327
f 300//300 301//301 328//328
f 301//301 329//329 328//328
f 301//301 302//302 329//329
f 302//302 330//330 329//329
f 302//302 303//303 330//330
f 303//303 331//331 330//330
f 303//303 304//304 331//331
f 304//304 332//332 331//331
f 304//304 305//305 332//332
f 305//305 333//333 332//332
f 305//305 306//306 333//333
f 306//306 334//334 333//333
f 306//306 307//307 334//334
f 307//307 335//335 334//334
f 307//307 308//308 335//335
f 308//308 336//336 335//335
f 308//308 281//281 336//336
f 281//281 309//309 336//336
f 309//309 310//310 337//337
f 310//310 338//338 337//337
f 310//310 311//311 338//338
f 311//311 339//339 338//338
f 311//311 312//312 339//339
f 312//312 340//340 339//339
f 312//312 313//313 340//340
f 313//313 341//341 340//340
f 313//313 314//314 341//341
f 314//314 342//342 341//341
f 314//314 315//315 342//342
f 315//315 343//343 342//342
f 315//315 316//316 343//343
f 316//316 344//344 343//343
f 316//316 317//317 344//344
f 317//317 345//345 344//344
f 317//317 318//318 345//345
f 318//318 346//346 345//345
f 318//318 319//319 346//346
f 319//319 347//347 346//346
f 319//319 320//320 347//347
f 320//320 348//348 347//347
f 320//320 321//321 348//348
f 321//321 349//349 348//348
f 321//321 322//322 349//349
f 322//322 350//350 349//349
f 322//322 323//323 350//350
f 323//323 351//351 350//350
f 323//323 324//324 351//351
f 324//324 352//352 351//351
f 324//324 325//325 352//352
f 325//325 353//353 352//352
f 325//325 326//326 353//353
f 326//326 354//354 353//353
f 326//326 327//327 354//354
f 327//327 355//355 354//354
f 327//327 328//328 355//355
f 328//328 356//356 355//355
f 328//328 329//329 356//356
f 329//329 357//357 356//356
f 329//329 330//330 357//357
f 330//330 358//358 357//357
f 330//330 331//331 358//358
f 331//331 359//359 358//358
f 331//331 332//332 359//359
f 332//332 360//360 359//359
f 332//332 333//333 360//360
f 333//333 361//361 360//360
f 333//333 334//334 361//361
f 334//334 362//362 361//361
f 334//334 335//335 362//362
f 335//335 363//363 362//362
f 335//335 336//336 363//363
f 336//336 364//364 363//363
f 336//336 309//309 364//364
f 309//309 337//337 364//364
f 337//337 338//338 365//365
f 338//338 366//366 365//365
f 338//338 339//339 366//366
f 339//339 367//367 366//366
f 339//339 340//340 367//367
f 340//340 368//368 367//367
f 340//340 341//341 368//368
f 341//341 369//369 368//368
f 341//341 342//342 369//369
f 342//342 370//370 369//369
f 342//342 343//343 370//370
f 343//343 371//371 370//370
f 343//343 344//344 371//371
f 344//344 372//372 371//371
f 344//344 345//345 372//372
f 345//345 373//373 372//372
f 345//345 346//346 373//373
f 346//346 374//374 373//373
f 346//346 347//347 374//374
f 347//347 375//375 374//374
f 347//347 348//348 375//375
f 348//348 376//376 375//375
f 348//348 349//349 376//376
f 349//349 377//377 376//376
f 349//349 350//350 377//377
f 350//350 378//378 377//377
f 350//350 351//351 378//378
f 351//351 379//379 378//378
f 351//351 352//352 379//379
f 352//352 380//380 379//379
f 352//352 353//353 380//380
f 353//353 381//381 380//380
f 353//353 354//354 381//381
f 354//354 382//382 381//381
f 354//354 355//355 382//382
f 355//355 383//383 382//382
f 355//355 356//356 383//383
f 356//356 384//384 383//383
f 356//356 357//357 384//384
f 357//357 385//385 384//384
f 357//357 358//358 385//385
f 358//358 386//386 385//385
f 358//358 359//359 386//386
f 359//359 387//387 386//386
f 359//359 360//360 387//387
f 360//360 388//388 387//387
f 360//360 361//361 388//388
f 361//361 389//389 388//388
f 361//361 362//362 389//389
f 362//362 390//390 389//389
f 362//362 363//363 390//390
f 363//363 391//391 390//390
f 363//363 364//364 391//391
f 364//364 392//392 391//391
f 364//364 337//337 392//392
f 337//337 365//365 392//392
f 365//365 366//366 393//393
f 366//366 394//394 393//393
f 366//366 367//367 394//394
f 367//367 395//395 394//394
f 367//367 368//368 395//395
f 368//368 396//396 395//395
f 368//368 369//369 396//396
f 369//369 397//397 396//396
f 369//369 370//370 397//397
f 370//370 398//398 397//397
f 370//370 371//371 398//398
f 371//371 399//399 398//398
f 371//371 372//372 399//399
f 372//372 400//400 399//399
f 372//372 373//373 400//400
f 373//373 401//401 400//400
f 373//373 374//374 401//401
f 374//374 402//402 401//401
f 374//374 375//375 402//402
f 375//375 403//403 402//402
f 375//375 376//376 403//403
f 376//376 404//404 403//403
f 376//376 377//377 404//404
f 377//377 405//405 404//404
f 377//377 378//378 405//405
f 378//378 406//406 405//405
f 378//378 379//379 406//406
f 379//379 407//407 406//406
f 379//379 380//380 407//407
f 380//380 408//408 407//407
f 380//380 381//381 408//408
f 381//381 409//409 408//408
f 381//381 382//382 409//409
f 382//382 410//410 409//409
f 382//382 383//383 410//410
f 383//383 411//411 410//410
f 383//383 384//384 411//411
f 384//384 412//412 411//411
f 384//384 385//385 412//412
f 385//385 413//413 412//412
f 385//385 386//386 413//413
f 386//386 414//414 413//413
f 386//386 387//387 414//414
f 387//387 415//415 414//414
f 387//387 388//388 415//415
f 388//388 416//416 415//415
f 388//388 389//389 416//416
f 389//389 417//417 416//416
f 389//389 390//390 417//417
f 390//390 418//418 417//417
f 390//390 391//391 418//418
f 391//391 419//419 418//418
f 391//391 392//392 419//419
f 392//392 420//420 419//419
f 392//392 365//365 420//420
f 365//365 393//393 420//420
f 393//393 394//394 421//421
f 394//394 422//422 421//421
f 394//394 395//395 422//422
f 395//395 423//423 422//422
f 395//395 396//396 423//423
f 396//396 424//424 423//423
f 396//396 397//397 424//424
f 397//397 425//425 424//424
f 397//397 398//398 425//425
f 398//398 426//426 425//425
f 398//398 399//399 426//426
f 399//399 427//427 426//426
f 399//399 400//400 427//427
f 400//400 428//428 427//427
f 400//400 401//401 428//428
f 401//401 429//429 428//428
f 401//401 402//402 429//429
f 402//402 430//430 429//429
f 402//402 403//403 430//430
f 403//403 431//431 430//430
f 403//403 404//404 431//431
f 404//404 432//432 431//431
f 404//404 405//405 432//432
f 405//405 433//433 432//432
f 405//405 406//406 433//433
f 406//406 434//434 433//433
f 406//406 407//407 434//434
f 407//407 435//435 434//434
f 407//407 408//408 435//435
f 408//408 436//436 435//435
f 408//408 409//409 436//436
f 409//409 437//437 436//436
f 409//409 410//410 437//437
f 410//410 438//438 437//437
f 410//410 411//411 438//438
f 411//411 439//439 438//438
f 411//411 412//412 439//439
f 412//412 440//440 439//439
f 412//412 413//413 440//440
f 413//413 441//441 440//440
f 413//413 414//414 441//441
f 414//414 442//442 441//441
f 414//414 415//415 442//442
f 415//415 443//443 442//442
f 415//415 416//416 443//443
f 416//416 444//444 443//443
f 416//416 417//417 444//444
f 417//417 445//445 444//444
f 417//417 418//418 445//445
f 418//418 446//446 445//445
f 418//418 419//419 446//446
f 419//419 447//447 446//446
f 419//419 420//420 447//447
f 420//420 448//448 447//447
f 420//420 393//393 448//448
f 393//393 421//421 448//448
f 421//421 422//422 449//449
f 422//422 450//450 449//449
f 422//422 423//423 450//450
f 423//423 451//451 450//450
f 423//423 424//424 451//451
f 424//424 452//452 451//451
f 424//424 425//425 452//452
f 425//425 453//453 452//452
f 425//425 426//426 453//453
f 426//426 454//454 453//453
f 426//426 427//427 454//454
f 427//427 455//455 454//454
f 427//427 428//428 455//455
f 428//428 456//456 455//455
f 428//428 429//429 456//456
f 429//429 457//457 456//456
f 429//429 430//430 457//457
f 430//430 458//458 457//457
f 430//430 431//431 458//458
f 431//431 459//459 458//458
f 431//431 432//432 459//459
f 432//432 460//460 459//459
f 432//432 433//433 460//460
f 433//433 461//461 460//460
f 433//433 434//434 461//461
f 434//434 462//462 461//461
f 434//434 435//435 462//462
f 435//435 463//463 462//462
f 435//435 436//436 463//463
f 436//436 464//464 463//463
f 436//436 437//437 464//464
f 437//437 465//465 464//464
f 437//437 438//438 465//465
f 438//438 466//466 465//465
f 438//438 439//439 466//466
f 439//439 467//467 466//466
f 439//439 440//440 467//467
f 440//440 468//468 467//467
f 440//440 441//441 468//468
f 441//441 469//469 468//468
f 441//441 442//442 469//469
f 442//442 470//470 469//469
f 442//442 443//443 470//470
f 443//443 471//471 470//470
f 443//443 444//444 471//471
f 444//444 472//472 471//471
f 444//444 445//445 472//472
f 445//445 473//473 472//472
f 445//445 446//446 473//473
f 446//446 474//474 473//473
f 446//446 447//447 474//474
f 447//447 475//475 474//474
f 447//447 448//448 475//475
f 448//448 476//476 475//475
f 448//448 421//421 476//476
f 421//421 449//449 476//476
f 449//449 450//450 477//477
f 450//450 478//478 477//477
f 450//450 451//451 478//478
f 451//451 479//479 478//478
f 451//451 452//452 479//479
f 452//452 480//480 479//479
f 452//452 453//453 480//480
f 453//453 481//481 480//480
f 453//453 454//454 481//481
f 454//454 482//482 481//481
f 454//454 455//455 482//482
f 455//455 483//483 482//482
f 455//455 456//456 483//483
f 456//456 484//484 483//483
f 456//456 457//457 484//484
f 457//457 485//485 484//484
f 457//457 458//458 485//485
f 458//458 486//486 485//485
f 458//458 459//459 486//486
f 459//459 487//487 486//486
f 459//459 460//460 487//487
f 460//460 488//488 487//487
f 460//460 461//461 488//488
f 461//461 489//489 488//488
f 461//461 462//462 489//489
f 462//462 490//490 489//489
f 462//462 463//463 490//490
f 463//463 491//491 490//490
f 463//463 464//464 491//491
f 464//464 492//492 491//491
f 464//464 465//465 492//492
f 465//465 493//493 492//492
f 465//465 466//466 493//493
f 466//466 494//494 493//493
f 466//466 467//467 494//494
f 467//467 495//495 494//494
f 467//467 468//468 495//495
f 468//468 496//496 495//495
f 468//468 469//469 496//496
f 469//469 497//497 496//496
f 469//469 470//470 497//497
f 470//470 498//498 497//497
f 470//470 471//471 498//498
f 471//471 499//499 498//498
f 471//471 472//472 499//499
f 472//472 500//500 499//499
f 472//472 473//473 500//500
f 473//473 501//501 500//500
f 473//473 474//474 501//501
f 474//474 502//502 501//501
f 474//474 475//475 502//502
f 475//475 503//503 502//502
f 475//475 476//476 503//503
f 476//476 504//504 503//503
f 476//476 449//449 504//504
f 449//449 477//477 504//504
f 477//477 478//478 505//505
f 478//478 506//506 505//505
f 478//478 479//479 506//506
f 479//479 507//507 506//506
f 479//479 480//480 507//507
f 480//480 508//508 507//507
f 480//480 481//481 508//508
f 481//481 509//509 508//508
f 481//481 482//482 509//509
f 482//482 510//510 509//509
f 482//482 483//483 510//510
f 483//483 511//511 510//510
f 483//483 484//484 511//511
f 484//484 512//512 511//511
f 484//484 485//485 512//512
f 485//485 513//513 512//512
f 485//485 486//486 513//513
f 486//486 514//514 513//513
f 486//486 487//487 514//514
f 487//487 515//515 514//514
f 487//487 488//488 515//515
f 488//488 516//516 515//515
f 488//488 489//489 516//516
f 489//489 517//517 516//516
f 489//489 490//490 517//517
f 490//490 518//518 517//517
f 490//490 491//491 518//518
f 491//491 519//519 518//518
f 491//491 492//492 519//519
f 492//492 520//520 519//519
f 492//492 493//493 520//520
f 493//493 521//521 520//520
f 493//493 494//494 521//521
f 494//494 522//522 521//521
f 494//494 495//495 522//522
f 495//495 523//523 522//522
f 495//495 496//496 523//523
f 496//496 524//524 523//523
f 496//496 497//497 524//524
f 497//497 525//525 524//524
f 497//497 498//498 525//525
f 498//498 526//526 525//525
f 498//498 499//499 526//526
f 499//499 527//527 526//526
f 499//499 500//500 527//527
f 500//500 528//528 527//527
f 500//500 501//501 528//528
f 501//501 529//529 528//528
f 501//501 502//502 529//529
f 502//502 530//530 529//529
f 502//502 503//503 530//530
f 503//503 531//531 530//530
f 503//503 504//504 531//531
f 504//504 532//532 531//531
f 504//504 477//477 532//532
f 477//477 505//505 532//532
f 505//505 506//506 533//533
f 506//506 534//534 533//533
f 506//506 507//507 534//534
f 507//507 535//535 534//534
f 507//507 508//508 535//535
f 508//508 536//536 535//535
f 508//508 509//509 536//536
f 509//509 537//537 536//536
f 509//509 510//510 537//537
f 510//510 538//538 537//537
f 510//510 511//511 538//538
f 511//511 539//539 538//538
f 511//511 512//512 539//539
f 512//512 540//540 539//539
f 512//512 513//513 540//540
f 513//513 541//541 540//540
f 513//513 514//514 541//541
f 514//514 542//542 541//541
f 514//514 515//515 542//542
f 515//515 543//543 542//542
f 515//515 516//516 543//543
f 516//516 544//544 543//543
f 516//516 517//517 544//544
f 517//517 545//545 544//544
f 517//517 518//518 545//545
f 518//518 546//546 545//545
f 518//518 519//519 546//546
f 519//519 547//547 546//546
f 519//519 520//520 547//547
f 520//520 548//548 547//547
f 520//520 521//521 548//548
f 521//521 549//549 548//548
f 521//521 522//522 549//549
f 522//522 550//550 549//549
f 522//522 523//523 550//550
f 523//523 551//551 550//550
f 523//523 524//524 551//551
f 524//524 552//552 551//551
f 524//524 525//525 552//552
f 525//525 553//553 552//552
f 525//525 526//526 553//553
f 526//526 554//554 553//553
f 526//526 527//527 554//554
f 527//527 555//555 554//554
f 527//527 528//528 555//555
f 528//528 556//556 555//555
f 528//528 529//529 556//556
f 529//529 557//557 556//556
f 529//529 530//530 557//557
f 530//530 558//558 557//557
f 530//530 531//531 558//558
f 531//531 559//559 558//558
f 531//531 532//532 559//559
f 532//532 560//560 559//559
f 532//532 505//505 560//560
f 505//505 533//533 560//560
f 533//533 534//534 561//561
f 534//534 562//562 561//561
f 534//534 535//535 562//562
f 535//535 563//563 562//562
f 535//535 536//536 563//563
f 536//536 564//564 563//563
f 536//536 537//537 564//564
f 537//537 565//565 564//564
f 537//537 538//538 565//565
f 538//538 566//566 565//565
f 538//538 539//539 566//566
f 539//539 567//567 566//566
f 539//539 540//540 567//567
f 540//540 568//568 567//567
f 540//540 541//541 568//568
f 541//541 569//569 568//568
f 541//541 542//542 569//569
f 542//542 570//570 569//569
f 542//542 543//543 570//570
f 543//543 571//571 570//570
f 543//543 544//544 571//571
f 544//544 572//572 571//571
f 544//544 545//545 572//572
f 545//545 573//573 572//572
f 545//545 546//546 573//573
f 546//546 574//574 573//573
f 546//546 547//547 574//574
f 547//547 575//575 574//574
f 547//547 548//548 575//575
f 548//548 576//576 575//575
f 548//548 549//549 576//576
f 549//549 577//577 576//576
f 549//549 550//550 577//577
f 550//550 578//578 577//577
f 550//550 551//551 578//578
f 551//551 579//579 578//578
f 551//551 552//552 579//579
f 552//552 580//580 579//579
f 552//552 553//553 580//580
f 553//553 581//581 580//580
f 553//553 554//554 581//581
f 554//554 582//582 581//581
f 554//554 555//555 582//582
f 555//555 583//583 582//582
f 555//555 556//556 583//583
f 556//556 584//584 583//583
f 556//556 557//557 584//584
f 557//557 585//585 584//584
f 557//557 558//558 585//585
f 558//558 586//586 585//585
f 558//558 559//559 586//586
f 559//559 587//587 586//586
f 559//559 560//560 587//587
f 560//560 588//588 587//587
f 560//560 533//533 588//588
f 533//533 561//561 588//588
f 561//561 562//562 589//589
f 562//562 590//590 589//589
f 562//562 563//563 590//590
f 563//563 591//591 590//590
f 563//563 564//564 591//591
f 564//564 592//592 591//591
f 564//564 565//565 592//592
f 565//565 593//593 592//592
f 565//565 566//566 593//593
f 566//566 594//594 593//593
f 566//566 567//567 594//594
f 567//567 595//595 594//594
f 567//567 568//568 595//595
f 568//568 596//596 595//595
f 568//568 569//569 596//596
f 569//569 597//597 596//596
f 569//569 570//570 597//597
f 570//570 598//598 597//597
f 570//570 571//571 598//598
f 571//571 599//599 598//598
f 571//571 572//572 599//599
f 572//572 600//600 599//599
f 572//572 573//573 600//600
f 573//573 601//601 600//600
f 573//573 574//574 601//601
f 574//574 602//602 601//601
f 574//574 575//575 602//602
f 575//575 603//603 602//602
f 575//575 576//576 603//603
f 576//576 604//604 603//603
f 576//576 577//577 604//604
f 577//577 605//605 604//604
f 577//577 578//578 605//605
f 578//578 606//606 605//605
f 578//578 579//579 606//606
f 579//579 607//607 606//606
f 579//579 580//580 607//607
f 580//580 608//608 607//607
f 580//580 581//581 608//608
f 581//581 609//609 608//608
f 581//581 582//582 609//609
f 582//582 610//610 609//609
f 582//582 583//583 610//610
f 583//583 611//611 610//610
f 583//583 584//584 611//611
f 584//584 612//612 611//611
f 584//584 585//585 612//612
f 585//585 613//613 612//612
f 585//585 586//586 613//613
f 586//586 614//614 613//613
f 586//586 587//587 614//614
f 587//587 615//615 614//614
f 587//587 588//588 615//615
f 588//588 616//616 615//615
f 588//588 561//561 616//616
f 561//561 589//589 616//616
f 589//589 590//590 617//617
f 590//590 618//618 617//617
f 590//590 591//591 618//618
f 591//591 619//619 618//618
f 591//591 592//592 619//619
f 592//592 620//620 619//619
f 592//592 593//593 620//620
f 593//593 621//621 620//620
f 593//593 594//594 621//621
f 594//594 622//622 621//621
f 594//594 595//595 622//622
f 595//595 623//623 622//622
f 595//595 596//596 623//623
f 596//596 624//624 623//623
f 596//596 597//597 624//624
f 597//597 625//625 624//624
f 597//597 598//598 625//625
f 598//598 626//626 625//625
f 598//598 599//599 626//626
f 599//599 627//627 626//626
f 599//599 600//600 627//627
f 600//600 628//628 627//627
f 600//600 601//601 628//628
f 601//601 629//629 628//628
f 601//601 602//602 629//629
f 602//602 630//630 629//629
f 602//602 603//603 630//630
f 603//603 631//631 630//630
f 603//603 604//604 631//631
f 604//604 632//632 631//631
f 604//604 605//605 632//632
f 605//605 633//633 632//632
f 605//605 606//606 633//633
f 606//606 634//634 633//633
f 606//606 607//607 634//634
f 607//607 635//635 634//634
f 607//607 608//608 635//635
f 608//608 636//636 635//635
f 608//608 609//609 636//636
f 609//609 637//637 636//636
f 609//609 610//610 637//637
f 610//610 638//638 637//637
f 610//610 611//611 638//638
f 611//611 639//639 638//638
f 611//611 612//612 639//639
f 612//612 640//640 639//639
f 612//612 613//613 640//640
f 613//613 641//641 640//640
f 613//613 614//614 641//641
f 614//614 642//642 641//641
f 614//614 615//615 642//642
f 615//615 643//643 642//642
f 615//615 616//616 643//643
f 616//616 644//644 643//643
f 616//616 589//589 644//644
f 589//589 617//617 644//644
f 617//617 618//618 645//645
f 618//618 646//646 645//645
f 618//618 619//619 646//646
f 619//619 647//647 646//646
f 619//619 620//620 647//647
f 620//620 648//648 647//647
f 620//620 621//621 648//648
f 621//621 649//649 648//648
f 621//621 622//622 649//649
f 622//622 650//650 649//649
f 622//622 623//623 650//650
f 623//623 651//651 650//650
f 623//623 624//624 651//651
f 624//624 652//652 651//651
f 624//624 625//625 652//652
f 625//625 653//653 652//652
f 625//625 626//626 653//653
f 626//626 654//654 653//653
f 626//626 627//627 654//654
f 627//627 655//655 654//654
f 627//627 628//628 655//655
f 628//628 656//656 655//655
f 628//628 629//629 656//656
f 629//629 657//657 656//656
f 629//629 630//630 657//657
f 630//630 658//658 657//657
f 630//630 631//631 658//658
f 631//631 659//659 658//658
f 631//631 632//632 659//659
f 632//632 660//660 659//659
f 632//632 633//633 660//660
f 633//633 661//661 660//660
f 633//633 634//634 661//661
f 634//634 662//662 661//661
f 634//634 635//635 662//662
f 635//635 663//663 662//662
f 635//635 636//636 663//663
f 636//636 664//664 663//663
f 636//636 637//637 664//664
f 637//637 665//665 664//664
f 637//637 638//638 665//665
f 638//638 666//666 665//665
f 638//638 639//639 666//666
f 639//639 667//667 666//666
f 639//639 640//640 667//667
f 640//640 668//668 667//667
f 640//640 641//641 668//668
f 641//641 669//669 668//668
f 641//641 642//642 669//669
f 642//642 670//670 669//669
f 642//642 643//643 670//670
f 643//643 671//671 670//670
f 643//643 644//644 671//671
f 644//644 672//672 671//671
f 644//644 617//617 672//672
f 617//617 645//645 672//672
f 645//645 646//646 673//673
f 646//646 674//674 673//673
f 646//646 647//647 674//674
f 647//647 675//675 674//674
f 647//647 648//648 675//675
f 648//648 676//676 675//675
f 648//648 649//649 676//676
f 649//649 677//677 676//676
f 649//649 650//650 677//677
f 650//650 678//678 677//677
f 650//650 651//651 678//678
f 651//651 679//679 678//678
f 651//651 652//652 679//679
f 652//652 680//680 679//679
f 652//652 653//653 680//680
f 653//653 681//681 680//680
f 653//653 654//654 681//681
f 654//654 682//682 681//681
f 654//654 655//655 682//682
f 655//655 683//683 682//682
f 655//655 656//656 683//683
f 656//656 684//684 683//683
f 656//656 657//657 684//684
f 657//657 685//685 684//684
f 657//657 658//658 685//685
f 658//658 686//686 685//685
f 658//658 659//659 686//686
f 659//659 687//687 686//686
f 659//659 660//660 687//687
f 660//660 688//688 687//687
f 660//660 661//661 688//688
f 661//661 689//689 688//688
f 661//661 662//662 689//689
f 662//662 690//690 689//689
f 662//662 663//663 690//690
f 663//663 691//691 690//690
f 663//663 664//664 691//691
f 664//664 692//692 691//691
f 664//664 665//665 692//692
f 665//665 693//693 692//692
f 665//665 666//666 693//693
f 666//666 694//694 693//693
f 666//666 667//667 694//694
f 667//667 695//695 694//694
f 667//667 668//668 695//695
f 668//668 696//696 695//695
f 668//668 669//669 696//696
f 669//669 697//697 696//696
f 669//669 670//670 697//697
f 670//670 698//698 697//697
f 670//670 671//671 698//698
f 671//671 699//699 698//698
f 671//671 672//672 699//699
f 672//672 700//700 699//699
f 672//672 645//645 700//700
f 645//645 673//673 700//700
f 673//673 674//674 701//701
f 674//674 702//702 701//701
f 674//674 675//675 702//702
f 675//675 703//703 702//702
f 675//675 676//676 703//703
f 676//676 704//704 703//703
f 676//676 677//677 704//704
f 677//677 705//705 704//704
f 677//677 678//678 705//705
f 678//678 706//706 705//705
f 678//678 679//679 706//706
f 679//679 707//707 706//706
f 679//679 680//680 707//707
f 680//680 708//708 707//707
f 680//680 681//681 708//708
f 681//681 709//709 708//708
f 681//681 682//682 709//709
f 682//682 710//710 709//709
f 682//682 683//683 710//710
f 683//683 711//711 710//710
f 683//683 684//684 711//711
f 684//684 712//712 711//711
f 684//684 685//685 712//712
f 685//685 713//713 712//712
f 685//685 686//686 713//713
f 686//686 714//714 713//713
f 686//686 687//687 714//714
f 687//687 715//715 714//714
f 687//687 688//688 715//715
f 688//688 716//716 715//715
f 688//688 689//689 716//716
f 689//689 717//717 716//716
f 689//689 690//690 717//717
f 690//690 718//718 717//717
f 690//690 691//691 718//718
f 691//691 719//719 718//718
f 691//691 692//692 719//719
f 692//692 720//720 719//719
f 692//692 693//693 720//720
f 693//693 721//721 720//720
f 693//693 694//694 721//721
f 694//694 722//722 721//721
f 694//694 695//695 722//722
f 695//695 723//723 722//722
f 695//695 696//696 723//723
f 696//696 724//724 723//723
f 696//696 697//697 724//724
f 697//697 725//725 724//724
f 697//697 698//698 725//725
f 698//698 726//726 725//725
f 698//698 699//699 726//726
f 699//699 727//727 726//726
f 699//699 700//700 727//727
f 700//700 728//728 727//727
f 700//700 673//673 728//728
f 673//673 701//701 728//728
f 701//701 702//702 729//729
f 702//702 730//730 729//729
f 702//702 703//703 730//730
f 703//703 731//731 730//730
f 703//703 704//704 731//731
f 704//704 732//732 731//731
f 704//704 705//705 732//732
f 705//705 733//733 732//732
f 705//705 706//706 733//733
f 706//706 734//734 733//733
f 706//706 707//707 734//734
f 707//707 735//735 734//734
f 707//707 708//708 735//735
f 708//708 736//736 735//735
f 708//708 709//709 736//736
f 709//709 737//737 736//736
f 709//709 710//710 737//737
f 710//710 738//738 737//737
f 710//710 711//711 738//738
f 711//711 739//739 738//738
f 711//711 712//712 739//739
f 712//712 740//740 739//739
f 712//712 713//713 740//740
f 713//713 741//741 740//740
f 713//713 714//714 741//741
f 714//714 742//742 741//741
f 714//714 715//715 742//742
f 715//715 743//743 742//742
f 715//715 716//716 743//743
f 716//716 744//744 743//743
f 716//716 717//717 744//744
f 717//717 745//745 744//744
f 717//717 718//718 745//745
f 718//718 746//746 745//745
f 718//718 719//719 746//746
f 719//719 747//747 746//746
f 719//719 720//720 747//747
f 720//720 748//748 747//747
f 720//720 721//721 748//748
f 721//721 749//749 748//748
f 721//721 722//722 749//749
f 722//722 750//750 749//749
f 722//722 723//723 750//750
f 723//723 751//751 750//750
f 723//723 724//724 751//751
f 724//724 752//752 751//751
f 724//724 725//725 752//752
f 725//725 753//753 752//752
f 725//725 726//726 753//753
f 726//726 754//754 753//753
f 726//726 727//727 754//754
f 727//727 755//755 754//754
f 727//727 728//728 755//755
f 728//728 756//756 755//755
f 728//728 701//701 756//756
f 701//701 729//729 756//756
f 729//729 730//730 757//757
f 730//730 758//758 757//757
f 730//730 731//731 758//758
f 731//731 759//759 758//758
f 731//731 732//732 759//759
f 732//732 760//760 759//759
f 732//732 733//733 760//760
f 733//733 761//761 760//760
f 733//733 734//734 761//761
f 734//734 762//762 761//761
f 734//734 735//735 762//762
f 735//735 763//763 762//762
f 735//735 736//736 763//763
f 736//736 764//764 763//763
f 736//736 737//737 764//764
f 737//737 765//765 764//764
f 737//737 738//738 765//765
f 738//738 766//766 765//765
f 738//738 739//739 766//766
f 739//739 767//767 766//766
f 739//739 740//740 767//767
f 740//740 768//768 767//767
f 740//740 741//741 768//768
f 741//741 769//769 768//768
f 741//741 742//742 769//769
f 742//742 770//770 769//769
f 742//742 743//743 770//770
f 743//743 771//771 770//770
f 743//743 744//744 771//771
f 744//744 772//772 771//771
f 744//744 745//745 772//772
f 745//745 773//773 772//772
f 745//745 746//746 773//773
f 746//746 774//774 773//773
f 746//746 747//747 774//774
f 747//747 775//775 774//774
f 747//747 748//748 775//775
f 748//748 776//776 775//775
f 748//748 749//749 776//776
f 749//749 777//777 776//776
f 749//749 750//750 777//777
f 750//750 778//778 777//777
f 750//750 751//751 778//778
f 751//751 779//779 778//778
f 751//751 752//752 779//779
f 752//752 780//780 779//779
f 752//752 753//753 780//780
f 753//753 781//781 780//780
f 753//753 754//754 781//781
f 754//754 782//782 781//781
f 754//754 755//755 782//782
f 755//755 783//783 782//782
f 755//755 756//756 783//783
f 756//756 784//784 783//783
f 756//756 729//729 784//784
f 729//729 757//757 784//784
f 757//757 758//758 785//785
f 758//758 786//786 785//785
f 758//758 759//759 786//786
f 759//759 787//787 786//786
f 759//759 760//760 787//787
f 760//760 788//788 787//787
f 760//760 761//761 788//788
f 761//761 789//789 788//788
f 761//761 762//762 789//789
f 762//762 790//790 789//789
f 762//762 763//763 790//790
f 763//763 791//791 790//790
f 763//763 764//764 791//791
f 764//764 792//792 791//791
f 764//764 765//765 792//792
f 765//765 793//793 792//792
f 765//765 766//766 793//793
f 766//766 794//794 793//793
f 766//766 767//767 794//794
f 767//767 795//795 794//794
f 767//767 768//768 795//795
f 768//768 796//796 795//795
f 768//768 769//769 796//796
f 769//769 797//797 796//796
f 769//769 770//770 797//797
f 770//770 798//798 797//797
f 770//770 771//771 798//798
f 771//771 799//799 798//798
f 771//771 772//772 799//799
f 772//772 800//800 799//799
f 772//772 773//773 800//800
f 773//773 801//801 800//800
f 773//773 774//774 801//801
f 774//774 802//802 801//801
f 774//774 775//775 802//802
f 775//775 803//803 802//802
f 775//775 776//776 803//803
f 776//776 804//804 803//803
f 776//776 777//777 804//804
f 777//777 805//805 804//804
f 777//777 778//778 805//805
f 778//778 806//806 805//805
f 778//778 779//779 806//806
f 779//779 807//807 806//806
f 779//779 780//780 807//807
f 780//780 808//808 807//807
f 780//780 781//781 808//808
f 781//781 809//809 808//808
f 781//781 782//782 809//809
f 782//782 810//810 809//809
f 782//782 783//783 810//810
f 783//783 811//811 810//810
f 783//783 784//784 811//811
f 784//784 812//812 811//811
f 784//784 757//757 812//812
f 757//757 785//785 812//812
f 785//785 786//786 813//813
f 786//786 814//814 813//813
f 786//786 787//787 814//814
f 787//787 815//815 814//814
f 787//787 788//788 815//815
f 788//788 816//816 815//815
f 788//788 789//789 816//816
f 789//789 817//817 816//816
f 789//789 790//790 817//817
f 790//790 818//818 817//817
f 790//790 791//791 818//818
f 791//791 819//819 818//818
f 791//791 792//792 819//819
f 792//792 820//820 819//819
f 792//792 793//793 820//820
f 793//793 821//821 820//820
f 793//793 794//794 821//821
f 794//794 822//822 821//821
f 794//794 795//795 822//822
f 795//795 823//823 822//822
f 795//795 796//796 823//823
f 796//796 824//824 823//823
f 796//796 797//797 824//824
f 797//797 825//825 824//824
f 797//797 798//798 825//825
f 798//798 826//826 825//825
f 798//798 799//799 826//826
f 799//799 827//827 826//826
f 799//799 800//800 827//827
f 800//800 828//828 827//827
f 800//800 801//801 828//828
f 801//801 829//829 828//828
f 801//801 802//802 829//829
f 802//802 830//830 829//829
f 802//802 803//803 830//830
f 803//803 831//831 830//830
f 803//803 804//804 831//831
f 804//804 832//832 831//831
f 804//804 805//805 832//832
f 805//805 833//833 832//832
f 805//805 806//806 833//833
f 806//806 834//834 833//833
f 806//806 807//807 834//834
f 807//807 835//835 834//834
f 807//807 808//808 835//835
f 808//808 836//836 835//835
f 808//808 809//809 836//836
f 809//809 837//837 836//836
f 809//809 810//810 837//837
f 810//810 838//838 837//837
f 810//810 811//811 838//838
f 811//811 839//839 838//838
f 811//811 812//812 839//839
f 812//812 840//840 839//839
f 812//812 785//785 840//840
f 785//785 813//813 840//840
f 813//813 814//814 841//841
f 814//814 842//842 841//841
f 814//814 815//815 842//842
f 815//815 843//843 842//842
f 815//815 816//816 843//843
f 816//816 844//844 843//843
f 816//816 817//817 844//844
f 817//817 845//845 844//844
f 817//817 818//818 845//845
f 818//818 846//846 845//845
f 818//818 819//819 846//846
f 819//819 847//847 846//846
f 819//819 820//820 847//847
f 820//820 848//848 847//847
f 820//820 821//821 848//848
f 821//821 849//849 848//848
f 821//821 822//822 849//849
f 822//822 850//850 849//849
f 822//822 823//823 850//850
f 823//823 851//851 850//850
f 823//823 824//824 851//851
f 824//824 852//852 851//851
f 824//824 825//825 852//852
f 825//825 853//853 852//852
f 825//825 826//826 853//853
f 826//826 854//854 853//853
f 826//826 827//827 854//854
f 827//827 855//855 854//854
f 827//827 828//828 855//855
f 828//828 856//856 855//855
f 828//828 829//829 856//856
f 829//829 857//857 856//856
f 829//829 830//830 857//857
f 830//830 858//858 857//857
f 830//830 831//831 858//858
f 831//831 859//859 858//858
f 831//831 832//832 859//859
f 832//832 860//860 859//859
f 832//832 833//833 860//860
f 833//833 861//861 860//860
f 833//833 834//834 861//861
f 834//834 862//862 861//861
f 834//834 835//835 862//862
f 835//835 863//863 862//862
f 835//835 836//836 863//863
f 836//836 864//864 863//863
f 836//836 837//837 864//864
f 837//837 865//865 864//864
f 837//837 838//838 865//865
f 838//838 866//866 865//865
f 838//838 839//839 866//866
f 839//839 867//867 866//866
f 839//839 840//840 867//867
f 840//840 868//868 867//867
f 840//840 813//813 868//868
f 813//813 841//841 868//868
f 841//841 842//842 869//869
f 842//842 870//870 869//869
f 842//842 843//843 870//870
f 843//843 871//871 870//870
f 843//843 844//844 871//871
f 844//844 872//872 871//871
f 844//844 845//845 872//872
f 845//845 873//873 872//872
f 845//845 846//846 873//873
f 846//846 874//874 873//873
f 846//846 847//847 874//874
f 847//847 875//875 874//874
f 847//847 848//848 875//875
f 848//848 876//876 875//875
f 848//848 849//849 876//876
f 849//849 877//877 876//876
f 849//849 850//850 877//877
f 850//850 878//878 877//877
f 850//850 851//851 878//878
f 851//851 879//879 878//878
f 851//851 852//852 879//879
f 852//852 880//880 879//879
f 852//852 853//853 880//880
f 853//853 881//881 880//880
f 853//853 854//854 881//881
f 854//854 882//882 881//881
f 854//854 855//855 882//882
f 855//855 883//883 882//882
f 855//855 856//856 883//883
f 856//856 884//884 883//883
f 856//856 857//857 884//884
f 857//857 885//885 884//884
f 857//857 858//858 885//885
f 858//858 886//886 885//885
f 858//858 859//859 886//886
f 859//859 887//887 886//886
f 859//859 860//860 887//887
f 860//860 888//888 887//887
f 860//860 861//861 888//888
f 861//861 889//889 888//888
f 861//861 862//862 889//889
f 862//862 890//890 889//889
f 862//862 863//863 890//890
f 863//863 891//891 890//890
f 863//863 864//864 891//891
f 864//864 892//892 891//891
f 864//864 865//865 892//892
f 865//865 893//893 892//892
f 865//865 866//866 893//893
f 866//866 894//894 893//893
f 866//866 867//867 894//894
f 867//867 895//895 894//894
f 867//867 868//868 895//895
f 868//868 896//896 895//895
f 868//868 841//841 896//896
f 841//841 869//869 896//896
f 869//869 870//870 897//897
f 870//870 898//898 897//897
f 870//870 871//871 898//898
f 871//871 899//899 898//898
f 871//871 872//872 899//899
f 872//872 900//900 899//899
f 872//872 873//873 900//900
f 873//873 901//901 900//900
f 873//873 874//874 901//901
f 874//874 902//902 901//901
f 874//874 875//875 902//902
f 875//875 903//903 902//902
f 875//875 876//876 903//903
f 876//876 904//904 903//903
f 876//876 877//877 904//904
f 877//877 905//905 904//904
f 877//877 878//878 905//905
f 878//878 906//906 905//905
f 878//878 879//879 906//906
f 879//879 907//907 906//906
f 879//879 880//880 907//907
f 880//880 908//908 907//907
f 880//880 881//881 908//908
f 881//881 909//909 908//908
f 881//881 882//882 909//909
f 882//882 910//910 909//909
f 882//882 883//883 910//910
f 883//883 911//911 910//910
f 883//883 884//884 911//911
f 884//884 912//912 911//911
f 884//884 885//885 912//912
f 885//885 913//913 912//912
f 885//885 886//886 913//913
f 886//886 914//914 913//913
f 886//886 887//887 914//914
f 887//887 915//915 914//914
f 887//887 888//888 915//915
f 888//888 916//916 915//915
f 888//888 889//889 916//916
f 889//889 917//917 916//916
f 889//889 890//890 917//917
f 890//890 918//918 917//917
f 890//890 891//891 918//918
f 891//891 919//919 918//918
f 891//891 892//892 919//919
f 892//892 920//920 919//919
f 892//892 893//893 920//920
f 893//893 921//921 920//920
f 893//893 894//894 921//921
f 894//894 922//922 921//921
f 894//894 895//895 922//922
f 895//895 923//923 922//922
f 895//895 896//896 923//923
f 896//896 924//924 923//923
f 896//896 869//869 924//924
f 869//869 897//897 924//924
f 897//897 898//898 925//925
f 898//898 926//926 925//925
f 898//898 899//899 926//926
f 899//899 927//927 926//926
f 899//899 900//900 927//927
f 900//900 928//928 927//927
f 900//900 901//901 928//928
f 901//901 929//929 928//928
f 901//901 902//902 929//929
f 902//902 930//930 929//929
f 902//902 903//903 930//930
f 903//903 931//931 930//930
f 903//903 904//904 931//931
f 904//904 932//932 931//931
f 904//904 905//905 932//932
f 905//905 933//933 932//932
f 905//905 906//906 933//933
f 906//906 934//934 933//933
f 906//906 907//907 934//934
f 907//907 935//935 934//934
f 907//907 908//908 935//935
f 908//908 936//936 935//935
f 908//908 909//909 936//936
f 909//909 937//937 936//936
f 909//909 910//910 937//937
f 910//910 938//938 937//937
f 910//910 911//911 938//938
f 911//911 939//939 938//938
f 911//911 912//912 939//939
f 912//912 940//940 939//939
f 912//912 913//913 940//940
f 913//913 941//941 940//940
f 913//913 914//914 941//941
f 914//914 942//942 941//941
f 914//914 915//915 942//942
f 915//915 943//943 942//942
f 915//915 916//916 943//943
f 916//916 944//944 943//943
f 916//916 917//917 944//944
f 917//917 945//945 944//944
f 917//917 918//918 945//945
f 918//918 946//946 945//945
f 918//918 919//919 946//946
f 919//919 947//947 946//946
f 919//919 920//920 947//947
f 920//920 948//948 947//947
f 920//920 921//921 948//948
f 921//921 949//949 948//948
f 921//921 922//922 949//949
f 922//922 950//950 949//949
f 922//922 923//923 950//950
f 923//923 951//951 950//950
f 923//923 924//924 951//951
f 924//924 952//952 951//951
f 924//924 897//897 952//952
f 897//897 925//925 952//952
f 925//925 926//926 953//953
f 926//926 954//954 953//953
f 926//926 927//927 954//954
f 927//927 955//955 954//954
f 927//927 928//928 955//955
f 928//928 956//956 955//955
f 928//928 929//929 956//956
f 929//929 957//957 956//956
f 929//929 930//930 957//957
f 930//930 958//958 957//957
f 930//930 931//931 958//958
f 931//931 959//959 958//958
f 931//931 932//932 959//959
f 932//932 960//960 959//959
f 932//932 933//933 960//960
f 933//933 961//961 960//960
f 933//933 934//934 961//961
f 934//934 962//962 961//961
f 934//934 935//935 962//962
f 935//935 963//963 962//962
f 935//935 936//936 963//963
f 936//936 964//964 963//963
f 936//936 937//937 964//964
f 937//937 965//965 964//964
f 937//937 938//938 965//965
f 938//938 966//966 965//965
f 938//938 939//939 966//966
f 939//939 967//967 966//966
f 939//939 940//940 967//967
f 940//940 968//968 967//967
f 940//940 941//941 968//968
f 941//941 969//969 968//968
f 941//941 942//942 969//969
f 942//942 970//970 969//969
f 942//942 943//943 970//970
f 943//943 971//971 970//970
f 943//943 944//944 971//971
f 944//944 972//972 971//971
f 944//944 945//945 972//972
f 945//945 973//973 972//972
f 945//945 946//946 973//973
f 946//946 974//974 973//973
f 946//946 947//947 974//974
f 947//947 975//975 974//974
f 947//947 948//948 975//975
f 948//948 976//976 975//975
f 948//948 949//949 976//976
f 949//949 977//977 976//976
f 949//949 950//950 977//977
f 950//950 978//978 977//977
f 950//950 951//951 978//978
f 951//951 979//979 978//978
f 951//951 952//952 979//979
f 952//952 980//980 979//979
f 952//952 925//925 980//980
f 925//925 953//953 980//980
f 953//953 954//954 981//981
f 954//954 982//982 981//981
f 954//954 955//955 982//982
f 955//955 983//983 982//982
f 955//955 956//956 983//983
f 956//956 984//984 983//983
f 956//956 957//957 984//984
f 957//957 985//985 984//984
f 957//957 958//958 985//985
f 958//958 986//986 985//985
f 958//958 959//959 986//986
f 959//959 987//987 986//986
f 959//959 960//960 987//987
f 960//960 988//988 987//987
f 960//960 961//961 988//988
f 961//961 989//989 988//988
f 961//961 962//962 989//989
f 962//962 990//990 989//989
f 962//962 963//963 990//990
f 963//963 991//991 990//990
f 963//963 964//964 991//991
f 964//964 992//992 991//991
f 964//964 965//965 992//992
f 965//965 993//993 992//992
f 965//965 966//966 993//993
f 966//966 994//994 993//993
f 966//966 967//967 994//994
f 967//967 995//995 994//994
f 967//967 968//968 995//995
f 968//968 996//996 995//995
f 968//968 969//969 996//996
f 969//969 997//997 996//996
f 969//969 970//970 997//997
f 970//970 998//998 997//997
f 970//970 971//971 998//998
f 971//971 999//999 998//998
f 971//971 972//972 999//999
f 972//972 1000//1000 999//999
f 972//972 973//973 1000//1000
f 973//973 1001//1001 1000//1000
f 973//973 974//974 1001//1001
f 974//974 1002//1002 1001//1001
f 974//974 975//975 1002//1002
f 975//975 1003//1003 1002//1002
f 975//975 976//976 1003//1003
f 976//976 1004//1004 1003//1003
f 976//976 977//977 1004//1004
f 977//977 1005//1005 1004//1004
f 977//977 978//978 1005//1005
f 978//978 1006//1006 1005//1005
f 978//978 979//979 1006//1006
f 979//979 1007//1007 1006//1006
f 979//979 980//980 1007//1007
f 980//980 1008//1008 1007//1007
f 980//980 953//953 1008//1008
f 953//953 981//981 1008//1008
f 981//981 982//982 1009//1009
f 982//982 1010//1010 1009//1009
f 982//982 983//983 1010//1010
f 983//983 1011//1011 1010//1010
f 983//983 984//984 1011//1011
f 984//984 1012//1012 1011//1011
f 984//984 985//985 1012//1012
f 985//985 1013//1013 1012//1012
f 985//985 986//986 1013//1013
f 986//986 1014//1014 1013//1013
f 986//986 987//987 1014//1014
f 987//987 1015//1015 1014//1014
f 987//987 988//988 1015//1015
f 988//988 1016//1016 1015//1015
f 988//988 989//989 1016//1016
f 989//989 1017//1017 1016//1016
f 989//989 990//990 1017//1017
f 990//990 1018//1018 1017//1017
f 990//990 991//991 1018//1018
f 991//991 1019//1019 1018//1018
f 991//991 992//992 1019//1019
f 992//992 1020//1020 1019//1019
f 992//992 993//993 1020//1020
f 993//993 1021//1021 1020//1020
f 993//993 994//994 1021//1021
f 994//994 1022//1022 1021//1021
f 994//994 995//995 1022//1022
f 995//995 1023//1023 1022//1022
f 995//995 996//996 1023//1023
f 996//996 1024//1024 1023//1023
f 996//996 997//997 1024//1024
f 997//997 1025//1025 1024//1024
f 997//997 998//998 1025//1025
f 998//998 1026//1026 1025//1025
f 998//998 999//999 1026//1026
f 999//999 1027//1027 1026//1026
f 999//999 1000//1000 1027//1027
f 1000//1000 1028//1028 1027//1027
f 1000//1000 1001//1001 1028//1028
f 1001//1001 1029//1029 1028//1028
f 1001//1001 1002//1002 1029//1029
f 1002//1002 1030//1030 1029//1029
f 1002//1002 1003//1003 1030//1030
f 1003//1003 1031//1031 1030//1030
f 1003//1003 1004//1004 1031//1031
f 1004//1004 1032//1032 1031//1031
f 1004//1004 1005//1005 1032//1032
f 1005//1005 1033//1033 1032//1032
f 1005//1005 1006//1006 1033//1033
f 1006//1006 1034//1034 1033//1033
f 1006//1006 1007//1007 1034//1034
f 1007//1007 1035//1035 1034//1034
f 1007//1007 1008//1008 1035//1035
f 1008//1008 1036//1036 1035//1035
f 1008//1008 981//981 1036//1036
f 981//981 1009//1009 1036//1036
f 1009//1009 1010//1010 1037//1037
f 1010//1010 1038//1038 1037//1037
f 1010//1010 1011//1011 1038//1038
f 1011//1011 1039//1039 1038//1038
f 1011//1011 1012//1012 1039//1039
f 1012//1012 1040//1040 1039//1039
f 1012//1012 1013//1013 1040//1040
f 1013//1013 1041//1041 1040//1040
f 1013//1013 1014//1014 1041//1041
f 1014//1014 1042//1042 1041//1041
f 1014//1014 1015//1015 1042//1042
f 1015//1015 1043//1043 1042//1042
f 1015//1015 1016//1016 1043//1043
f 1016//1016 1044//1044 1043//1043
f 1016//1016 1017//1017 1044//1044
f 1017//1017 1045//1045 1044//1044
f 1017//1017 1018//1018 1045//1045
f 1018//1018 1046//1046 1045//1045
f 1018//1018 1019//1019 1046//1046
f 1019//1019 1047//1047 1046//1046
f 1019//1019 1020//1020 1047//1047
f 1020//1020 1048//1048 1047//1047
f 1020//1020 1021//1021 1048//1048
f 1021//1021 1049//1049 1048//1048
f 1021//1021 1022//1022 1049//1049
f 1022//1022 1050//1050 1049//1049
f 1022//1022 1023//1023 1050//1050
f 1023//1023 1051//1051 1050//1050
f 1023//1023 1024//1024 1051//1051
f 1024//1024 1052//1052 1051//1051
f 1024//1024 1025//1025 1052//1052
f 1025//1025 1053//1053 1052//1052
f 1025//1025 1026//1026 1053//1053
f 1026//1026 1054//1054 1053//1053
f 1026//1026 1027//1027 1054//1054
f 1027//1027 1055//1055 1054//1054
f 1027//1027 1028//1028 1055//1055
f 1028//1028 1056//1056 1055//1055
f 1028//1028 1029//1029 1056//1056
f 1029//1029 1057//1057 1056//1056
f 1029//1029 1030//1030 1057//1057
f 1030//1030 1058//1058 1057//1057
f 1030//1030 1031//1031 1058//1058
f 1031//1031 1059//1059 1058//1058
f 1031//1031 1032//1032 1059//1059
f 1032//1032 1060//1060 1059//1059
f 1032//1032 1033//1033 1060//1060
f 1033//1033 1061//1061 1060//1060
f 1033//1033 1034//1034 1061//1061
f 1034//1034 1062//1062 1061//1061
f 1034//1034 1035//1035 1062//1062
f 1035//1035 1063//1063 1062//1062
f 1035//1035 1036//1036 1063//1063
f 1036//1036 1064//1064 1063//1063
f 1036//1036 1009//1009 1064//1064
f 1009//1009 1037//1037 1064//1064
f 1037//1037 1038//1038 1065//1065
f 1038//1038 1066//1066 1065//1065
f 1038//1038 1039//1039 1066//1066
f 1039//1039 1067//1067 1066//1066
f 1039//1039 1040//1040 1067//1067
f 1040//1040 1068//1068 1067//1067
f 1040//1040 1041//1041 1068//1068
f 1041//1041 1069//1069 1068//1068
f 1041//1041 1042//1042 1069//1069
f 1042//1042 1070//1070 1069//1069
f 1042//1042 1043//1043 1070//1070
f 1043//1043 1071//1071 1070//1070
f 1043//1043 1044//1044 1071//1071
f 1044//1044 1072//1072 1071//1071
f 1044//1044 1045//1045 1072//1072
f 1045//1045 1073//1073 1072//1072
f 1045//1045 1046//1046 1073//1073
f 1046//1046 1074//1074 1073//1073
f 1046//1046 1047//1047 1074//1074
f 1047//1047 1075//1075 1074//1074
f 1047//1047 1048//1048 1075//1075
f 1048//1048 1076//1076 1075//1075
f 1048//1048 1049//1049 1076//1076
f 1049//1049 1077//1077 1076//1076
f 1049//1049 1050//1050 1077//1077
f 1050//1050 1078//1078 1077//1077
f 1050//1050 1051//1051 1078//1078
f 1051//1051 1079//1079 1078//1078
f 1051//1051 1052//1052 1079//1079
f 1052//1052 1080//1080 1079//1079
f 1052//1052 1053//1053 1080//1080
f 1053//1053 1081//1081 1080//1080
f 1053//1053 1054//1054 1081//1081
f 1054//1054 1082//1082 1081//1081
f 1054//1054 1055//1055 1082//1082
f 1055//1055 1083//1083 1082//1082
f 1055//1055 1056//1056 1083//1083
f 1056//1056 1084//1084 1083//1083
f 1056//1056 1057//1057 1084//1084
f 1057//1057 1085//1085 1084//1084
f 1057//1057 1058//1058 1085//1085
f 1058//1058 1086//1086 1085//1085
f 1058//1058 1059//1059 1086//1086
f 1059//1059 1087//1087 1086//1086
f 1059//1059 1060//1060 1087//1087
f 1060//1060 1088//1088 1087//1087
f 1060//1060 1061//1061 1088//1088
f 1061//1061 1089//1089 1088//1088
f 1061//1061 1062//1062 1089//1089
f 1062//1062 1090//1090 1089//1089
f 1062//1062 1063//1063 1090//1090
f 1063//1063 1091//1091 1090//1090
f 1063//1063 1064//1064 1091//1091
f 1064//1064 1092//1092 1091//1091
f 1064//1064 1037//1037 1092//1092
f 1037//1037 1065//1065 1092//1092
f 1065//1065 1066//1066 1093//1093
f 1066//1066 1094//1094 1093//1093
f 1066//1066 1067//1067 1094//1094
f 1067//1067 1095//1095 1094//1094
f 1067//1067 1068//1068 1095//1095
f 1068//1068 1096//1096 1095//1095
f 1068//1068 1069//1069 1096//1096
f 1069//1069 1097//1097 1096//1096
f 1069//1069 1070//1070 1097//1097
f 1070//1070 1098//1098 1097//1097
f 1070//1070 1071//1071 1098//1098
f 1071//1071 1099//1099 1098//1098
f 1071//1071 1072//1072 1099//1099
f 1072//1072 1100//1100 1099//1099
f 1072//1072 1073//1073 1100//1100
f 1073//1073 1101//1101 1100//1100
f 1073//1073 1074//1074 1101//1101
f 1074//1074 1102//1102 1101//1101
f 1074//1074 1075//1075 1102//1102
f 1075//1075 1103//1103 1102//1102
f 1075//1075 1076//1076 1103//1103
f 1076//1076 1104//1104 1103//1103
f 1076//1076 1077//1077 1104//1104
f 1077//1077 1105//1105 1104//1104
f 1077//1077 1078//1078 1105//1105
f 1078//1078 1106//1106 1105//1105
f 1078//1078 1079//1079 1106//1106
f 1079//1079 1107//1107 1106//1106
f 1079//1079 1080//1080 1107//1107
f 1080//1080 1108//1108 1107//1107
f 1080//1080 1081//1081 1108//1108
f 1081//1081 1109//1109 1108//1108
f 1081//1081 1082//1082 1109//1109
f 1082//1082 1110//1110 1109//1109
f 1082//1082 1083//1083 1110//1110
f 1083//1083 1111//1111 1110//1110
f 1083//1083 1084//1084 1111//1111
f 1084//1084 1112//1112 1111//1111
f 1084//1084 1085//1085 1112//1112
f 1085//1085 1113//1113 1112//1112
f 1085//1085 1086//1086 1113//1113
f 1086//1086 1114//1114 1113//1113
f 1086//1086 1087//1087 1114//1114
f 1087//1087 1115//1115 1114//1114
f 1087//1087 1088//1088 1115//1115
f 1088//1088 1116//1116 1115//1115
f 1088//1088 1089//1089 1116//1116
f 1089//1089 1117//1117 1116//1116
f 1089//1089 1090//1090 1117//1117
f 1090//1090 1118//1118 1117//1117
f 1090//1090 1091//1091 1118//1118
f 1091//1091 1119//1119 1118//1118
f 1091//1091 1092//1092 1119//1119
f 1092//1092 1120//1120 1119//1119
f 1092//1092 1065//1065 1120//1120
f 1065//1065 1093//1093 1120//1120
f 1093//1093 1094//1094 1121//1121
f 1094//1094 1122//1122 1121//1121
f 1094//1094 1095//1095 1122//1122
f 1095//1095 1123//1123 1122//1122
f 1095//1095 1096//1096 1123//1123
f 1096//1096 1124//1124 1123//1123
f 1096//1096 1097//1097 1124//1124
f 1097//1097 1125//1125 1124//1124
f 1097//1097 1098//1098 1125//1125
f 1098//1098 1126//1126 1125//1125
f 1098//1098 1099//1099 1126//1126
f 1099//1099 1127//1127 1126//1126
f 1099//1099 1100//1100 1127//1127
f 1100//1100 1128//1128 1127//1127
f 1100//1100 1101//1101 1128//1128
f 1101//1101 1129//1129 1128//1128
f 1101//1101 1102//1102 1129//1129
f 1102//1102 1130//1130 1129//1129
f 1102//1102 1103//1103 1130//1130
f 1103//1103 1131//1131 1130//1130
f 1103//1103 1104//1104 1131//1131
f 1104//1104 1132//1132 1131//1131
f 1104//1104 1105//1105 1132//1132
f 1105//1105 1133//1133 1132//1132
f 1105//1105 1106//1106 1133//1133
f 1106//1106 1134//1134 1133//1133
f 1106//1106 1107//1107 1134//1134
f 1107//1107 1135//1135 1134//1134
f 1107//1107 1108//1108 1135//1135
f 1108//1108 1136//1136 1135//1135
f 1108//1108 1109//1109 1136//1136
f 1109//1109 1137//1137 1136//1136
f 1109//1109 1110//1110 1137//1137
f 1110//1110 1138//1138 1137//1137
f 1110//1110 1111//1111 1138//1138
f 1111//1111 1139//1139 1138//1138
f 1111//1111 1112//1112 1139//1139
f 1112//1112 1140//1140 1139//1139
f 1112//1112 1113//1113 1140//1140
f 1113//1113 1141//1141 1140//1140
f 1113//1113 1114//1114 1141//1141
f 1114//1114 1142//1142 1141//1141
f 1114//1114 1115//1115 1142//1142
f 1115//1115 1143//1143 1142//1142
f 1115//1115 1116//1116 1143//1143
f 1116//1116 1144//1144 1143//1143
f 1116//1116 1117//1117 1144//1144
f 1117//1117 1145//1145 1144//1144
f 1117//1117 1118//1118 1145//1145
f 1118//1118 1146//1146 1145//1145
f 1118//1118 1119//1119 1146//1146
f 1119//1119 1147//1147 1146//1146
f 1119//1119 1120//1120 1147//1147
f 1120//1120 1148//1148 1147//1147
f 1120//1120 1093//1093 1148//1148
f 1093//1093 1121//1121 1148//1148
f 1121//1121 1122//1122 1149//1149
f 1122//1122 1150//1150 1149//1149
f 1122//1122 1123//1123 1150//1150
f 1123//1123 1151//1151 1150//1150
f 1123//1123 1124//1124 1151//1151
f 1124//1124 1152//1152 1151//1151
f 1124//1124 1125//1125 1152//1152
f 1125//1125 1153//1153 1152//1152
f 1125//1125 1126//1126 1153//1153
f 1126//1126 1154//1154 1153//1153
f 1126//1126 1127//1127 1154//1154
f 1127//1127 1155//1155 1154//1154
f 1127//1127 1128//1128 1155//1155
f 1128//1128 1156//1156 1155//1155
f 1128//1128 1129//1129 1156//1156
f 1129//1129 1157//1157 1156//1156
f 1129//1129 1130//1130 1157//1157
f 1130//1130 1158//1158 1157//1157
f 1130//1130 1131//1131 1158//1158
f 1131//1131 1159//1159 1158//1158
f 1131//1131 1132//1132 1159//1159
f 1132//1132 1160//1160 1159//1159
f 1132//1132 1133//1133 1160//1160
f 1133//1133 1161//1161 1160//1160
f 1133//1133 1134//1134 1161//1161
f 1134//1134 1162//1162 1161//1161
f 1134//1134 1135//1135 1162//1162
f 1135//1135 1163//1163 1162//1162
f 1135//1135 1136//1136 1163//1163
f 1136//1136 1164//1164 1163//1163
f 1136//1136 1137//1137 1164//1164
f 1137//1137 1165//1165 1164//1164
f 1137//1137 1138//1138 1165//1165
f 1138//1138 1166//1166 1165//1165
f 1138//1138 1139//1139 1166//1166
f 1139//1139 1167//1167 1166//1166
f 1139//1139 1140//1140 1167//1167
f 1140//1140 1168//1168 1167//1167
f 1140//1140 1141//1141 1168//1168
f 1141//1141 1169//1169 1168//1168
f 1141//1141 1142//1142 1169//1169
f 1142//1142 1170//1170 1169//1169
f 1142//1142 1143//1143 1170//1170
f 1143//1143 1171//1171 1170//1170
f 1143//1143 1144//1144 1171//1171
f 1144//1144 1172//1172 1171//1171
f 1144//1144 1145//1145 1172//1172
f 1145//1145 1173//1173 1172//1172
f 1145//1145 1146//1146 1173//1173
f 1146//1146 1174//1174 1173//1173
f 1146//1146 1147//1147 1174//1174
f 1147//1147 1175//1175 1174//1174
f 1147//1147 1148//1148 1175//1175
f 1148//1148 1176//1176 1175//1175
f 1148//1148 1121//1121 1176//1176
f 1121//1121 1149//1149 1176//1176
f 1149//1149 1150//1150 1177//1177
f 1150//1150 1178//1178 1177//1177
f 1150//1150 1151//1151 1178//1178
f 1151//1151 1179//1179 1178//1178
f 1151//1151 1152//1152 1179//1179
f 1152//1152 1180//1180 1179//1179
f 1152//1152 1153//1153 1180//1180
f 1153//1153 1181//1181 1180//1180
f 1153//1153 1154//1154 1181//1181
f 1154//1154 1182//1182 1181//1181
f 1154//1154 1155//1155 1182//1182
f 1155//1155 1183//1183 1182//1182
f 1155//1155 1156//1156 1183//1183
f 1156//1156 1184//1184 1183//1183
f 1156//1156 1157//1157 1184//1184
f 1157//1157 1185//1185 1184//1184
f 1157//1157 1158//1158 1185//1185
f 1158//1158 1186//1186 1185//1185
f 1158//1158 1159//1159 1186//1186
f 1159//1159 1187//1187 1186//1186
f 1159//1159 1160//1160 1187//1187
f 1160//1160 1188//1188 1187//1187
f 1160//1160 1161//1161 1188//1188
f 1161//1161 1189//1189 1188//1188
f 1161//1161 1162//1162 1189//1189
f 1162//1162 1190//1190 1189//1189
f 1162//1162 1163//1163 1190//1190
f 1163//1163 1191//1191 1190//1190
f 1163//1163 1164//1164 1191//1191
f 1164//1164 1192//1192 1191//1191
f 1164//1164 1165//1165 1192//1192
f 1165//1165 1193//1193 1192//1192
f 1165//1165 1166//1166 1193//1193
f 1166//1166 1194//1194 1193//1193
f 1166//1166 1167//1167 1194//1194
f 1167//1167 1195//1195 1194//1194
f 1167//1167 1168//1168 1195//1195
f 1168//1168 1196//1196 1195//1195
f 1168//1168 1169//1169 1196//1196
f 1169//1169 1197//1197 1196//1196
f 1169//1169 1170//1170 1197//1197
f 1170//1170 1198//1198 1197//1197
f 1170//1170 1171//1171 1198//1198
f 1171//1171 1199//1199 1198//1198
f 1171//1171 1172//1172 1199//1199
f 1172//1172 1200//1200 1199//1199
f 1172//1172 1173//1173 1200//1200
f 1173//1173 1201//1201 1200//1200
f 1173//1173 1174//1174 1201//1201
f 1174//1174 1202//1202 1201//1201
f 1174//1174 1175//1175 1202//1202
f 1175//1175 1203//1203 1202//1202
f 1175//1175 1176//1176 1203//1203
f 1176//1176 1204//1204 1203//1203
f 1176//1176 1149//1149 1204//1204
f 1149//1149 1177//1177 1204//1204
f 1177//1177 1178//1178 1205//1205
f 1178//1178 1206//1206 1205//1205
f 1178//1178 1179//1179 1206//1206
f 1179//1179 1207//1207 1206//1206
f 1179//1179 1180//1180 1207//1207
f 1180//1180 1208//1208 1207//1207
f 1180//1180 1181//1181 1208//1208
f 1181//1181 1209//1209 1208//1208
f 1181//1181 1182//1182 1209//1209
f 1182//1182 1210//1210 1209//1209
f 1182//1182 1183//1183 1210//1210
f 1183//1183 1211//1211 1210//1210
f 1183//1183 1184//1184 1211//1211
f 1184//1184 1212//1212 1211//1211
f 1184//1184 1185//1185 1212//1212
f 1185//1185 1213//1213 1212//1212
f 1185//1185 1186//1186 1213//1213
f 1186//1186 1214//1214 1213//1213
f 1186//1186 1187//1187 1214//1214
f 1187//1187 1215//1215 1214//1214
f 1187//1187 1188//1188 1215//1215
f 1188//1188 1216//1216 1215//1215
f 1188//1188 1189//1189 1216//1216
f 1189//1189 1217//1217 1216//1216
f 1189//1189 1190//1190 1217//1217
f 1190//1190 1218//1218 1217//1217
f 1190//1190 1191//1191 1218//1218
f 1191//1191 1219//1219 1218//1218
f 1191//1191 1192//1192 1219//1219
f 1192//1192 1220//1220 1219//1219
f 1192//1192 1193//1193 1220//1220
f 1193//1193 1221//1221 1220//1220
f 1193//1193 1194//1194 1221//1221
f 1194//1194 1222//1222 1221//1221
f 1194//1194 1195//1195 1222//1222
f 1195//1195 1223//1223 1222//1222
f 1195//1195 1196//1196 1223//1223
f 1196//1196 1224//1224 1223//1223
f 1196//1196 1197//1197 1224//1224
f 1197//1197 1225//1225 1224//1224
f 1197//1197 1198//1198 1225//1225
f 1198//1198 1226//1226 1225//1225
f 1198//1198 1199//1199 1226//1226
f 1199//1199 1227//1227 1226//1226
f 1199//1199 1200//1200 1227//1227
f 1200//1200 1228//1228 1227//1227
f 1200//1200 1201//1201 1228//1228
f 1201//1201 1229//1229 1228//1228
f 1201//1201 1202//1202 1229//1229
f 1202//1202 1230//1230 1229//1229
f 1202//1202 1203//1203 1230//1230
f 1203//1203 1231//1231 1230//1230
f 1203//1203 1204//1204 1231//1231
f 1204//1204 1232//1232 1231//1231
f 1204//1204 1177//1177 1232//1232
f 1177//1177 1205//1205 1232//1232
f 1205//1205 1206//1206 1233//1233
f 1206//1206 1234//1234 1233//1233
f 1206//1206 1207//1207 1234//1234
f 1207//1207 1235//1235 1234//1234
f 1207//1207 1208//1208 1235//1235
f 1208//1208 1236//1236 1235//1235
f 1208//1208 1209//1209 1236//1236
f 1209//1209 1237//1237 1236//1236
f 1209//1209 1210//1210 1237//1237
f 1210//1210 1238//1238 1237//1237
f 1210//1210 1211//1211 1238//1238
f 1211//1211 1239//1239 1238//1238
f 1211//1211 1212//1212 1239//1239
f 1212//1212 1240//1240 1239//1239
f 1212//1212 1213//1213 1240//1240
f 1213//1213 1241//1241 1240//1240
f 1213//1213 1214//1214 1241//1241
f 1214//1214 1242//1242 1241//1241
f 1214//1214 1215//1215 1242//1242
f 1215//1215 1243//1243 1242//1242
f 1215//1215 1216//1216 1243//1243
f 1216//1216 1244//1244 1243//1243
f 1216//1216 1217//1217 1244//1244
f 1217//1217 1245//1245 1244//1244
f 1217//1217 1218//1218 1245//1245
f 1218//1218 1246//1246 1245//1245
f 1218//1218 1219//1219 1246//1246
f 1219//1219 1247//1247 1246//1246
f 1219//1219 1220//1220 1247//1247
f 1220//1220 1248//1248 1247//1247
f 1220//1220 1221//1221 1248//1248
f 1221//1221 1249//1249 1248//1248
f 1221//1221 1222//1222 1249//1249
f 1222//1222 1250//1250 1249//1249
f 1222//1222 1223//1223 1250//1250
f 1223//1223 1251//1251 1250//1250
f 1223//1223 1224//1224 1251//1251
f 1224//1224 1252//1252 1251//1251
f 1224//1224 1225//1225 1252//1252
f 1225//1225 1253//1253 1252//1252
f 1225//1225 1226//1226 1253//1253
f 1226//1226 1254//1254 1253//1253
f 1226//1226 1227//1227 1254//1254
f 1227//1227 1255//1255 1254//1254
f 1227//1227 1228//1228 1255//1255
f 1228//1228 1256//1256 1255//1255
f 1228//1228 1229//1229 1256//1256
f 1229//1229 1257//1257 1256//1256
f 1229//1229 1230//1230 1257//1257
f 1230//1230 1258//1258 1257//1257
f 1230//1230 1231//1231 1258//1258
f 1231//1231 1259//1259 1258//1258
f 1231//1231 1232//1232 1259//1259
f 1232//1232 1260//1260 1259//1259
f 1232//1232 1205//1205 1260//1260
f 1205//1205 1233//1233 1260//1260
f 1233//1233 1234//1234 1261//1261
f 1234//1234 1262//1262 1261//1261
f 1234//1234 1235//1235 1262//1262
f 1235//1235 1263//1263 1262//1262
f 1235//1235 1236//1236 1263//1263
f 1236//1236 1264//1264 1263//1263
f 1236//1236 1237//1237 1264//1264
f 1237//1237 1265//1265 1264//1264
f 1237//1237 1238//1238 1265//1265
f 1238//1238 1266//1266 1265//1265
f 1238//1238 1239//1239 1266//1266
f 1239//1239 1267//1267 1266//1266
f 1239//1239 1240//1240 1267//1267
f 1240//1240 1268//1268 1267//1267
f 1240//1240 1241//1241 1268//1268
f 1241//1241 1269//1269 1268//1268
f 1241//1241 1242//1242 1269//1269
f 1242//1242 1270//1270 1269//1269
f 1242//1242 1243//1243 1270//1270
f 1243//1243 1271//1271 1270//1270
f 1243//1243 1244//1244 1271//1271
f 1244//1244 1272//1272 1271//1271
f 1244//1244 1245//1245 1272//1272
f 1245//1245 1273//1273 1272//1272
f 1245//1245 1246//1246 1273//1273
f 1246//1246 1274//1274 1273//1273
f 1246//1246 1247//1247 1274//1274
f 1247//1247 1275//1275 1274//1274
f 1247//1247 1248//1248 1275//1275
f 1248//1248 1276//1276 1275//1275
f 1248//1248 1249//1249 1276//1276
f 1249//1249 1277//1277 1276//1276
f 1249//1249 1250//1250 1277//1277
f 1250//1250 1278//1278 1277//1277
f 1250//1250 1251//1251 1278//1278
f 1251//1251 1279//1279 1278//1278
f 1251//1251 1252//1252 1279//1279
f 1252//1252 1280//1280 1279//1279
f 1252//1252 1253//1253 1280//1280
f 1253//1253 1281//1281 1280//1280
f 1253//1253 1254//1254 1281//1281
f 1254//1254 1282//1282 1281//1281
f 1254//1254 1255//1255 1282//1282
f 1255//1255 1283//1283 1282//1282
f 1255//1255 1256//1256 1283//1283
f 1256//1256 1284//1284 1283//1283
f 1256//1256 1257//1257 1284//1284
f 1257//1257 1285//1285 1284//1284
f 1257//1257 1258//1258 1285//1285
f 1258//1258 1286//1286 1285//1285
f 1258//1258 1259//1259 1286//1286
f 1259//1259 1287//1287 1286//1286
f 1259//1259 1260//1260 1287//1287
f 1260//1260 1288//1288 1287//1287
f 1260//1260 1233//1233 1288//1288
f 1233//1233 1261//1261 1288//1288
f 1261//1261 1262//1262 1289//1289
f 1262//1262 1290//1290 1289//1289
f 1262//1262 1263//1263 1290//1290
f 1263//1263 1291//1291 1290//1290
f 1263//1263 1264//1264 1291//1291
f 1264//1264 1292//1292 1291//1291
f 1264//1264 1265//1265 1292//1292
f 1265//1265 1293//1293 1292//1292
f 1265//1265 1266//1266 1293//1293
f 1266//1266 1294//1294 1293//1293
f 1266//1266 1267//1267 1294//1294
f 1267//1267 1295//1295 1294//1294
f 1267//1267 1268//1268 1295//1295
f 1268//1268 1296//1296 1295//1295
f 1268//1268 1269//1269 1296//1296
f 1269//1269 1297//1297 1296//1296
f 1269//1269 1270//1270 1297//1297
f 1270//1270 1298//1298 1297//1297
f 1270//1270 1271//1271 1298//1298
f 1271//1271 1299//1299 1298//1298
f 1271//1271 1272//1272 1299//1299
f 1272//1272 1300//1300 1299//1299
f 1272//1272 1273//1273 1300//1300
f 1273//1273 1301//1301 1300//1300
f 1273//1273 1274//1274 1301//1301
f 1274//1274 1302//1302 1301//1301
f 1274//1274 1275//1275 1302//1302
f 1275//1275 1303//1303 1302//1302
f 1275//1275 1276//1276 1303//1303
f 1276//1276 1304//1304 1303//1303
f 1276//1276 1277//1277 1304//1304
f 1277//1277 1305//1305 1304//1304
f 1277//1277 1278//1278 1305//1305
f 1278//1278 1306//1306 1305//1305
f 1278//1278 1279//1279 1306//1306
f 1279//1279 1307//1307 1306//1306
f 1279//1279 1280//1280 1307//1307
f 1280//1280 1308//1308 1307//1307
f 1280//1280 1281//1281 1308//1308
f 1281//1281 1309//1309 1308//1308
f 1281//1281 1282//1282 1309//1309
f 1282//1282 1310//1310 1309//1309
f 1282//1282 1283//1283 1310//1310
f 1283//1283 1311//1311 1310//1310
f 1283//1283 1284//1284 1311//1311
f 1284//1284 1312//1312 1311//1311
f 1284//1284 1285//1285 1312//1312
f 1285//1285 1313//1313 1312//1312
f 1285//1285 1286//1286 1313//1313
f 1286//1286 1314//1314 1313//1313
f 1286//1286 1287//1287 1314//1314
f 1287//1287 1315//1315 1314//1314
f 1287//1287 1288//1288 1315//1315
f 1288//1288 1316//1316 1315//1315
f 1288//1288 1261//1261 1316//1316
f 1261//1261 1289//1289 1316//1316
f 1289//1289 1290//1290 1317//1317
f 1290//1290 1318//1318 1317//1317
f 1290//1290 1291//1291 1318//1318
f 1291//1291 1319//1319 1318//1318
f 1291//1291 1292//1292 1319//1319
f 1292//1292 1320//1320 1319//1319
f 1292//1292 1293//1293 1320//1320
f 1293//1293 1321//1321 1320//1320
f 1293//1293 1294//1294 1321//1321
f 1294//1294 1322//1322 1321//1321
f 1294//1294 1295//1295 1322//1322
f 1295//1295 1323//1323 1322//1322
f 1295//1295 1296//1296 1323//1323
f 1296//1296 1324//1324 1323//1323
f 1296//1296 1297//1297 1324//1324
f 1297//1297 1325//1325 1324//1324
f 1297//1297 1298//1298 1325//1325
f 1298//1298 1326//1326 1325//1325
f 1298//1298 1299//1299 1326//1326
f 1299//1299 1327//1327 1326//1326
f 1299//1299 1300//1300 1327//1327
f 1300//1300 1328//1328 1327//1327
f 1300//1300 1301//1301 1328//1328
f 1301//1301 1329//1329 1328//1328
f 1301//1301 1302//1302 1329//1329
f 1302//1302 1330//1330 1329//1329
f 1302//1302 1303//1303 1330//1330
f 1303//1303 1331//1331 1330//1330
f 1303//1303 1304//1304 1331//1331
f 1304//1304 1332//1332 1331//1331
f 1304//1304 1305//1305 1332//1332
f 1305//1305 1333//1333 1332//1332
f 1305//1305 1306//1306 1333//1333
f 1306//1306 1334//1334 1333//1333
f 1306//1306 1307//1307 1334//1334
f 1307//1307 1335//1335 1334//1334
f 1307//1307 1308//1308 1335//1335
f 1308//1308 1336//1336 1335//1335
f 1308//1308 1309//1309 1336//1336
f 1309//1309 1337//1337 1336//1336
f 1309//1309 1310//1310 1337//1337
f 1310//1310 1338//1338 1337//1337
f 1310//1310 1311//1311 1338//1338
f 1311//1311 1339//1339 1338//1338
f 1311//1311 1312//1312 1339//1339
f 1312//1312 1340//1340 1339//1339
f 1312//1312 1313//1313 1340//1340
f 1313//1313 1341//1341 1340//1340
f 1313//1313 1314//1314 1341//1341
f 1314//1314 1342//1342 1341//1341
f 1314//1314 1315//1315 1342//1342
f 1315//1315 1343//1343 1342//1342
f 1315//1315 1316//1316 1343//1343
f 1316//1316 1344//1344 1343//1343
f 1316//1316 1289//1289 1344//1344
f 1289//1289 1317//1317 1344//1344
f 1317//1317 1318//1318 1345//1345
f 1318//1318 1346//1346 1345//1345
f 1318//1318 1319//1319 1346//1346
f 1319//1319 1347//1347 1346//1346
f 1319//1319 1320//1320 1347//1347
f 1320//1320 1348//1348 1347//1347
f 1320//1320 1321//1321 1348//1348
f 1321//1321 1349//1349 1348//1348
f 1321//1321 1322//1322 1349//1349
f 1322//1322 1350//1350 1349//1349
f 1322//1322 1323//1323 1350//1350
f 1323//1323 1351//1351 1350//1350
f 1323//1323 1324//1324 1351//1351
f 1324//1324 1352//1352 1351//1351
f 1324//1324 1325//1325 1352//1352
f 1325//1325 1353//1353 1352//1352
f 1325//1325 1326//1326 1353//1353
f 1326//1326 1354//1354 1353//1353
f 1326//1326 1327//1327 1354//1354
f 1327//1327 1355//1355 1354//1354
f 1327//1327 1328//1328 1355//1355
f 1328//1328 1356//1356 1355//1355
f 1328//1328 1329//1329 1356//1356
f 1329//1329 1357//1357 1356//1356
f 1329//1329 1330//1330 1357//1357
f 1330//1330 1358//1358 1357//1357
f 1330//1330 1331//1331 1358//1358
f 1331//1331 1359//1359 1358//1358
f 1331//1331 1332//1332 1359//1359
f 1332//1332 1360//1360 1359//1359
f 1332//1332 1333//1333 1360//1360
f 1333//1333 1361//1361 1360//1360
f 1333//1333 1334//1334 1361//1361
f 1334//1334 1362//1362 1361//1361
f 1334//1334 1335//1335 1362//1362
f 1335//1335 1363//1363 1362//1362
f 1335//1335 1336//1336 1363//1363
f 1336//1336 1364//1364 1363//1363
f 1336//1336 1337//1337 1364//1364
f 1337//1337 1365//1365 1364//1364
f 1337//1337 1338//1338 1365//1365
f 1338//1338 1366//1366 1365//1365
f 1338//1338 1339//1339 1366//1366
f 1339//1339 1367//1367 1366//1366
f 1339//1339 1340//1340 1367//1367
f 1340//1340 1368//1368 1367//1367
f 1340//1340 1341//1341 1368//1368
f 1341//1341 1369//1369 1368//1368
f 1341//1341 1342//1342 1369//1369
f 1342//1342 1370//1370 1369//1369
f 1342//1342 1343//1343 1370//1370
f 1343//1343 1371//1371 1370//1370
f 1343//1343 1344//1344 1371//1371
f 1344//1344 1372//1372 1371//1371
f 1344//1344 1317//1317 1372//1372
f 1317//1317 1345//1345 1372//1372
f 1345//1345 1346//1346 1373//1373
f 1346//1346 1374//1374 1373//1373
f 1346//1346 1347//1347 1374//1374
f 1347//1347 1375//1375 1374//1374
f 1347//1347 1348//1348 1375//1375
f 1348//1348 1376//1376 1375//1375
f 1348//1348 1349//1349 1376//1376
f 1349//1349 1377//1377 1376//1376
f 1349//1349 1350//1350 1377//1377
f 1350//1350 1378//1378 1377//1377
f 1350//1350 1351//1351 1378//1378
f 1351//1351 1379//1379 1378//1378
f 1351//1351 1352//1352 1379//1379
f 1352//1352 1380//1380 1379//1379
f 1352//1352 1353//1353 1380//1380
f 1353//1353 1381//1381 1380//1380
f 1353//1353 1354//1354 1381//1381
f 1354//1354 1382//1382 1381//1381
f 1354//1354 1355//1355 1382//1382
f 1355//1355 1383//1383 1382//1382
f 1355//1355 1356//1356 1383//1383
f 1356//1356 1384//1384 1383//1383
f 1356//1356 1357//1357 1384//1384
f 1357//1357 1385//1385 1384//1384
f 1357//1357 1358//1358 1385//1385
f 1358//1358 1386//1386 1385//1385
f 1358//1358 1359//1359 1386//1386
f 1359//1359 1387//1387 1386//1386
f 1359//1359 1360//1360 1387//1387
f 1360//1360 1388//1388 1387//1387
f 1360//1360 1361//1361 1388//1388
f 1361//1361 1389//1389 1388//1388
f 1361//1361 1362//1362 1389//1389
f 1362//1362 1390//1390 1389//1389
f 1362//1362 1363//1363 1390//1390
f 1363//1363 1391//1391 1390//1390
f 1363//1363 1364//1364 1391//1391
f 1364//1364 1392//1392 1391//1391
f 1364//1364 1365//1365 1392//1392
f 1365//1365 1393//1393 1392//1392
f 1365//1365 1366//1366 1393//1393
f 1366//1366 1394//1394 1393//1393
f 1366//1366 1367//1367 1394//1394
f 1367//1367 1395//1395 1394//1394
f 1367//1367 1368//1368 1395//1395
f 1368//1368 1396//1396 1395//1395
f 1368//1368 1369//1369 1396//1396
f 1369//1369 1397//1397 1396//1396
f 1369//1369 1370//1370 1397//1397
f 1370//1370 1398//1398 1397//1397
f 1370//1370 1371//1371 1398//1398
f 1371//1371 1399//1399 1398//1398
f 1371//1371 1372//1372 1399//1399
f 1372//1372 1400//1400 1399//1399
f 1372//1372 1345//1345 1400//1400
f 1345//1345 1373//1373 1400//1400
f 1373//1373 1374//1374 1401//1401
f 1374//1374 1402//1402 1401//1401
f 1374//1374 1375//1375 1402//1402
f 1375//1375 1403//1403 1402//1402
f 1375//1375 1376//1376 1403//1403
f 1376//1376 1404//1404 1403//1403
f 1376//1376 1377//1377 1404//1404
f 1377//1377 1405//1405 1404//1404
f 1377//1377 1378//1378 1405//1405
f 1378//1378 1406//1406 1405//1405
f 1378//1378 1379//1379 1406//1406
f 1379//1379 1407//1407 1406//1406
f 1379//1379 1380//1380 1407//1407
f 1380//1380 1408//1408 1407//1407
f 1380//1380 1381//1381 1408//1408
f 1381//1381 1409//1409 1408//1408
f 1381//1381 1382//1382 1409//1409
f 1382//1382 1410//1410 1409//1409
f 1382//1382 1383//1383 1410//1410
f 1383//1383 1411//1411 1410//1410
f 1383//1383 1384//1384 1411//1411
f 1384//1384 1412//1412 1411//1411
f 1384//1384 1385//1385 1412//1412
f 1385//1385 1413//1413 1412//1412
f 1385//1385 1386//1386 1413//1413
f 1386//1386 1414//1414 1413//1413
f 1386//1386 1387//1387 1414//1414
f 1387//1387 1415//1415 1414//1414
f 1387//1387 1388//1388 1415//1415
f 1388//1388 1416//1416 1415//1415
f 1388//1388 1389//1389 1416//1416
f 1389//1389 1417//1417 1416//1416
f 1389//1389 1390//1390 1417//1417
f 1390//1390 1418//1418 1417//1417
f 1390//1390 1391//1391 1418//1418
f 1391//1391 1419//1419 1418//1418
f 1391//1391 1392//1392 1419//1419
f 1392//1392 1420//1420 1419//1419
f 1392//1392 1393//1393 1420//1420
f 1393//1393 1421//1421 1420//1420
f 1393//1393 1394//1394 1421//1421
f 1394//1394 1422//1422 1421//1421
f 1394//1394 1395//1395 1422//1422
f 1395//1395 1423//1423 1422//1422
f 1395//1395 1396//1396 1423//1423
f 1396//1396 1424//1424 1423//1423
f 1396//1396 1397//1397 1424//1424
f 1397//1397 1425//1425 1424//1424
f 1397//1397 1398//1398 1425//1425
f 1398//1398 1426//1426 1425//1425
f 1398//1398 1399//1399 1426//1426
f 1399//1399 1427//1427 1426//1426
f 1399//1399 1400//1400 1427//1427
f 1400//1400 1428//1428 1427//1427
f 1400//1400 1373//1373 1428//1428
f 1373//1373 1401//1401 1428//1428
f 1401//1401 1402//1402 1429//1429
f 1402//1402 1430//1430 1429//1429
f 1402//1402 1403//1403 1430//1430
f 1403//1403 1431//1431 1430//1430
f 1403//1403 1404//1404 1431//1431
f 1404//1404 1432//1432 1431//1431
f 1404//1404 1405//1405 1432//1432
f 1405//1405 1433//1433 1432//1432
f 1405//1405 1406//1406 1433//1433
f 1406//1406 1434//1434 1433//1433
f 1406//1406 1407//1407 1434//1434
f 1407//1407 1435//1435 1434//1434
f 1407//1407 1408//1408 1435//1435
f 1408//1408 1436//1436 1435//1435
f 1408//1408 1409//1409 1436//1436
f 1409//1409 1437//1437 1436//1436
f 1409//1409 1410//1410 1437//1437
f 1410//1410 1438//1438 1437//1437
f 1410//1410 1411//1411 1438//1438
f 1411//1411 1439//1439 1438//1438
f 1411//1411 1412//1412 1439//1439
f 1412//1412 1440//1440 1439//1439
f 1412//1412 1413//1413 1440//1440
f 1413//1413 1441//1441 1440//1440
f 1413//1413 1414//1414 1441//1441
f 1414//1414 1442//1442 1441//1441
f 1414//1414 1415//1415 1442//1442
f 1415//1415 1443//1443 1442//1442
f 1415//1415 1416//1416 1443//1443
f 1416//1416 1444//1444 1443//1443
f 1416//1416 1417//1417 1444//1444
f 1417//1417 1445//1445 1444//1444
f 1417//1417 1418//1418 1445//1445
f 1418//1418 1446//1446 1445//1445
f 1418//1418 1419//1419 1446//1446
f 1419//1419 1447//1447 1446//1446
f 1419//1419 1420//1420 1447//1447
f 1420//1420 1448//1448 1447//1447
f 1420//1420 1421//1421 1448//1448
f 1421//1421 1449//1449 1448//1448
f 1421//1421 1422//1422 1449//1449
f 1422//1422 1450//1450 1449//1449
f 1422//1422 1423//1423 1450//1450
f 1423//1423 1451//1451 1450//1450
f 1423//1423 1424//1424 1451//1451
f 1424//1424 1452//1452 1451//1451
f 1424//1424 1425//1425 1452//1452
f 1425//1425 1453//1453 1452//1452
f 1425//1425 1426//1426 1453//1453
f 1426//1426 1454//1454 1453//1453
f 1426//1426 1427//1427 1454//1454
f 1427//1427 1455//1455 1454//1454
f 1427//1427 1428//1428 1455//1455
f 1428//1428 1456//1456 1455//1455
f 1428//1428 1401//1401 1456//1456
f 1401//1401 1429//1429 1456//1456
f 1429//1429 1430//1430 1457//1457
f 1430//1430 1458//1458 1457//1457
f 1430//1430 1431//1431 1458//1458
f 1431//1431 1459//1459 1458//1458
f 1431//1431 1432//1432 1459//1459
f 1432//1432 1460//1460 1459//1459
f 1432//1432 1433//1433 1460//1460
f 1433//1433 1461//1461 1460//1460
f 1433//1433 1434//1434 1461//1461
f 1434//1434 1462//1462 1461//1461
f 1434//1434 1435//1435 1462//1462
f 1435//1435 1463//1463 1462//1462
f 1435//1435 1436//1436 1463//1463
f 1436//1436 1464//1464 1463//1463
f 1436//1436 1437//1437 1464//1464
f 1437//1437 1465//1465 1464//1464
f 1437//1437 1438//1438 1465//1465
f 1438//1438 1466//1466 1465//1465
f 1438//1438 1439//1439 1466//1466
f 1439//1439 1467//1467 1466//1466
f 1439//1439 1440//1440 1467//1467
f 1440//1440 1468//1468 1467//1467
f 1440//1440 1441//1441 1468//1468
f 1441//1441 1469//1469 1468//1468
f 1441//1441 1442//1442 1469//1469
f 1442//1442 1470//1470 1469//1469
f 1442//1442 1443//1443 1470//1470
f 1443//1443 1471//1471 1470//1470
f 1443//1443 1444//1444 1471//1471
f 1444//1444 1472//1472 1471//1471
f 1444//1444 1445//1445 1472//1472
f 1445//1445 1473//1473 1472//1472
f 1445//1445 1446//1446 1473//1473
f 1446//1446 1474//1474 1473//1473
f 1446//1446 1447//1447 1474//1474
f 1447//1447 1475//1475 1474//1474
f 1447//1447 1448//1448 1475//1475
f 1448//1448 1476//1476 1475//1475
f 1448//1448 1449//1449 1476//1476
f 1449//1449 1477//1477 1476//1476
f 1449//1449 1450//1450 1477//1477
f 1450//1450 1478//1478 1477//1477
f 1450//1450 1451//1451 1478//1478
f 1451//1451 1479//1479 1478//1478
f 1451//1451 1452//1452 1479//1479
f 1452//1452 1480//1480 1479//1479
f 1452//1452 1453//1453 1480//1480
f 1453//1453 1481//1481 1480//1480
f 1453//1453 1454//1454 1481//1481
f 1454//1454 1482//1482 1481//1481
f 1454//1454 1455//1455 1482//1482
f 1455//1455 1483//1483 1482//1482
f 1455//1455 1456//1456 1483//1483
f 1456//1456 1484//1484 1483//1483
f 1456//1456 1429//1429 1484//1484
f 1429//1429 1457//1457 1484//1484
f 1457//1457 1458//1458 1485//1485
f 1458//1458 1486//1486 1485//1485
f 1458//1458 1459//1459 1486//1486
f 1459//1459 1487//1487 1486//1486
f 1459//1459 1460//1460 1487//1487
f 1460//1460 1488//1488 1487//1487
f 1460//1460 1461//1461 1488//1488
f 1461//1461 1489//1489 1488//1488
f 1461//1461 1462//1462 1489//1489
f 1462//1462 1490//1490 1489//1489
f 1462//1462 1463//1463 1490//1490
f 1463//1463 1491//1491 1490//1490
f 1463//1463 1464//1464 1491//1491
f 1464//1464 1492//1492 1491//1491
f 1464//1464 1465//1465 1492//1492
f 1465//1465 1493//1493 1492//1492
f 1465//1465 1466//1466 1493//1493
f 1466//1466 1494//1494 1493//1493
f 1466//1466 1467//1467 1494//1494
f 1467//1467 1495//1495 1494//1494
f 1467//1467 1468//1468 1495//1495
f 1468//1468 1496//1496 1495//1495
f 1468//1468 1469//1469 1496//1496
f 1469//1469 1497//1497 1496//1496
f 1469//1469 1470//1470 1497//1497
f 1470//1470 1498//1498 1497//1497
f 1470//1470 1471//1471 1498//1498
f 1471//1471 1499//1499 1498//1498
f 1471//1471 1472//1472 1499//1499
f 1472//1472 1500//1500 1499//1499
f 1472//1472 1473//1473 1500//1500
f 1473//1473 1501//1501 1500//1500
f 1473//1473 1474//1474 1501//1501
f 1474//1474 1502//1502 1501//1501
f 1474//1474 1475//1475 1502//1502
f 1475//1475 1503//1503 1502//1502
f 1475//1475 1476//1476 1503//1503
f 1476//1476 1504//1504 1503//1503
f 1476//1476 1477//1477 1504//1504
f 1477//1477 1505//1505 1504//1504
f 1477//1477 1478//1478 1505//1505
f 1478//1478 1506//1506 1505//1505
f 1478//1478 1479//1479 1506//1506
f 1479//1479 1507//1507 1506//1506
f 1479//1479 1480//1480 1507//1507
f 1480//1480 1508//1508 1507//1507
f 1480//1480 1481//1481 1508//1508
f 1481//1481 1509//1509 1508//1508
f 1481//1481 1482//1482 1509//1509
f 1482//1482 1510//1510 1509//1509
f 1482//1482 1483//1483 1510//1510
f 1483//1483 1511//1511 1510//1510
f 1483//1483 1484//1484 1511//1511
f 1484//1484 1512//1512 1511//1511
f 1484//1484 1457//1457 1512//1512
f 1457//1457 1485//1485 1512//1512
f 1485//1485 1486//1486 1513//1513
f 1486//1486 1514//1514 1513//1513
f 1486//1486 1487//1487 1514//1514
f 1487//1487 1515//1515 1514//1514
f 1487//1487 1488//1488 1515//1515
f 1488//1488 1516//1516 1515//1515
f 1488//1488 1489//1489 1516//1516
f 1489//1489 1517//1517 1516//1516
f 1489//1489 1490//1490 1517//1517
f 1490//1490 1518//1518 1517//1517
f 1490//1490 1491//1491 1518//1518
f 1491//1491 1519//1519 1518//1518
f 1491//1491 1492//1492 1519//1519
f 1492//1492 1520//1520 1519//1519
f 1492//1492 1493//1493 1520//1520
f 1493//1493 1521//1521 1520//1520
f 1493//1493 1494//1494 1521//1521
f 1494//1494 1522//1522 1521//1521
f 1494//1494 1495//1495 1522//1522
f 1495//1495 1523//1523 1522//1522
f 1495//1495 1496//1496 1523//1523
f 1496//1496 1524//1524 1523//1523
f 1496//1496 1497//1497 1524//1524
f 1497//1497 1525//1525 1524//1524
f 1497//1497 1498//1498 1525//1525
f 1498//1498 1526//1526 1525//1525
f 1498//1498 1499//1499 1526//1526
f 1499//1499 1527//1527 1526//1526
f 1499//1499 1500//1500 1527//1527
f 1500//1500 1528//1528 1527//1527
f 1500//1500 1501//1501 1528//1528
f 1501//1501 1529//1529 1528//1528
f 1501//1501 1502//1502 1529//1529
f 1502//1502 1530//1530 1529//1529
f 1502//1502 1503//1503 1530//1530
f 1503//1503 1531//1531 1530//1530
f 1503//1503 1504//1504 1531//1531
f 1504//1504 1532//1532 1531//1531
f 1504//1504 1505//1505 1532//1532
f 1505//1505 1533//1533 1532//1532
f 1505//1505 1506//1506 1533//1533
f 1506//1506 1534//1534 1533//1533
f 1506//1506 1507//1507 1534//1534
f 1507//1507 1535//1535 1534//1534
f 1507//1507 1508//1508 1535//1535
f 1508//1508 1536//1536 1535//1535
f 1508//1508 1509//1509 1536//1536
f 1509//1509 1537//1537 1536//1536
f 1509//1509 1510//1510 1537//1537
f 1510//1510 1538//1538 1537//1537
f 1510//1510 1511//1511 1538//1538
f 1511//1511 1539//1539 1538//1538
f 1511//1511 1512//1512 1539//1539
f 1512//1512 1540//1540 1539//1539
f 1512//1512 1485//1485 1540//1540
f 1485//1485 1513//1513 1540//1540
f 1513//1513 1514//1514 1541//1541
f 1514//1514 1542//1542 1541//1541
f 1514//1514 1515//1515 1542//1542
f 1515//1515 1543//1543 1542//1542
f 1515//1515 1516//1516 1543//1543
f 1516//1516 1544//1544 1543//1543
f 1516//1516 1517//1517 1544//1544
f 1517//1517 1545//1545 1544//1544
f 1517//1517 1518//1518 1545//1545
f 1518//1518 1546//1546 1545//1545
f 1518//1518 1519//1519 1546//1546
f 1519//1519 1547//1547 1546//1546
f 1519//1519 1520//1520 1547//1547
f 1520//1520 1548//1548 1547//1547
f 1520//1520 1521//1521 1548//1548
f 1521//1521 1549//1549 1548//1548
f 1521//1521 1522//1522 1549//1549
f 1522//1522 1550//1550 1549//1549
f 1522//1522 1523//1523 1550//1550
f 1523//1523 1551//1551 1550//1550
f 1523//1523 1524//1524 1551//1551
f 1524//1524 1552//1552 1551//1551
f 1524//1524 1525//1525 1552//1552
f 1525//1525 1553//1553 1552//1552
f 1525//1525 1526//1526 1553//1553
f 1526//1526 1554//1554 1553//1553
f 1526//1526 1527//1527 1554//1554
f 1527//1527 1555//1555 1554//1554
f 1527//1527 1528//1528 1555//1555
f 1528//1528 1556//1556 1555//1555
f 1528//1528 1529//1529 1556//1556
f 1529//1529 1557//1557 1556//1556
f 1529//1529 1530//1530 1557//1557
f 1530//1530 1558//1558 1557//1557
f 1530//1530 1531//1531 1558//1558
f 1531//1531 1559//1559 1558//1558
f 1531//1531 1532//1532 1559//1559
f 1532//1532 1560//1560 1559//1559
f 1532//1532 1533//1533 1560//1560
f 1533//1533 1561//1561 1560//1560
f 1533//1533 1534//1534 1561//1561
f 1534//1534 1562//1562 1561//1561
f 1534//1534 1535//1535 1562//1562
f 1535//1535 1563//1563 1562//1562
f 1535//1535 1536//1536 1563//1563
f 1536//1536 1564//1564 1563//1563
f 1536//1536 1537//1537 1564//1564
f 1537//1537 1565//1565 1564//1564
f 1537//1537 1538//1538 1565//1565
f 1538//1538 1566//1566 1565//1565
f 1538//1538 1539//1539 1566//1566
f 1539//1539 1567//1567 1566//1566
f 1539//1539 1540//1540 1567//1567
f 1540//1540 1568//1568 1567//1567
f 1540//1540 1513//1513 1568//1568
f 1513//1513 1541//1541 1568//1568
f 1541//1541 1542//1542 1569//1569
f 1542//1542 1570//1570 1569//1569
f 1542//1542 1543//1543 1570//1570
f 1543//1543 1571//1571 1570//1570
f 1543//1543 1544//1544 1571//1571
f 1544//1544 1572//1572 1571//1571
f 1544//1544 1545//1545 1572//1572
f 1545//1545 1573//1573 1572//1572
f 1545//1545 1546//1546 1573//1573
f 1546//1546 1574//1574 1573//1573
f 1546//1546 1547//1547 1574//1574
f 1547//1547 1575//1575 1574//1574
f 1547//1547 1548//1548 1575//1575
f 1548//1548 1576//1576 1575//1575
f 1548//1548 1549//1549 1576//1576
f 1549//1549 1577//1577 1576//1576
f 1549//1549 1550//1550 1577//1577
f 1550//1550 1578//1578 1577//1577
f 1550//1550 1551//1551 1578//1578
f 1551//1551 1579//1579 1578//1578
f 1551//1551 1552//1552 1579//1579
f 1552//1552 1580//1580 1579//1579
f 1552//1552 1553//1553 1580//1580
f 1553//1553 1581//1581 1580//1580
f 1553//1553 1554//1554 1581//1581
f 1554//1554 1582//1582 1581//1581
f 1554//1554 1555//1555 1582//1582
f 1555//1555 1583//1583 1582//1582
f 1555//1555 1556//1556 1583//1583
f 1556//1556 1584//1584 1583//1583
f 1556//1556 1557//1557 1584//1584
f 1557//1557 1585//1585 1584//1584
f 1557//1557 1558//1558 1585//1585
f 1558//1558 1586//1586 1585//1585
f 1558//1558 1559//1559 1586//1586
f 1559//1559 1587//1587 1586//1586
f 1559//1559 1560//1560 1587//1587
f 1560//1560 1588//1588 1587//1587
f 1560//1560 1561//1561 1588//1588
f 1561//1561 1589//1589 1588//1588
f 1561//1561 1562//1562 1589//1589
f 1562//1562 1590//1590 1589//1589
f 1562//1562 1563//1563 1590//1590
f 1563//1563 1591//1591 1590//1590
f 1563//1563 1564//1564 1591//1591
f 1564//1564 1592//1592 1591//1591
f 1564//1564 1565//1565 1592//1592
f 1565//1565 1593//1593 1592//1592
f 1565//1565 1566//1566 1593//1593
f 1566//1566 1594//1594 1593//1593
f 1566//1566 1567//1567 1594//1594
f 1567//1567 1595//1595 1594//1594
f 1567//1567 1568//1568 1595//1595
f 1568//1568 1596//1596 1595//1595
f 1568//1568 1541//1541 1596//1596
f 1541//1541 1569//1569 1596//1596
f 1569//1569 1570//1570 1597//1597
f 1570//1570 1598//1598 1597//1597
f 1570//1570 1571//1571 1598//1598
f 1571//1571 1599//1599 1598//1598
f 1571//1571 1572//1572 1599//1599
f 1572//1572 1600//1600 1599//1599
f 1572//1572 1573//1573 1600//1600
f 1573//1573 1601//1601 1600//1600
f 1573//1573 1574//1574 1601//1601
f 1574//1574 1602//1602 1601//1601
f 1574//1574 1575//1575 1602//1602
f 1575//1575 1603//1603 1602//1602
f 1575//1575 1576//1576 1603//1603
f 1576//1576 1604//1604 1603//1603
f 1576//1576 1577//1577 1604//1604
f 1577//1577 1605//1605 1604//1604
f 1577//1577 1578//1578 1605//1605
f 1578//1578 1606//1606 1605//1605
f 1578//1578 1579//1579 1606//1606
f 1579//1579 1607//1607 1606//1606
f 1579//1579 1580//1580 1607//1607
f 1580//1580 1608//1608 1607//1607
f 1580//1580 1581//1581 1608//1608
f 1581//1581 1609//1609 1608//1608
f 1581//1581 1582//1582 1609//1609
f 1582//1582 1610//1610 1609//1609
f 1582//1582 1583//1583 1610//1610
f 1583//1583 1611//1611 1610//1610
f 1583//1583 1584//1584 1611//1611
f 1584//1584 1612//1612 1611//1611
f 1584//1584 1585//1585 1612//1612
f 1585//1585 1613//1613 1612//1612
f 1585//1585 1586//1586 1613//1613
f 1586//1586 1614//1614 1613//1613
f 1586//1586 1587//1587 1614//1614
f 1587//1587 1615//1615 1614//1614
f 1587//1587 1588//1588 1615//1615
f 1588//1588 1616//1616 1615//1615
f 1588//1588 1589//1589 1616//1616
f 1589//1589 1617//1617 1616//1616
f 1589//1589 1590//1590 1617//1617
f 1590//1590 1618//1618 1617//1617
f 1590//1590 1591//1591 1618//1618
f 1591//1591 1619//1619 1618//1618
f 1591//1591 1592//1592 1619//1619
f 1592//1592 1620//1620 1619//1619
f 1592//1592 1593//1593 1620//1620
f 1593//1593 1621//1621 1620//1620
f 1593//1593 1594//1594 1621//1621
f 1594//1594 1622//1622 1621//1621
f 1594//1594 1595//1595 1622//1622
f 1595//1595 1623//1623 1622//1622
f 1595//1595 1596//1596 1623//1623
f 1596//1596 1624//1624 1623//1623
f 1596//1596 1569//1569 1624//1624
f 1569//1569 1597//1597 1624//1624
f 1597//1597 1598//1598 1625//1625
f 1598//1598 1626//1626 1625//1625
f 1598//1598 1599//1599 1626//1626
f 1599//1599 1627//1627 1626//1626
f 1599//1599 1600//1600 1627//1627
f 1600//1600 1628//1628 1627//1627
f 1600//1600 1601//1601 1628//1628
f 1601//1601 1629//1629 1628//1628
f 1601//1601 1602//1602 1629//1629
f 1602//1602 1630//1630 1629//1629
f 1602//1602 1603//1603 1630//1630
f 1603//1603 1631//1631 1630//1630
f 1603//1603 1604//1604 1631//1631
f 1604//1604 1632//1632 1631//1631
f 1604//1604 1605//1605 1632//1632
f 1605//1605 1633//1633 1632//1632
f 1605//1605 1606//1606 1633//1633
f 1606//1606 1634//1634 1633//1633
f 1606//1606 1607//1607 1634//1634
f 1607//1607 1635//1635 1634//1634
f 1607//1607 1608//1608 1635//1635
f 1608//1608 1636//1636 1635//1635
f 1608//1608 1609//1609 1636//1636
f 1609//1609 1637//1637 1636//1636
f 1609//1609 1610//1610 1637//1637
f 1610//1610 1638//1638 1637//1637
f 1610//1610 1611//1611 1638//1638
f 1611//1611 1639//1639 1638//1638
f 1611//1611 1612//1612 1639//1639
f 1612//1612 1640//1640 1639//1639
f 1612//1612 1613//1613 1640//1640
f 1613//1613 1641//1641 1640//1640
f 1613//1613 1614//1614 1641//1641
f 1614//1614 1642//1642 1641//1641
f 1614//1614 1615//1615 1642//1642
f 1615//1615 1643//1643 1642//1642
f 1615//1615 1616//1616 1643//1643
f 1616//1616 1644//1644 1643//1643
f 1616//1616 1617//1617 1644//1644
f 1617//1617 1645//1645 1644//1644
f 1617//1617 1618//1618 1645//1645
f 1618//1618 1646//1646 1645//1645
f 1618//1618 1619//1619 1646//1646
f 1619//1619 1647//1647 1646//1646
f 1619//1619 1620//1620 1647//1647
f 1620//1620 1648//1648 1647//1647
f 1620//1620 1621//1621 1648//1648
f 1621//1621 1649//1649 1648//1648
f 1621//1621 1622//1622 1649//1649
f 1622//1622 1650//1650 1649//1649
f 1622//1622 1623//1623 1650//1650
f 1623//1623 1651//1651 1650//1650
f 1623//1623 1624//1624 1651//1651
f 1624//1624 1652//1652 1651//1651
f 1624//1624 1597//1597 1652//1652
f 1597//1597 1625//1625 1652//1652
f 1625//1625 1626//1626 1653//1653
f 1626//1626 1654//1654 1653//1653
f 1626//1626 1627//1627 1654//1654
f 1627//1627 1655//1655 1654//1654
f 1627//1627 1628//1628 1655//1655
f 1628//1628 1656//1656 1655//1655
f 1628//1628 1629//1629 1656//1656
f 1629//1629 1657//1657 1656//1656
f 1629//1629 1630//1630 1657//1657
f 1630//1630 1658//1658 1657//1657
f 1630//1630 1631//1631 1658//1658
f 1631//1631 1659//1659 1658//1658
f 1631//1631 1632//1632 1659//1659
f 1632//1632 1660//1660 1659//1659
f 1632//1632 1633//1633 1660//1660
f 1633//1633 1661//1661 1660//1660
f 1633//1633 1634//1634 1661//1661
f 1634//1634 1662//1662 1661//1661
f 1634//1634 1635//1635 1662//1662
f 1635//1635 1663//1663 1662//1662
f 1635//1635 1636//1636 1663//1663
f 1636//1636 1664//1664 1663//1663
f 1636//1636 1637//1637 1664//1664
f 1637//1637 1665//1665 1664//1664
f 1637//1637 1638//1638 1665//1665
f 1638//1638 1666//1666 1665//1665
f 1638//1638 1639//1639 1666//1666
f 1639//1639 1667//1667 1666//1666
f 1639//1639 1640//1640 1667//1667
f 1640//1640 1668//1668 1667//1667
f 1640//1640 1641//1641 1668//1668
f 1641//1641 1669//1669 1668//1668
f 1641//1641 1642//1642 1669//1669
f 1642//1642 1670//1670 1669//1669
f 1642//1642 1643//1643 1670//1670
f 1643//1643 1671//1671 1670//1670
f 1643//1643 1644//1644 1671//1671
f 1644//1644 1672//1672 1671//1671
f 1644//1644 1645//1645 1672//1672
f 1645//1645 1673//1673 1672//1672
f 1645//1645 1646//1646 1673//1673
f 1646//1646 1674//1674 1673//1673
f 1646//1646 1647//1647 1674//1674
f 1647//1647 1675//1675 1674//1674
f 1647//1647 1648//1648 1675//1675
f 1648//1648 1676//1676 1675//1675
f 1648//1648 1649//1649 1676//1676
f 1649//1649 1677//1677 1676//1676
f 1649//1649 1650//1650 1677//1677
f 1650//1650 1678//1678 1677//1677
f 1650//1650 1651//1651 1678//1678
f 1651//1651 1679//1679 1678//1678
f 1651//1651 1652//1652 1679//1679
f 1652//1652 1680//1680 1679//1679
f 1652//1652 1625//1625 1680//1680
f 1625//1625 1653//1653 1680//1680
f 1653//1653 1654//1654 1681//1681
f 1654//1654 1682//1682 1681//1681
f 1654//1654 1655//1655 1682//1682
f 1655//1655 1683//1683 1682//1682
f 1655//1655 1656//1656 1683//1683
f 1656//1656 1684//1684 1683//1683
f 1656//1656 1657//1657 1684//1684
f 1657//1657 1685//1685 1684//1684
f 1657//1657 1658//1658 1685//1685
f 1658//1658 1686//1686 1685//1685
f 1658//1658 1659//1659 1686//1686
f 1659//1659 1687//1687 1686//1686
f 1659//1659 1660//1660 1687//1687
f 1660//1660 1688//1688 1687//1687
f 1660//1660 1661//1661 1688//1688
f 1661//1661 1689//1689 1688//1688
f 1661//1661 1662//1662 1689//1689
f 1662//1662 1690//1690 1689//1689
f 1662//1662 1663//1663 1690//1690
f 1663//1663 1691//1691 1690//1690
f 1663//1663 1664//1664 1691//1691
f 1664//1664 1692//1692 1691//1691
f 1664//1664 1665//1665 1692//1692
f 1665//1665 1693//1693 1692//1692
f 1665//1665 1666//1666 1693//1693
f 1666//1666 1694//1694 1693//1693
f 1666//1666 1667//1667 1694//1694
f 1667//1667 1695//1695 1694//1694
f 1667//1667 1668//1668 1695//1695
f 1668//1668 1696//1696 1695//1695
f 1668//1668 1669//1669 1696//1696
f 1669//1669 1697//1697 1696//1696
f 1669//1669 1670//1670 1697//1697
f 1670//1670 1698//1698 1697//1697
f 1670//1670 1671//1671 1698//1698
f 1671//1671 1699//1699 1698//1698
f 1671//1671 1672//1672 1699//1699
f 1672//1672 1700//1700 1699//1699
f 1672//1672 1673//1673 1700//1700
f 1673//1673 1701//1701 1700//1700
f 1673//1673 1674//1674 1701//1701
f 1674//1674 1702//1702 1701//1701
f 1674//1674 1675//1675 1702//1702
f 1675//1675 1703//1703 1702//1702
f 1675//1675 1676//1676 1703//1703
f 1676//1676 1704//1704 1703//1703
f 1676//1676 1677//1677 1704//1704
f 1677//1677 1705//1705 1704//1704
f 1677//1677 1678//1678 1705//1705
f 1678//1678 1706//1706 1705//1705
f 1678//1678 1679//1679 1706//1706
f 1679//1679 1707//1707 1706//1706
f 1679//1679 1680//1680 1707//1707
f 1680//1680 1708//1708 1707//1707
f 1680//1680 1653//1653 1708//1708
f 1653//1653 1681//1681 1708//1708
f 1681//1681 1682//1682 1709//1709
f 1682//1682 1710//1710 1709//1709
f 1682//1682 1683//1683 1710//1710
f 1683//1683 1711//1711 1710//1710
f 1683//1683 1684//1684 1711//1711
f 1684//1684 1712//1712 1711//1711
f 1684//1684 1685//1685 1712//1712
f 1685//1685 1713//1713 1712//1712
f 1685//1685 1686//1686 1713//1713
f 1686//1686 1714//1714 1713//1713
f 1686//1686 1687//1687 1714//1714
f 1687//1687 1715//1715 1714//1714
f 1687//1687 1688//1688 1715//1715
f 1688//1688 1716//1716 1715//1715
f 1688//1688 1689//1689 1716//1716
f 1689//1689 1717//1717 1716//1716
f 1689//1689 1690//1690 1717//1717
f 1690//1690 1718//1718 1717//1717
f 1690//1690 1691//1691 1718//1718
f 1691//1691 1719//1719 1718//1718
f 1691//1691 1692//1692 1719//1719
f 1692//1692 1720//1720 1719//1719
f 1692//1692 1693//1693 1720//1720
f 1693//1693 1721//1721 1720//1720
f 1693//1693 1694//1694 1721//1721
f 1694//1694 1722//1722 1721//1721
f 1694//1694 1695//1695 1722//1722
f 1695//1695 1723//1723 1722//1722
f 1695//1695 1696//1696 1723//1723
f 1696//1696 1724//1724 1723//1723
f 1696//1696 1697//1697 1724//1724
f 1697//1697 1725//1725 1724//1724
f 1697//1697 1698//1698 1725//1725
f 1698//1698 1726//1726 1725//1725
f 1698//1698 1699//1699 1726//1726
f 1699//1699 1727//1727 1726//1726
f 1699//1699 1700//1700 1727//1727
f 1700//1700 1728//1728 1727//1727
f 1700//1700 1701//1701 1728//1728
f 1701//1701 1729//1729 1728//1728
f 1701//1701 1702//1702 1729//1729
f 1702//1702 1730//1730 1729//1729
f 1702//1702 1703//1703 1730//1730
f 1703//1703 1731//1731 1730//1730
f 1703//1703 1704//1704 1731//1731
f 1704//1704 1732//1732 1731//1731
f 1704//1704 1705//1705 1732//1732
f 1705//1705 1733//1733 1732//1732
f 1705//1705 1706//1706 1733//1733
f 1706//1706 1734//1734 1733//1733
f 1706//1706 1707//1707 1734//1734
f 1707//1707 1735//1735 1734//1734
f 1707//1707 1708//1708 1735//1735
f 1708//1708 1736//1736 1735//1735
f 1708//1708 1681//1681 1736//1736
f 1681//1681 1709//1709 1736//1736
f 1709//1709 1710//1710 1737//1737
f 1710//1710 1738//1738 1737//1737
f 1710//1710 1711//1711 1738//1738
f 1711//1711 1739//1739 1738//1738
f 1711//1711 1712//1712 1739//1739
f 1712//1712 1740//1740 1739//1739
f 1712//1712 1713//1713 1740//1740
f 1713//1713 1741//1741 1740//1740
f 1713//1713 1714//1714 1741//1741
f 1714//1714 1742//1742 1741//1741
f 1714//1714 1715//1715 1742//1742
f 1715//1715 1743//1743 1742//1742
f 1715//1715 1716//1716 1743//1743
f 1716//1716 1744//1744 1743//1743
f 1716//1716 1717//1717 1744//1744
f 1717//1717 1745//1745 1744//1744
f 1717//1717 1718//1718 1745//1745
f 1718//1718 1746//1746 1745//1745
f 1718//1718 1719//1719 1746//1746
f 1719//1719 1747//1747 1746//1746
f 1719//1719 1720//1720 1747//1747
f 1720//1720 1748//1748 1747//1747
f 1720//1720 1721//1721 1748//1748
f 1721//1721 1749//1749 1748//1748
f 1721//1721 1722//1722 1749//1749
f 1722//1722 1750//1750 1749//1749
f 1722//1722 1723//1723 1750//1750
f 1723//1723 1751//1751 1750//1750
f 1723//1723 1724//1724 1751//1751
f 1724//1724 1752//1752 1751//1751
f 1724//1724 1725//1725 1752//1752
f 1725//1725 1753//1753 1752//1752
f 1725//1725 1726//1726 1753//1753
f 1726//1726 1754//1754 1753//1753
f 1726//1726 1727//1727 1754//1754
f 1727//1727 1755//1755 1754//1754
f 1727//1727 1728//1728 1755//1755
f 1728//1728 1756//1756 1755//1755
f 1728//1728 1729//1729 1756//1756
f 1729//1729 1757//1757 1756//1756
f 1729//1729 1730//1730 1757//1757
f 1730//1730 1758//1758 1757//1757
f 1730//1730 1731//1731 1758//1758
f 1731//1731 1759//1759 1758//1758
f 1731//1731 1732//1732 1759//1759
f 1732//1732 1760//1760 1759//1759
f 1732//1732 1733//1733 1760//1760
f 1733//1733 1761//1761 1760//1760
f 1733//1733 1734//1734 1761//1761
f 1734//1734 1762//1762 1761//1761
f 1734//1734 1735//1735 1762//1762
f 1735//1735 1763//1763 1762//1762
f 1735//1735 1736//1736 1763//1763
f 1736//1736 1764//1764 1763//1763
f 1736//1736 1709//1709 1764//1764
f 1709//1709 1737//1737 1764//1764
f 1737//1737 1738//1738 1765//1765
f 1738//1738 1766//1766 1765//1765
f 1738//1738 1739//1739 1766//1766
f 1739//1739 1767//1767 1766//1766
f 1739//1739 1740//1740 1767//1767
f 1740//1740 1768//1768 1767//1767
f 1740//1740 1741//1741 1768//1768
f 1741//1741 1769//1769 1768//1768
f 1741//1741 1742//1742 1769//1769
f 1742//1742 1770//1770 1769//1769
f 1742//1742 1743//1743 1770//1770
f 1743//1743 1771//1771 1770//1770
f 1743//1743 1744//1744 1771//1771
f 1744//1744 1772//1772 1771//1771
f 1744//1744 1745//1745 1772//1772
f 1745//1745 1773//1773 1772//1772
f 1745//1745 1746//1746 1773//1773
f 1746//1746 1774//1774 1773//1773
f 1746//1746 1747//1747 1774//1774
f 1747//1747 1775//1775 1774//1774
f 1747//1747 1748//1748 1775//1775
f 1748//1748 1776//1776 1775//1775
f 1748//1748 1749//1749 1776//1776
f 1749//1749 1777//1777 1776//1776
f 1749//1749 1750//1750 1777//1777
f 1750//1750 1778//1778 1777//1777
f 1750//1750 1751//1751 1778//1778
f 1751//1751 1779//1779 1778//1778
f 1751//1751 1752//1752 1779//1779
f 1752//1752 1780//1780 1779//1779
f 1752//1752 1753//1753 1780//1780
f 1753//1753 1781//1781 1780//1780
f 1753//1753 1754//1754 1781//1781
f 1754//1754 1782//1782 1781//1781
f 1754//1754 1755//1755 1782//1782
f 1755//1755 1783//1783 1782//1782
f 1755//1755 1756//1756 1783//1783
f 1756//1756 1784//1784 1783//1783
f 1756//1756 1757//1757 1784//1784
f 1757//1757 1785//1785 1784//1784
f 1757//1757 1758//1758 1785//1785
f 1758//1758 1786//1786 1785//1785
f 1758//1758 1759//1759 1786//1786
f 1759//1759 1787//1787 1786//1786
f 1759//1759 1760//1760 1787//1787
f 1760//1760 1788//1788 1787//1787
f 1760//1760 1761//1761 1788//1788
f 1761//1761 1789//1789 1788//1788
f 1761//1761 1762//1762 1789//1789
f 1762//1762 1790//1790 1789//1789
f 1762//1762 1763//1763 1790//1790
f 1763//1763 1791//1791 1790//1790
f 1763//1763 1764//1764 1791//1791
f 1764//1764 1792//1792 1791//1791
f 1764//1764 1737//1737 1792//1792
f 1737//1737 1765//1765 1792//1792
f 1765//1765 1766//1766 1793//1793
f 1766//1766 1794//1794 1793//1793
f 1766//1766 1767//1767 1794//1794
f 1767//1767 1795//1795 1794//1794
f 1767//1767 1768//1768 1795//1795
f 1768//1768 1796//1796 1795//1795
f 1768//1768 1769//1769 1796//1796
f 1769//1769 1797//1797 1796//1796
f 1769//1769 1770//1770 1797//1797
f 1770//1770 1798//1798 1797//1797
f 1770//1770 1771//1771 1798//1798
f 1771//1771 1799//1799 1798//1798
f 1771//1771 1772//1772 1799//1799
f 1772//1772 1800//1800 1799//1799
f 1772//1772 1773//1773 1800//1800
f 1773//1773 1801//1801 1800//1800
f 1773//1773 1774//1774 1801//1801
f 1774//1774 1802//1802 1801//1801
f 1774//1774 1775//1775 1802//1802
f 1775//1775 1803//1803 1802//1802
f 1775//1775 1776//1776 1803//1803
f 1776//1776 1804//1804 1803//1803
f 1776//1776 1777//1777 1804//1804
f 1777//1777 1805//1805 1804//1804
f 1777//1777 1778//1778 1805//1805
f 1778//1778 1806//1806 1805//1805
f 1778//1778 1779//1779 1806//1806
f 1779//1779 1807//1807 1806//1806
f 1779//1779 1780//1780 1807//1807
f 1780//1780 1808//1808 1807//1807
f 1780//1780 1781//1781 1808//1808
f 1781//1781 1809//1809 1808//1808
f 1781//1781 1782//1782 1809//1809
f 1782//1782 1810//1810 1809//1809
f 1782//1782 1783//1783 1810//1810
f 1783//1783 1811//1811 1810//1810
f 1783//1783 1784//1784 1811//1811
f 1784//1784 1812//1812 1811//1811
f 1784//1784 1785//1785 1812//1812
f 1785//1785 1813//1813 1812//1812
f 1785//1785 1786//1786 1813//1813
f 1786//1786 1814//1814 1813//1813
f 1786//1786 1787//1787 1814//1814
f 1787//1787 1815//1815 1814//1814
f 1787//1787 1788//1788 1815//1815
f 1788//1788 1816//1816 1815//1815
f 1788//1788 1789//1789 1816//1816
f 1789//1789 1817//1817 1816//1816
f 1789//1789 1790//1790 1817//1817
f 1790//1790 1818//1818 1817//1817
f 1790//1790 1791//1791 1818//1818
f 1791//1791 1819//1819 1818//1818
f 1791//1791 1792//1792 1819//1819
f 1792//1792 1820//1820 1819//1819
f 1792//1792 1765//1765 1820//1820
f 1765//1765 1793//1793 1820//1820
f 1793//1793 1794//1794 1821//1821
f 1794//1794 1822//1822 1821//1821
f 1794//1794 1795//1795 1822//1822
f 1795//1795 1823//1823 1822//1822
f 1795//1795 1796//1796 1823//1823
f 1796//1796 1824//1824 1823//1823
f 1796//1796 1797//1797 1824//1824
f 1797//1797 1825//1825 1824//1824
f 1797//1797 1798//1798 1825//1825
f 1798//1798 1826//1826 1825//1825
f 1798//1798 1799//1799 1826//1826
f 1799//1799 1827//1827 1826//1826
f 1799//1799 1800//1800 1827//1827
f 1800//1800 1828//1828 1827//1827
f 1800//1800 1801//1801 1828//1828
f 1801//1801 1829//1829 1828//1828
f 1801//1801 1802//1802 1829//1829
f 1802//1802 1830//1830 1829//1829
f 1802//1802 1803//1803 1830//1830
f 1803//1803 1831//1831 1830//1830
f 1803//1803 1804//1804 1831//1831
f 1804//1804 1832//1832 1831//1831
f 1804//1804 1805//1805 1832//1832
f 1805//1805 1833//1833 1832//1832
f 1805//1805 1806//1806 1833//1833
f 1806//1806 1834//1834 1833//1833
f 1806//1806 1807//1807 1834//1834
f 1807//1807 1835//1835 1834//1834
f 1807//1807 1808//1808 1835//1835
f 1808//1808 1836//1836 1835//1835
f 1808//1808 1809//1809 1836//1836
f 1809//1809 1837//1837 1836//1836
f 1809//1809 1810//1810 1837//1837
f 1810//1810 1838//1838 1837//1837
f 1810//1810 1811//1811 1838//1838
f 1811//1811 1839//1839 1838//1838
f 1811//1811 1812//1812 1839//1839
f 1812//1812 1840//1840 1839//1839
f 1812//1812 1813//1813 1840//1840
f 1813//1813 1841//1841 1840//1840
f 1813//1813 1814//1814 1841//1841
f 1814//1814 1842//1842 1841//1841
f 1814//1814 1815//1815 1842//1842
f 1815//1815 1843//1843 1842//1842
f 1815//1815 1816//1816 1843//1843
f 1816//1816 1844//1844 1843//1843
f 1816//1816 1817//1817 1844//1844
f 1817//1817 1845//1845 1844//1844
f 1817//1817 1818//1818 1845//1845
f 1818//1818 1846//1846 1845//1845
f 1818//1818 1819//1819 1846//1846
f 1819//1819 1847//1847 1846//1846
f 1819//1819 1820//1820 1847//1847
f 1820//1820 1848//1848 1847//1847
f 1820//1820 1793//1793 1848//1848
f 1793//1793 1821//1821 1848//1848
f 1821//1821 1822//1822 1849//1849
f 1822//1822 1850//1850 1849//1849
f 1822//1822 1823//1823 1850//1850
f 1823//1823 1851//1851 1850//1850
f 1823//1823 1824//1824 1851//1851
f 1824//1824 1852//1852 1851//1851
f 1824//1824 1825//1825 1852//1852
f 1825//1825 1853//1853 1852//1852
f 1825//1825 1826//1826 1853//1853
f 1826//1826 1854//1854 1853//1853
f 1826//1826 1827//1827 1854//1854
f 1827//1827 1855//1855 1854//1854
f 1827//1827 1828//1828 1855//1855
f 1828//1828 1856//1856 1855//1855
f 1828//1828 1829//1829 1856//1856
f 1829//1829 1857//1857 1856//1856
f 1829//1829 1830//1830 1857//1857
f 1830//1830 1858//1858 1857//1857
f 1830//1830 1831//1831 1858//1858
f 1831//1831 1859//1859 1858//1858
f 1831//1831 1832//1832 1859//1859
f 1832//1832 1860//1860 1859//1859
f 1832//1832 1833//1833 1860//1860
f 1833//1833 1861//1861 1860//1860
f 1833//1833 1834//1834 1861//1861
f 1834//1834 1862//1862 1861//1861
f 1834//1834 1835//1835 1862//1862
f 1835//1835 1863//1863 1862//1862
f 1835//1835 1836//1836 1863//1863
f 1836//1836 1864//1864 1863//1863
f 1836//1836 1837//1837 1864//1864
f 1837//1837 1865//1865 1864//1864
f 1837//1837 1838//1838 1865//1865
f 1838//1838 1866//1866 1865//1865
f 1838//1838 1839//1839 1866//1866
f 1839//1839 1867//1867 1866//1866
f 1839//1839 1840//1840 1867//1867
f 1840//1840 1868//1868 1867//1867
f 1840//1840 1841//1841 1868//1868
f 1841//1841 1869//1869 1868//1868
f 1841//1841 1842//1842 1869//1869
f 1842//1842 1870//1870 1869//1869
f 1842//1842 1843//1843 1870//1870
f 1843//1843 1871//1871 1870//1870
f 1843//1843 1844//1844 1871//1871
f 1844//1844 1872//1872 1871//1871
f 1844//1844 1845//1845 1872//1872
f 1845//1845 1873//1873 1872//1872
f 1845//1845 1846//1846 1873//1873
f 1846//1846 1874//1874 1873//1873
f 1846//1846 1847//1847 1874//1874
f 1847//1847 1875//1875 1874//1874
f 1847//1847 1848//1848 1875//1875
f 1848//1848 1876//1876 1875//1875
f 1848//1848 1821//1821 1876//1876
f 1821//1821 1849//1849 1876//1876
f 1849//1849 1850//1850 1877//1877
f 1850//1850 1878//1878 1877//1877
f 1850//1850 1851//1851 1878//1878
f 1851//1851 1879//1879 1878//1878
f 1851//1851 1852//1852 1879//1879
f 1852//1852 1880//1880 1879//1879
f 1852//1852 1853//1853 1880//1880
f 1853//1853 1881//1881 1880//1880
f 1853//1853 1854//1854 1881//1881
f 1854//1854 1882//1882 1881//1881
f 1854//1854 1855//1855 1882//1882
f 1855//1855 1883//1883 1882//1882
f 1855//1855 1856//1856 1883//1883
f 1856//1856 1884//1884 1883//1883
f 1856//1856 1857//1857 1884//1884
f 1857//1857 1885//1885 1884//1884
f 1857//1857 1858//1858 1885//1885
f 1858//1858 1886//1886 1885//1885
f 1858//1858 1859//1859 1886//1886
f 1859//1859 1887//1887 1886//1886
f 1859//1859 1860//1860 1887//1887
f 1860//1860 1888//1888 1887//1887
f 1860//1860 1861//1861 1888//1888
f 1861//1861 1889//1889 1888//1888
f 1861//1861 1862//1862 1889//1889
f 1862//1862 1890//1890 1889//1889
f 1862//1862 1863//1863 1890//1890
f 1863//1863 1891//1891 1890//1890
f 1863//1863 1864//1864 1891//1891
f 1864//1864 1892//1892 1891//1891
f 1864//1864 1865//1865 1892//1892
f 1865//1865 1893//1893 1892//1892
f 1865//1865 1866//1866 1893//1893
f 1866//1866 1894//1894 1893//1893
f 1866//1866 1867//1867 1894//1894
f 1867//1867 1895//1895 1894//1894
f 1867//1867 1868//1868 1895//1895
f 1868//1868 1896//1896 1895//1895
f 1868//1868 1869//1869 1896//1896
f 1869//1869 1897//1897 1896//1896
f 1869//1869 1870//1870 1897//1897
f 1870//1870 1898//1898 1897//1897
f 1870//1870 1871//1871 1898//1898
f 1871//1871 1899//1899 1898//1898
f 1871//1871 1872//1872 1899//1899
f 1872//1872 1900//1900 1899//1899
f 1872//1872 1873//1873 1900//1900
f 1873//1873 1901//1901 1900//1900
f 1873//1873 1874//1874 1901//1901
f 1874//1874 1902//1902 1901//1901
f 1874//1874 1875//1875 1902//1902
f 1875//1875 1903//1903 1902//1902
f 1875//1875 1876//1876 1903//1903
f 1876//1876 1904//1904 1903//1903
f 1876//1876 1849//1849 1904//1904
f 1849//1849 1877//1877 1904//1904
f 1877//1877 1878//1878 1905//1905
f 1878//1878 1906//1906 1905//1905
f 1878//1878 1879//1879 1906//1906
f 1879//1879 1907//1907 1906//1906
f 1879//1879 1880//1880 1907//1907
f 1880//1880 1908//1908 1907//1907
f 1880//1880 1881//1881 1908//1908
f 1881//1881 1909//1909 1908//1908
f 1881//1881 1882//1882 1909//1909
f 1882//1882 1910//1910 1909//1909
f 1882//1882 1883//1883 1910//1910
f 1883//1883 1911//1911 1910//1910
f 1883//1883 1884//1884 1911//1911
f 1884//1884 1912//1912 1911//1911
f 1884//1884 1885//1885 1912//1912
f 1885//1885 1913//1913 1912//1912
f 1885//1885 1886//1886 1913//1913
f 1886//1886 1914//1914 1913//1913
f 1886//1886 1887//1887 1914//1914
f 1887//1887 1915//1915 1914//1914
f 1887//1887 1888//1888 1915//1915
f 1888//1888 1916//1916 1915//1915
f 1888//1888 1889//1889 1916//1916
f 1889//1889 1917//1917 1916//1916
f 1889//1889 1890//1890 1917//1917
f 1890//1890 1918//1918 1917//1917
f 1890//1890 1891//1891 1918//1918
f 1891//1891 1919//1919 1918//1918
f 1891//1891 1892//1892 1919//1919
f 1892//1892 1920//1920 1919//1919
f 1892//1892 1893//1893 1920//1920
f 1893//1893 1921//1921 1920//1920
f 1893//1893 1894//1894 1921//1921
f 1894//1894 1922//1922 1921//1921
f 1894//1894 1895//1895 1922//1922
f 1895//1895 1923//1923 1922//1922
f 1895//1895 1896//1896 1923//1923
f 1896//1896 1924//1924 1923//1923
f 1896//1896 1897//1897 1924//1924
f 1897//1897 1925//1925 1924//1924
f 1897//1897 1898//1898 1925//1925
f 1898//1898 1926//1926 1925//1925
f 1898//1898 1899//1899 1926//1926
f 1899//1899 1927//1927 1926//1926
f 1899//1899 1900//1900 1927//1927
f 1900//1900 1928//1928 1927//1927
f 1900//1900 1901//1901 1928//1928
f 1901//1901 1929//1929 1928//1928
f 1901//1901 1902//1902 1929//1929
f 1902//1902 1930//1930 1929//1929
f 1902//1902 1903//1903 1930//1930
f 1903//1903 1931//1931 1930//1930
f 1903//1903 1904//1904 1931//1931
f 1904//1904 1932//1932 1931//1931
f 1904//1904 1877//1877 1932//1932
f 1877//1877 1905//1905 1932//1932
f 1905//1905 1906//1906 1933//1933
f 1906//1906 1934//1934 1933//1933
f 1906//1906 1907//1907 1934//1934
f 1907//1907 1935//1935 1934//1934
f 1907//1907 1908//1908 1935//1935
f 1908//1908 1936//1936 1935//1935
f 1908//1908 1909//1909 1936//1936
f 1909//1909 1937//1937 1936//1936
f 1909//1909 1910//1910 1937//1937
f 1910//1910 1938//1938 1937//1937
f 1910//1910 1911//1911 1938//1938
f 1911//1911 1939//1939 1938//1938
f 1911//1911 1912//1912 1939//1939
f 1912//1912 1940//1940 1939//1939
f 1912//1912 1913//1913 1940//1940
f 1913//1913 1941//1941 1940//1940
f 1913//1913 1914//1914 1941//1941
f 1914//1914 1942//1942 1941//1941
f 1914//1914 1915//1915 1942//1942
f 1915//1915 1943//1943 1942//1942
f 1915//1915 1916//1916 1943//1943
f 1916//1916 1944//1944 1943//1943
f 1916//1916 1917//1917 1944//1944
f 1917//1917 1945//1945 1944//1944
f 1917//1917 1918//1918 1945//1945
f 1918//1918 1946//1946 1945//1945
f 1918//1918 1919//1919 1946//1946
f 1919//1919 1947//1947 1946//1946
f 1919//1919 1920//1920 1947//1947
f 1920//1920 1948//1948 1947//1947
f 1920//1920 1921//1921 1948//1948
f 1921//1921 1949//1949 1948//1948
f 1921//1921 1922//1922 1949//1949
f 1922//1922 1950//1950 1949//1949
f 1922//1922 1923//1923 1950//1950
f 1923//1923 1951//1951 1950//1950
f 1923//1923 1924//1924 1951//1951
f 1924//1924 1952//1952 1951//1951
f 1924//1924 1925//1925 1952//1952
f 1925//1925 1953//1953 1952//1952
f 1925//1925 1926//1926 1953//1953
f 1926//1926 1954//1954 1953//1953
f 1926//1926 1927//1927 1954//1954
f 1927//1927 1955//1955 1954//1954
f 1927//1927 1928//1928 1955//1955
f 1928//1928 1956//1956 1955//1955
f 1928//1928 1929//1929 1956//1956
f 1929//1929 1957//1957 1956//1956
f 1929//1929 1930//1930 1957//1957
f 1930//1930 1958//1958 1957//1957
f 1930//1930 1931//1931 1958//1958
f 1931//1931 1959//1959 1958//1958
f 1931//1931 1932//1932 1959//1959
f 1932//1932 1960//1960 1959//1959
f 1932//1932 1905//1905 1960//1960
f 1905//1905 1933//1933 1960//1960
f 1933//1933 1934//1934 1961//1961
f 1934//1934 1962//1962 1961//1961
f 1934//1934 1935//1935 1962//1962
f 1935//1935 1963//1963 1962//1962
f 1935//1935 1936//1936 1963//1963
f 1936//1936 1964//1964 1963//1963
f 1936//1936 1937//1937 1964//1964
f 1937//1937 1965//1965 1964//1964
f 1937//1937 1938//1938 1965//1965
f 1938//1938 1966//1966 1965//1965
f 1938//1938 1939//1939 1966//1966
f 1939//1939 1967//1967 1966//1966
f 1939//1939 1940//1940 1967//1967
f 1940//1940 1968//1968 1967//1967
f 1940//1940 1941//1941 1968//1968
f 1941//1941 1969//1969 1968//1968
f 1941//1941 1942//1942 1969//1969
f 1942//1942 1970//1970 1969//1969
f 1942//1942 1943//1943 1970//1970
f 1943//1943 1971//1971 1970//1970
f 1943//1943 1944//1944 1971//1971
f 1944//1944 1972//1972 1971//1971
f 1944//1944 1945//1945 1972//1972
f 1945//1945 1973//1973 1972//1972
f 1945//1945 1946//1946 1973//1973
f 1946//1946 1974//1974 1973//1973
f 1946//1946 1947//1947 1974//1974
f 1947//1947 1975//1975 1974//1974
f 1947//1947 1948//1948 1975//1975
f 1948//1948 1976//1976 1975//1975
f 1948//1948 1949//1949 1976//1976
f 1949//1949 1977//1977 1976//1976
f 1949//1949 1950//1950 1977//1977
f 1950//1950 1978//1978 1977//1977
f 1950//1950 1951//1951 1978//1978
f 1951//1951 1979//1979 1978//1978
f 1951//1951 1952//1952 1979//1979
f 1952//1952 1980//1980 1979//1979
f 1952//1952 1953//1953 1980//1980
f 1953//1953 1981//1981 1980//1980
f 1953//1953 1954//1954 1981//1981
f 1954//1954 1982//1982 1981//1981
f 1954//1954 1955//1955 1982//1982
f 1955//1955 1983//1983 1982//1982
f 1955//1955 1956//1956 1983//1983
f 1956//1956 1984//1984 1983//1983
f 1956//1956 1957//1957 1984//1984
f 1957//1957 1985//1985 1984//1984
f 1957//1957 1958//1958 1985//1985
f 1958//1958 1986//1986 1985//1985
f 1958//1958 1959//1959 1986//1986
f 1959//1959 1987//1987 1986//1986
f 1959//1959 1960//1960 1987//1987
f 1960//1960 1988//1988 1987//1987
f 1960//1960 1933//1933 1988//1988
f 1933//1933 1961//1961 1988//1988
f 1961//1961 1962//1962 1989//1989
f 1962//1962 1990//1990 1989//1989
f 1962//1962 1963//1963 1990//1990
f 1963//1963 1991//1991 1990//1990
f 1963//1963 1964//1964 1991//1991
f 1964//1964 1992//1992 1991//1991
f 1964//1964 1965//1965 1992//1992
f 1965//1965 1993//1993 1992//1992
f 1965//1965 1966//1966 1993//1993
f 1966//1966 1994//1994 1993//1993
f 1966//1966 1967//1967 1994//1994
f 1967//1967 1995//1995 1994//1994
f 1967//1967 1968//1968 1995//1995
f 1968//1968 1996//1996 1995//1995
f 1968//1968 1969//1969 1996//1996
f 1969//1969 1997//1997 1996//1996
f 1969//1969 1970//1970 1997//1997
f 1970//1970 1998//1998 1997//1997
f 1970//1970 1971//1971 1998//1998
f 1971//1971 1999//1999 1998//1998
f 1971//1971 1972//1972 1999//1999
f 1972//1972 2000//2000 1999//1999
f 1972//1972 1973//1973 2000//2000
f 1973//1973 2001//2001 2000//2000
f 1973//1973 1974//1974 2001//2001
f 1974//1974 2002//2002 2001//2001
f 1974//1974 1975//1975 2002//2002
f 1975//1975 2003//2003 2002//2002
f 1975//1975 1976//1976 2003//2003
f 1976//1976 2004//2004 2003//2003
f 1976//1976 1977//1977 2004//2004
f 1977//1977 2005//2005 2004//2004
f 1977//1977 1978//1978 2005//2005
f 1978//1978 2006//2006 2005//2005
f 1978//1978 1979//1979 2006//2006
f 1979//1979 2007//2007 2006//2006
f 1979//1979 1980//1980 2007//2007
f 1980//1980 2008//2008 2007//2007
f 1980//1980 1981//1981 2008//2008
f 1981//1981 2009//2009 2008//2008
f 1981//1981 1982//1982 2009//2009
f 1982//1982 2010//2010 2009//2009
f 1982//1982 1983//1983 2010//2010
f 1983//1983 2011//2011 2010//2010
f 1983//1983 1984//1984 2011//2011
f 1984//1984 2012//2012 2011//2011
f 1984//1984 1985//1985 2012//2012
f 1985//1985 2013//2013 2012//2012
f 1985//1985 1986//1986 2013//2013
f 1986//1986 2014//2014 2013//2013
f 1986//1986 1987//1987 2014//2014
f 1987//1987 2015//2015 2014//2014
f 1987//1987 1988//1988 2015//2015
f 1988//1988 2016//2016 2015//2015
f 1988//1988 1961//1961 2016//2016
f 1961//1961 1989//1989 2016//2016
f 1989//1989 1990//1990 2017//2017
f 1990//1990 2018//2018 2017//2017
f 1990//1990 1991//1991 2018//2018
f 1991//1991 2019//2019 2018//2018
f 1991//1991 1992//1992 2019//2019
f 1992//1992 2020//2020 2019//2019
f 1992//1992 1993//1993 2020//2020
f 1993//1993 2021//2021 2020//2020
f 1993//1993 1994//1994 2021//2021
f 1994//1994 2022//2022 2021//2021
f 1994//1994 1995//1995 2022//2022
f 1995//1995 2023//2023 2022//2022
f 1995//1995 1996//1996 2023//2023
f 1996//1996 2024//2024 2023//2023
f 1996//1996 1997//1997 2024//2024
f 1997//1997 2025//2025 2024//2024
f 1997//1997 1998//1998 2025//2025
f 1998//1998 2026//2026 2025//2025
f 1998//1998 1999//1999 2026//2026
f 1999//1999 2027//2027 2026//2026
f 1999//1999 2000//2000 2027//2027
f 2000//2000 2028//2028 2027//2027
f 2000//2000 2001//2001 2028//2028
f 2001//2001 2029//2029 2028//2028
f 2001//2001 2002//2002 2029//2029
f 2002//2002 2030//2030 2029//2029
f 2002//2002 2003//2003 2030//2030
f 2003//2003 2031//2031 2030//2030
f 2003//2003 2004//2004 2031//2031
f 2004//2004 2032//2032 2031//2031
f 2004//2004 2005//2005 2032//2032
f 2005//2005 2033//2033 2032//2032
f 2005//2005 2006//2006 2033//2033
f 2006//2006 2034//2034 2033//2033
f 2006//2006 2007//2007 2034//2034
f 2007//2007 2035//2035 2034//2034
f 2007//2007 2008//2008 2035//2035
f 2008//2008 2036//2036 2035//2035
f 2008//2008 2009//2009 2036//2036
f 2009//2009 2037//2037 2036//2036
f 2009//2009 2010//2010 2037//2037
f 2010//2010 2038//2038 2037//2037
f 2010//2010 2011//2011 2038//2038
f 2011//2011 2039//2039 2038//2038
f 2011//2011 2012//2012 2039//2039
f 2012//2012 2040//2040 2039//2039
f 2012//2012 2013//2013 2040//2040
f 2013//2013 2041//2041 2040//2040
f 2013//2013 2014//2014 2041//2041
f 2014//2014 2042//2042 2041//2041
f 2014//2014 2015//2015 2042//2042
f 2015//2015 2043//2043 2042//2042
f 2015//2015 2016//2016 2043//2043
f 2016//2016 2044//2044 2043//2043
f 2016//2016 1989//1989 2044//2044
f 1989//1989 2017//2017 2044//2044
f 2045//2045 2//2 1//1
f 2045//2045 3//3 2//2
f 2045//2045 4//4 3//3
f 2045//2045 5//5 4//4
f 2045//2045 6//6 5//5
f 2045//2045 7//7 6//6
f 2045//2045 8//8 7//7
f 2045//2045 9//9 8//8
f 2045//2045 10//10 9//9
f 2045//2045 11//11 10//10
f 2045//2045 12//12 11//11
f 2045//2045 13//13 12//12
f 2045//2045 14//14 13//13
f 2045//2045 15//15 14//14
f 2045//2045 16//16 15//15
f 2045//2045 17//17 16//16
f 2045//2045 18//18 17//17
f 2045//2045 19//19 18//18
f 2045//2045 20//20 19//19
f 2045//2045 21//21 20//20
f 2045//2045 22//22 21//21
f 2045//2045 23//23 22//22
f 2045//2045 24//24 23//23
f 2045//2045 25//25 24//24
f 2045//2045 26//26 25//25
f 2045//2045 27//27 26//26
f 2045//2045 28//28 27//27
f 2045//2045 1//1 28//28
o head
usemtl cute_green
s 1
f 2046//2046 2049//2049 2048//2048
f 2046//2046 2050//2050 2049//2049
f 2046//2046 2051//2051 2050//2050
f 2046//2046 2052//2052 2051//2051
f 2046//2046 2053//2053 2052//2052
f 2046//2046 2054//2054 2053//2053
f 2046//2046 2055//2055 2054//2054
f 2046//2046 2056//2056 2055//2055
f 2046//2046 2057//2057 2056//2056
f 2046//2046 2058//2058 2057//2057
f 2046//2046 2059//2059 2058//2058
f 2046//2046 2060//2060 2059//2059
f 2046//2046 2061//2061 2060//2060
f 2046//2046 2062//2062 2061//2061
f 2046//2046 2063//2063 2062//2062
f 2046//2046 2064//2064 2063//2063
f 2046//2046 2065//2065 2064//2064
f 2046//2046 2066//2066 2065//2065
f 2046//2046 2067//2067 2066//2066
f 2046//2046 2068//2068 2067//2067
f 2046//2046 2069//2069 2068//2068
f 2046//2046 2048//2048 2069//2069
f 2048//2048 2049//2049 2070//2070
f 2049//2049 2071//2071 2070//2070
f 2049//2049 2050//2050 2071//2071
f 2050//2050 2072//2072 2071//2071
f 2050//2050 2051//2051 2072//2072
f 2051//2051 2073//2073 2072//2072
f 2051//2051 2052//2052 2073//2073
f 2052//2052 2074//2074 2073//2073
f 2052//2052 2053//2053 2074//2074
f 2053//2053 2075//2075 2074//2074
f 2053//2053 2054//2054 2075//2075
f 2054//2054 2076//2076 2075//2075
f 2054//2054 2055//2055 2076//2076
f 2055//2055 2077//2077 2076//2076
f 2055//2055 2056//2056 2077//2077
f 2056//2056 2078//2078 2077//2077
f 2056//2056 2057//2057 2078//2078
f 2057//2057 2079//2079 2078//2078
f 2057//2057 2058//2058 2079//2079
f 2058//2058 2080//2080 2079//2079
f 2058//2058 2059//2059 2080//2080
f 2059//2059 2081//2081 2080//2080
f 2059//2059 2060//2060 2081//2081
f 2060//2060 2082//2082 2081//2081
f 2060//2060 2061//2061 2082//2082
f 2061//2061 2083//2083 2082//2082
f 2061//2061 2062//2062 2083//2083
f 2062//2062 2084//2084 2083//2083
f 2062//2062 2063//2063 2084//2084
f 2063//2063 2085//2085 2084//2084
f 2063//2063 2064//2064 2085//2085
f 2064//2064 2086//2086 2085//2085
f 2064//2064 2065//2065 2086//2086
f 2065//2065 2087//2087 2086//2086
f 2065//2065 2066//2066 2087//2087
f 2066//2066 2088//2088 2087//2087
f 2066//2066 2067//2067 2088//2088
f 2067//2067 2089//2089 2088//2088
f 2067//2067 2068//2068 2089//2089
f 2068//2068 2090//2090 2089//2089
f 2068//2068 2069//2069 2090//2090
f 2069//2069 2091//2091 2090//2090
f 2069//2069 2048//2048 2091//2091
f 2048//2048 2070//2070 2091//2091
f 2070//2070 2071//2071 2092//2092
f 2071//2071 2093//2093 2092//2092
f 2071//2071 2072//2072 2093//2093
f 2072//2072 2094//2094 2093//2093
f 2072//2072 2073//2073 2094//2094
f 2073//2073 2095//2095 2094//2094
f 2073//2073 2074//2074 2095//2095
f 2074//2074 2096//2096 2095//2095
f 2074//2074 2075//2075 2096//2096
f 2075//2075 2097//2097 2096//2096
f 2075//2075 2076//2076 2097//2097
f 2076//2076 2098//2098 2097//2097
f 2076//2076 2077//2077 2098//2098
f 2077//2077 2099//2099 2098//2098
f 2077//2077 2078//2078 2099//2099
f 2078//2078 2100//2100 2099//2099
f 2078//2078 2079//2079 2100//2100
f 2079//2079 2101//2101 2100//2100
f 2079//2079 2080//2080 2101//2101
f 2080//2080 2102//2102 2101//2101
f 2080//2080 2081//2081 2102//2102
f 2081//2081 2103//2103 2102//2102
f 2081//2081 2082//2082 2103//2103
f 2082//2082 2104//2104 2103//2103
f 2082//2082 2083//2083 2104//2104
f 2083//2083 2105//2105 2104//2104
f 2083//2083 2084//2084 2105//2105
f 2084//2084 2106//2106 2105//2105
f 2084//2084 2085//2085 2106//2106
f 2085//2085 2107//2107 2106//2106
f 2085//2085 2086//2086 2107//2107
f 2086//2086 2108//2108 2107//2107
f 2086//2086 2087//2087 2108//2108
f 2087//2087 2109//2109 2108//2108
f 2087//2087 2088//2088 2109//2109
f 2088//2088 2110//2110 2109//2109
f 2088//2088 2089//2089 2110//2110
f 2089//2089 2111//2111 2110//2110
f 2089//2089 2090//2090 2111//2111
f 2090//2090 2112//2112 2111//2111
f 2090//2090 2091//2091 2112//2112
f 2091//2091 2113//2113 2112//2112
f 2091//2091 2070//2070 2113//2113
f 2070//2070 2092//2092 2113//2113
f 2092//2092 2093//2093 2114//2114
f 2093//2093 2115//2115 2114//2114
f 2093//2093 2094//2094 2115//2115
f 2094//2094 2116//2116 2115//2115
f 2094//2094 2095//2095 2116//2116
f 2095//2095 2117//2117 2116//2116
f 2095//2095 2096//2096 2117//2117
f 2096//2096 2118//2118 2117//2117
f 2096//2096 2097//2097 2118//2118
f 2097//2097 2119//2119 2118//2118
f 2097//2097 2098//2098 2119//2119
f 2098//2098 2120//2120 2119//2119
f 2098//2098 2099//2099 2120//2120
f 2099//2099 2121//2121 2120//2120
f 2099//2099 2100//2100 2121//2121
f 2100//2100 2122//2122 2121//2121
f 2100//2100 2101//2101 2122//2122
f 2101//2101 2123//2123 2122//2122
f 2101//2101 2102//2102 2123//2123
f 2102//2102 2124//2124 2123//2123
f 2102//2102 2103//2103 2124//2124
f 2103//2103 2125//2125 2124//2124
f 2103//2103 2104//2104 2125//2125
f 2104//2104 2126//2126 2125//2125
f 2104//2104 2105//2105 2126//2126
f 2105//2105 2127//2127 2126//2126
f 2105//2105 2106//2106 2127//2127
f 2106//2106 2128//2128 2127//2127
f 2106//2106 2107//2107 2128//2128
f 2107//2107 2129//2129 2128//2128
f 2107//2107 2108//2108 2129//2129
f 2108//2108 2130//2130 2129//2129
f 2108//2108 2109//2109 2130//2130
f 2109//2109 2131//2131 2130//2130
f 2109//2109 2110//2110 2131//2131
f 2110//2110 2132//2132 2131//2131
f 2110//2110 2111//2111 2132//2132
f 2111//2111 2133//2133 2132//2132
f 2111//2111 2112//2112 2133//2133
f 2112//2112 2134//2134 2133//2133
f 2112//2112 2113//2113 2134//2134
f 2113//2113 2135//2135 2134//2134
f 2113//2113 2092//2092 2135//2135
f 2092//2092 2114//2114 2135//2135
f 2114//2114 2115//2115 2136//2136
f 2115//2115 2137//2137 2136//2136
f 2115//2115 2116//2116 2137//2137
f 2116//2116 2138//2138 2137//2137
f 2116//2116 2117//2117 2138//2138
f 2117//2117 2139//2139 2138//2138
f 2117//2117 2118//2118 2139//2139
f 2118//2118 2140//2140 2139//2139
f 2118//2118 2119//2119 2140//2140
f 2119//2119 2141//2141 2140//2140
f 2119//2119 2120//2120 2141//2141
f 2120//2120 2142//2142 2141//2141
f 2120//2120 2121//2121 2142//2142
f 2121//2121 2143//2143 2142//2142
f 2121//2121 2122//2122 2143//2143
f 2122//2122 2144//2144 2143//2143
f 2122//2122 2123//2123 2144//2144
f 2123//2123 2145//2145 2144//2144
f 2123//2123 2124//2124 2145//2145
f 2124//2124 2146//2146 2145//2145
f 2124//2124 2125//2125 2146//2146
f 2125//2125 2147//2147 2146//2146
f 2125//2125 2126//2126 2147//2147
f 2126//2126 2148//2148 2147//2147
f 2126//2126 2127//2127 2148//2148
f 2127//2127 2149//2149 2148//2148
f 2127//2127 2128//2128 2149//2149
f 2128//2128 2150//2150 2149//2149
f 2128//2128 2129//2129 2150//2150
f 2129//2129 2151//2151 2150//2150
f 2129//2129 2130//2130 2151//2151
f 2130//2130 2152//2152 2151//2151
f 2130//2130 2131//2131 2152//2152
f 2131//2131 2153//2153 2152//2152
f 2131//2131 2132//2132 2153//2153
f 2132//2132 2154//2154 2153//2153
f 2132//2132 2133//2133 2154//2154
f 2133//2133 2155//2155 2154//2154
f 2133//2133 2134//2134 2155//2155
f 2134//2134 2156//2156 2155//2155
f 2134//2134 2135//2135 2156//2156
f 2135//2135 2157//2157 2156//2156
f 2135//2135 2114//2114 2157//2157
f 2114//2114 2136//2136 2157//2157
f 2136//2136 2137//2137 2158//2158
f 2137//2137 2159//2159 2158//2158
f 2137//2137 2138//2138 2159//2159
f 2138//2138 2160//2160 2159//2159
f 2138//2138 2139//2139 2160//2160
f 2139//2139 2161//2161 2160//2160
f 2139//2139 2140//2140 2161//2161
f 2140//2140 2162//2162 2161//2161
f 2140//2140 2141//2141 2162//2162
f 2141//2141 2163//2163 2162//2162
f 2141//2141 2142//2142 2163//2163
f 2142//2142 2164//2164 2163//2163
f 2142//2142 2143//2143 2164//2164
f 2143//2143 2165//2165 2164//2164
f 2143//2143 2144//2144 2165//2165
f 2144//2144 2166//2166 2165//2165
f 2144//2144 2145//2145 2166//2166
f 2145//2145 2167//2167 2166//2166
f 2145//2145 2146//2146 2167//2167
f 2146//2146 2168//2168 2167//2167
f 2146//2146 2147//2147 2168//2168
f 2147//2147 2169//2169 2168//2168
f 2147//2147 2148//2148 2169//2169
f 2148//2148 2170//2170 2169//2169
f 2148//2148 2149//2149 2170//2170
f 2149//2149 2171//2171 2170//2170
f 2149//2149 2150//2150 2171//2171
f 2150//2150 2172//2172 2171//2171
f 2150//2150 2151//2151 2172//2172
f 2151//2151 2173//2173 2172//2172
f 2151//2151 2152//2152 2173//2173
f 2152//2152 2174//2174 2173//2173
f 2152//2152 2153//2153 2174//2174
f 2153//2153 2175//2175 2174//2174
f 2153//2153 2154//2154 2175//2175
f 2154//2154 2176//2176 2175//2175
f 2154//2154 2155//2155 2176//2176
f 2155//2155 2177//2177 2176//2176
f 2155//2155 2156//2156 2177//2177
f 2156//2156 2178//2178 2177//2177
f 2156//2156 2157//2157 2178//2178
f 2157//2157 2179//2179 2178//2178
f 2157//2157 2136//2136 2179//2179
f 2136//2136 2158//2158 2179//2179
f 2158//2158 2159//2159 2180//2180
f 2159//2159 2181//2181 2180//2180
f 2159//2159 2160//2160 2181//2181
f 2160//2160 2182//2182 2181//2181
f 2160//2160 2161//2161 2182//2182
f 2161//2161 2183//2183 2182//2182
f 2161//2161 2162//2162 2183//2183
f 2162//2162 2184//2184 2183//2183
f 2162//2162 2163//2163 2184//2184
f 2163//2163 2185//2185 2184//2184
f 2163//2163 2164//2164 2185//2185
f 2164//2164 2186//2186 2185//2185
f 2164//2164 2165//2165 2186//2186
f 2165//2165 2187//2187 2186//2186
f 2165//2165 2166//2166 2187//2187
f 2166//2166 2188//2188 2187//2187
f 2166//2166 2167//2167 2188//2188
f 2167//2167 2189//2189 2188//2188
f 2167//2167 2168//2168 2189//2189
f 2168//2168 2190//2190 2189//2189
f 2168//2168 2169//2169 2190//2190
f 2169//2169 2191//2191 2190//2190
f 2169//2169 2170//2170 2191//2191
f 2170//2170 2192//2192 2191//2191
f 2170//2170 2171//2171 2192//2192
f 2171//2171 2193//2193 2192//2192
f 2171//2171 2172//2172 2193//2193
f 2172//2172 2194//2194 2193//2193
f 2172//2172 2173//2173 2194//2194
f 2173//2173 2195//2195 2194//2194
f 2173//2173 2174//2174 2195//2195
f 2174//2174 2196//2196 2195//2195
f 2174//2174 2175//2175 2196//2196
f 2175//2175 2197//2197 2196//2196
f 2175//2175 2176//2176 2197//2197
f 2176//2176 2198//2198 2197//2197
f 2176//2176 2177//2177 2198//2198
f 2177//2177 2199//2199 2198//2198
f 2177//2177 2178//2178 2199//2199
f 2178//2178 2200//2200 2199//2199
f 2178//2178 2179//2179 2200//2200
f 2179//2179 2201//2201 2200//2200
f 2179//2179 2158//2158 2201//2201
f 2158//2158 2180//2180 2201//2201
f 2180//2180 2181//2181 2202//2202
f 2181//2181 2203//2203 2202//2202
f 2181//2181 2182//2182 2203//2203
f 2182//2182 2204//2204 2203//2203
f 2182//2182 2183//2183 2204//2204
f 2183//2183 2205//2205 2204//2204
f 2183//2183 2184//2184 2205//2205
f 2184//2184 2206//2206 2205//2205
f 2184//2184 2185//2185 2206//2206
f 2185//2185 2207//2207 2206//2206
f 2185//2185 2186//2186 2207//2207
f 2186//2186 2208//2208 2207//2207
f 2186//2186 2187//2187 2208//2208
f 2187//2187 2209//2209 2208//2208
f 2187//2187 2188//2188 2209//2209
f 2188//2188 2210//2210 2209//2209
f 2188//2188 2189//2189 2210//2210
f 2189//2189 2211//2211 2210//2210
f 2189//2189 2190//2190 2211//2211
f 2190//2190 2212//2212 2211//2211
f 2190//2190 2191//2191 2212//2212
f 2191//2191 2213//2213 2212//2212
f 2191//2191 2192//2192 2213//2213
f 2192//2192 2214//2214 2213//2213
f 2192//2192 2193//2193 2214//2214
f 2193//2193 2215//2215 2214//2214
f 2193//2193 2194//2194 2215//2215
f 2194//2194 2216//2216 2215//2215
f 2194//2194 2195//2195 2216//2216
f 2195//2195 2217//2217 2216//2216
f 2195//2195 2196//2196 2217//2217
f 2196//2196 2218//2218 2217//2217
f 2196//2196 2197//2197 2218//2218
f 2197//2197 2219//2219 2218//2218
f 2197//2197 2198//2198 2219//2219
f 2198//2198 2220//2220 2219//2219
f 2198//2198 2199//2199 2220//2220
f 2199//2199 2221//2221 2220//2220
f 2199//2199 2200//2200 2221//2221
f 2200//2200 2222//2222 2221//2221
f 2200//2200 2201//2201 2222//2222
f 2201//2201 2223//2223 2222//2222
f 2201//2201 2180//2180 2223//2223
f 2180//2180 2202//2202 2223//2223
f 2202//2202 2203//2203 2224//2224
f 2203//2203 2225//2225 2224//2224
f 2203//2203 2204//2204 2225//2225
f 2204//2204 2226//2226 2225//2225
f 2204//2204 2205//2205 2226//2226
f 2205//2205 2227//2227 2226//2226
f 2205//2205 2206//2206 2227//2227
f 2206//2206 2228//2228 2227//2227
f 2206//2206 2207//2207 2228//2228
f 2207//2207 2229//2229 2228//2228
f 2207//2207 2208//2208 2229//2229
f 2208//2208 2230//2230 2229//2229
f 2208//2208 2209//2209 2230//2230
f 2209//2209 2231//2231 2230//2230
f 2209//2209 2210//2210 2231//2231
f 2210//2210 2232//2232 2231//2231
f 2210//2210 2211//2211 2232//2232
f 2211//2211 2233//2233 2232//2232
f 2211//2211 2212//2212 2233//2233
f 2212//2212 2234//2234 2233//2233
f 2212//2212 2213//2213 2234//2234
f 2213//2213 2235//2235 2234//2234
f 2213//2213 2214//2214 2235//2235
f 2214//2214 2236//2236 2235//2235
f 2214//2214 2215//2215 2236//2236
f 2215//2215 2237//2237 2236//2236
f 2215//2215 2216//2216 2237//2237
f 2216//2216 2238//2238 2237//2237
f 2216//2216 2217//2217 2238//2238
f 2217//2217 2239//2239 2238//2238
f 2217//2217 2218//2218 2239//2239
f 2218//2218 2240//2240 2239//2239
f 2218//2218 2219//2219 2240//2240
f 2219//2219 2241//2241 2240//2240
f 2219//2219 2220//2220 2241//2241
f 2220//2220 2242//2242 2241//2241
f 2220//2220 2221//2221 2242//2242
f 2221//2221 2243//2243 2242//2242
f 2221//2221 2222//2222 2243//2243
f 2222//2222 2244//2244 2243//2243
f 2222//2222 2223//2223 2244//2244
f 2223//2223 2245//2245 2244//2244
f 2223//2223 2202//2202 2245//2245
f 2202//2202 2224//2224 2245//2245
f 2224//2224 2225//2225 2246//2246
f 2225//2225 2247//2247 2246//2246
f 2225//2225 2226//2226 2247//2247
f 2226//2226 2248//2248 2247//2247
f 2226//2226 2227//2227 2248//2248
f 2227//2227 2249//2249 2248//2248
f 2227//2227 2228//2228 2249//2249
f 2228//2228 2250//2250 2249//2249
f 2228//2228 2229//2229 2250//2250
f 2229//2229 2251//2251 2250//2250
f 2229//2229 2230//2230 2251//2251
f 2230//2230 2252//2252 2251//2251
f 2230//2230 2231//2231 2252//2252
f 2231//2231 2253//2253 2252//2252
f 2231//2231 2232//2232 2253//2253
f 2232//2232 2254//2254 2253//2253
f 2232//2232 2233//2233 2254//2254
f 2233//2233 2255//2255 2254//2254
f 2233//2233 2234//2234 2255//2255
f 2234//2234 2256//2256 2255//2255
f 2234//2234 2235//2235 2256//2256
f 2235//2235 2257//2257 2256//2256
f 2235//2235 2236//2236 2257//2257
f 2236//2236 2258//2258 2257//2257
f 2236//2236 2237//2237 2258//2258
f 2237//2237 2259//2259 2258//2258
f 2237//2237 2238//2238 2259//2259
f 2238//2238 2260//2260 2259//2259
f 2238//2238 2239//2239 2260//2260
f 2239//2239 2261//2261 2260//2260
f 2239//2239 2240//2240 2261//2261
f 2240//2240 2262//2262 2261//2261
f 2240//2240 2241//2241 2262//2262
f 2241//2241 2263//2263 2262//2262
f 2241//2241 2242//2242 2263//2263
f 2242//2242 2264//2264 2263//2263
f 2242//2242 2243//2243 2264//2264
f 2243//2243 2265//2265 2264//2264
f 2243//2243 2244//2244 2265//2265
f 2244//2244 2266//2266 2265//2265
f 2244//2244 2245//2245 2266//2266
f 2245//2245 2267//2267 2266//2266
f 2245//2245 2224//2224 2267//2267
f 2224//2224 2246//2246 2267//2267
f 2246//2246 2247//2247 2268//2268
f 2247//2247 2269//2269 2268//2268
f 2247//2247 2248//2248 2269//2269
f 2248//2248 2270//2270 2269//2269
f 2248//2248 2249//2249 2270//2270
f 2249//2249 2271//2271 2270//2270
f 2249//2249 2250//2250 2271//2271
f 2250//2250 2272//2272 2271//2271
f 2250//2250 2251//2251 2272//2272
f 2251//2251 2273//2273 2272//2272
f 2251//2251 2252//2252 2273//2273
f 2252//2252 2274//2274 2273//2273
f 2252//2252 2253//2253 2274//2274
f 2253//2253 2275//2275 2274//2274
f 2253//2253 2254//2254 2275//2275
f 2254//2254 2276//2276 2275//2275
f 2254//2254 2255//2255 2276//2276
f 2255//2255 2277//2277 2276//2276
f 2255//2255 2256//2256 2277//2277
f 2256//2256 2278//2278 2277//2277
f 2256//2256 2257//2257 2278//2278
f 2257//2257 2279//2279 2278//2278
f 2257//2257 2258//2258 2279//2279
f 2258//2258 2280//2280 2279//2279
f 2258//2258 2259//2259 2280//2280
f 2259//2259 2281//2281 2280//2280
f 2259//2259 2260//2260 2281//2281
f 2260//2260 2282//2282 2281//2281
f 2260//2260 2261//2261 2282//2282
f 2261//2261 2283//2283 2282//2282
f 2261//2261 2262//2262 2283//2283
f 2262//2262 2284//2284 2283//2283
f 2262//2262 2263//2263 2284//2284
f 2263//2263 2285//2285 2284//2284
f 2263//2263 2264//2264 2285//2285
f 2264//2264 2286//2286 2285//2285
f 2264//2264 2265//2265 2286//2286
f 2265//2265 2287//2287 2286//2286
f 2265//2265 2266//2266 2287//2287
f 2266//2266 2288//2288 2287//2287
f 2266//2266 2267//2267 2288//2288
f 2267//2267 2289//2289 2288//2288
f 2267//2267 2246//2246 2289//2289
f 2246//2246 2268//2268 2289//2289
f 2268//2268 2269//2269 2290//2290
f 2269//2269 2291//2291 2290//2290
f 2269//2269 2270//2270 2291//2291
f 2270//2270 2292//2292 2291//2291
f 2270//2270 2271//2271 2292//2292
f 2271//2271 2293//2293 2292//2292
f 2271//2271 2272//2272 2293//2293
f 2272//2272 2294//2294 2293//2293
f 2272//2272 2273//2273 2294//2294
f 2273//2273 2295//2295 2294//2294
f 2273//2273 2274//2274 2295//2295
f 2274//2274 2296//2296 2295//2295
f 2274//2274 2275//2275 2296//2296
f 2275//2275 2297//2297 2296//2296
f 2275//2275 2276//2276 2297//2297
f 2276//2276 2298//2298 2297//2297
f 2276//2276 2277//2277 2298//2298
f 2277//2277 2299//2299 2298//2298
f 2277//2277 2278//2278 2299//2299
f 2278//2278 2300//2300 2299//2299
f 2278//2278 2279//2279 2300//2300
f 2279//2279 2301//2301 2300//2300
f 2279//2279 2280//2280 2301//2301
f 2280//2280 2302//2302 2301//2301
f 2280//2280 2281//2281 2302//2302
f 2281//2281 2303//2303 2302//2302
f 2281//2281 2282//2282 2303//2303
f 2282//2282 2304//2304 2303//2303
f 2282//2282 2283//2283 2304//2304
f 2283//2283 2305//2305 2304//2304
f 2283//2283 2284//2284 2305//2305
f 2284//2284 2306//2306 2305//2305
f 2284//2284 2285//2285 2306//2306
f 2285//2285 2307//2307 2306//2306
f 2285//2285 2286//2286 2307//2307
f 2286//2286 2308//2308 2307//2307
f 2286//2286 2287//2287 2308//2308
f 2287//2287 2309//2309 2308//2308
f 2287//2287 2288//2288 2309//2309
f 2288//2288 2310//2310 2309//2309
f 2288//2288 2289//2289 2310//2310
f 2289//2289 2311//2311 2310//2310
f 2289//2289 2268//2268 2311//2311
f 2268//2268 2290//2290 2311//2311
f 2290//2290 2291//2291 2312//2312
f 2291//2291 2313//2313 2312//2312
f 2291//2291 2292//2292 2313//2313
f 2292//2292 2314//2314 2313//2313
f 2292//2292 2293//2293 2314//2314
f 2293//2293 2315//2315 2314//2314
f 2293//2293 2294//2294 2315//2315
f 2294//2294 2316//2316 2315//2315
f 2294//2294 2295//2295 2316//2316
f 2295//2295 2317//2317 2316//2316
f 2295//2295 2296//2296 2317//2317
f 2296//2296 2318//2318 2317//2317
f 2296//2296 2297//2297 2318//2318
f 2297//2297 2319//2319 2318//2318
f 2297//2297 2298//2298 2319//2319
f 2298//2298 2320//2320 2319//2319
f 2298//2298 2299//2299 2320//2320
f 2299//2299 2321//2321 2320//2320
f 2299//2299 2300//2300 2321//2321
f 2300//2300 2322//2322 2321//2321
f 2300//2300 2301//2301 2322//2322
f 2301//2301 2323//2323 2322//2322
f 2301//2301 2302//2302 2323//2323
f 2302//2302 2324//2324 2323//2323
f 2302//2302 2303//2303 2324//2324
f 2303//2303 2325//2325 2324//2324
f 2303//2303 2304//2304 2325//2325
f 2304//2304 2326//2326 2325//2325
f 2304//2304 2305//2305 2326//2326
f 2305//2305 2327//2327 2326//2326
f 2305//2305 2306//2306 2327//2327
f 2306//2306 2328//2328 2327//2327
f 2306//2306 2307//2307 2328//2328
f 2307//2307 2329//2329 2328//2328
f 2307//2307 2308//2308 2329//2329
f 2308//2308 2330//2330 2329//2329
f 2308//2308 2309//2309 2330//2330
f 2309//2309 2331//2331 2330//2330
f 2309//2309 2310//2310 2331//2331
f 2310//2310 2332//2332 2331//2331
f 2310//2310 2311//2311 2332//2332
f 2311//2311 2333//2333 2332//2332
f 2311//2311 2290//2290 2333//2333
f 2290//2290 2312//2312 2333//2333
f 2312//2312 2313//2313 2334//2334
f 2313//2313 2335//2335 2334//2334
f 2313//2313 2314//2314 2335//2335
f 2314//2314 2336//2336 2335//2335
f 2314//2314 2315//2315 2336//2336
f 2315//2315 2337//2337 2336//2336
f 2315//2315 2316//2316 2337//2337
f 2316//2316 2338//2338 2337//2337
f 2316//2316 2317//2317 2338//2338
f 2317//2317 2339//2339 2338//2338
f 2317//2317 2318//2318 2339//2339
f 2318//2318 2340//2340 2339//2339
f 2318//2318 2319//2319 2340//2340
f 2319//2319 2341//2341 2340//2340
f 2319//2319 2320//2320 2341//2341
f 2320//2320 2342//2342 2341//2341
f 2320//2320 2321//2321 2342//2342
f 2321//2321 2343//2343 2342//2342
f 2321//2321 2322//2322 2343//2343
f 2322//2322 2344//2344 2343//2343
f 2322//2322 2323//2323 2344//2344
f 2323//2323 2345//2345 2344//2344
f 2323//2323 2324//2324 2345//2345
f 2324//2324 2346//2346 2345//2345
f 2324//2324 2325//2325 2346//2346
f 2325//2325 2347//2347 2346//2346
f 2325//2325 2326//2326 2347//2347
f 2326//2326 2348//2348 2347//2347
f 2326//2326 2327//2327 2348//2348
f 2327//2327 2349//2349 2348//2348
f 2327//2327 2328//2328 2349//2349
f 2328//2328 2350//2350 2349//2349
f 2328//2328 2329//2329 2350//2350
f 2329//2329 2351//2351 2350//2350
f 2329//2329 2330//2330 2351//2351
f 2330//2330 2352//2352 2351//2351
f 2330//2330 2331//2331 2352//2352
f 2331//2331 2353//2353 2352//2352
f 2331//2331 2332//2332 2353//2353
f 2332//2332 2354//2354 2353//2353
f 2332//2332 2333//2333 2354//2354
f 2333//2333 2355//2355 2354//2354
f 2333//2333 2312//2312 2355//2355
f 2312//2312 2334//2334 2355//2355
f 2334//2334 2335//2335 2356//2356
f 2335//2335 2357//2357 2356//2356
f 2335//2335 2336//2336 2357//2357
f 2336//2336 2358//2358 2357//2357
f 2336//2336 2337//2337 2358//2358
f 2337//2337 2359//2359 2358//2358
f 2337//2337 2338//2338 2359//2359
f 2338//2338 2360//2360 2359//2359
f 2338//2338 2339//2339 2360//2360
f 2339//2339 2361//2361 2360//2360
f 2339//2339 2340//2340 2361//2361
f 2340//2340 2362//2362 2361//2361
f 2340//2340 2341//2341 2362//2362
f 2341//2341 2363//2363 2362//2362
f 2341//2341 2342//2342 2363//2363
f 2342//2342 2364//2364 2363//2363
f 2342//2342 2343//2343 2364//2364
f 2343//2343 2365//2365 2364//2364
f 2343//2343 2344//2344 2365//2365
f 2344//2344 2366//2366 2365//2365
f 2344//2344 2345//2345 2366//2366
f 2345//2345 2367//2367 2366//2366
f 2345//2345 2346//2346 2367//2367
f 2346//2346 2368//2368 2367//2367
f 2346//2346 2347//2347 2368//2368
f 2347//2347 2369//2369 2368//2368
f 2347//2347 2348//2348 2369//2369
f 2348//2348 2370//2370 2369//2369
f 2348//2348 2349//2349 2370//2370
f 2349//2349 2371//2371 2370//2370
f 2349//2349 2350//2350 2371//2371
f 2350//2350 2372//2372 2371//2371
f 2350//2350 2351//2351 2372//2372
f 2351//2351 2373//2373 2372//2372
f 2351//2351 2352//2352 2373//2373
f 2352//2352 2374//2374 2373//2373
f 2352//2352 2353//2353 2374//2374
f 2353//2353 2375//2375 2374//2374
f 2353//2353 2354//2354 2375//2375
f 2354//2354 2376//2376 2375//2375
f 2354//2354 2355//2355 2376//2376
f 2355//2355 2377//2377 2376//2376
f 2355//2355 2334//2334 2377//2377
f 2334//2334 2356//2356 2377//2377
f 2356//2356 2357//2357 2047//2047
f 2357//2357 2358//2358 2047//2047
f 2358//2358 2359//2359 2047//2047
f 2359//2359 2360//2360 2047//2047
f 2360//2360 2361//2361 2047//2047
f 2361//2361 2362//2362 2047//2047
f 2362//2362 2363//2363 2047//2047
f 2363//2363 2364//2364 2047//2047
f 2364//2364 2365//2365 2047//2047
f 2365//2365 2366//2366 2047//2047
f 2366//2366 2367//2367 2047//2047
f 2367//2367 2368//2368 2047//2047
f 2368//2368 2369//2369 2047//2047
f 2369//2369 2370//2370 2047//2047
f 2370//2370 2371//2371 2047//2047
f 2371//2371 2372//2372 2047//2047
f 2372//2372 2373//2373 2047//2047
f 2373//2373 2374//2374 2047//2047
f 2374//2374 2375//2375 2047//2047
f 2375//2375 2376//2376 2047//2047
f 2376//2376 2377//2377 2047//2047
f 2377//2377 2356//2356 2047//2047
o snout
usemtl cute_green
s 1
f 2378//2378 2381//2381 2380//2380
f 2378//2378 2382//2382 2381//2381
f 2378//2378 2383//2383 2382//2382
f 2378//2378 2384//2384 2383//2383
f 2378//2378 2385//2385 2384//2384
f 2378//2378 2386//2386 2385//2385
f 2378//2378 2387//2387 2386//2386
f 2378//2378 2388//2388 2387//2387
f 2378//2378 2389//2389 2388//2388
f 2378//2378 2390//2390 2389//2389
f 2378//2378 2391//2391 2390//2390
f 2378//2378 2392//2392 2391//2391
f 2378//2378 2393//2393 2392//2392
f 2378//2378 2394//2394 2393//2393
f 2378//2378 2395//2395 2394//2394
f 2378//2378 2380//2380 2395//2395
f 2380//2380 2381//2381 2396//2396
f 2381//2381 2397//2397 2396//2396
f 2381//2381 2382//2382 2397//2397
f 2382//2382 2398//2398 2397//2397
f 2382//2382 2383//2383 2398//2398
f 2383//2383 2399//2399 2398//2398
f 2383//2383 2384//2384 2399//2399
f 2384//2384 2400//2400 2399//2399
f 2384//2384 2385//2385 2400//2400
f 2385//2385 2401//2401 2400//2400
f 2385//2385 2386//2386 2401//2401
f 2386//2386 2402//2402 2401//2401
f 2386//2386 2387//2387 2402//2402
f 2387//2387 2403//2403 2402//2402
f 2387//2387 2388//2388 2403//2403
f 2388//2388 2404//2404 2403//2403
f 2388//2388 2389//2389 2404//2404
f 2389//2389 2405//2405 2404//2404
f 2389//2389 2390//2390 2405//2405
f 2390//2390 2406//2406 2405//2405
f 2390//2390 2391//2391 2406//2406
f 2391//2391 2407//2407 2406//2406
f 2391//2391 2392//2392 2407//2407
f 2392//2392 2408//2408 2407//2407
f 2392//2392 2393//2393 2408//2408
f 2393//2393 2409//2409 2408//2408
f 2393//2393 2394//2394 2409//2409
f 2394//2394 2410//2410 2409//2409
f 2394//2394 2395//2395 2410//2410
f 2395//2395 2411//2411 2410//2410
f 2395//2395 2380//2380 2411//2411
f 2380//2380 2396//2396 2411//2411
f 2396//2396 2397//2397 2412//2412
f 2397//2397 2413//2413 2412//2412
f 2397//2397 2398//2398 2413//2413
f 2398//2398 2414//2414 2413//2413
f 2398//2398 2399//2399 2414//2414
f 2399//2399 2415//2415 2414//2414
f 2399//2399 2400//2400 2415//2415
f 2400//2400 2416//2416 2415//2415
f 2400//2400 2401//2401 2416//2416
f 2401//2401 2417//2417 2416//2416
f 2401//2401 2402//2402 2417//2417
f 2402//2402 2418//2418 2417//2417
f 2402//2402 2403//2403 2418//2418
f 2403//2403 2419//2419 2418//2418
f 2403//2403 2404//2404 2419//2419
f 2404//2404 2420//2420 2419//2419
f 2404//2404 2405//2405 2420//2420
f 2405//2405 2421//2421 2420//2420
f 2405//2405 2406//2406 2421//2421
f 2406//2406 2422//2422 2421//2421
f 2406//2406 2407//2407 2422//2422
f 2407//2407 2423//2423 2422//2422
f 2407//2407 2408//2408 2423//2423
f 2408//2408 2424//2424 2423//2423
f 2408//2408 2409//2409 2424//2424
f 2409//2409 2425//2425 2424//2424
f 2409//2409 2410//2410 2425//2425
f 2410//2410 2426//2426 2425//2425
f 2410//2410 2411//2411 2426//2426
f 2411//2411 2427//2427 2426//2426
f 2411//2411 2396//2396 2427//2427
f 2396//2396 2412//2412 2427//2427
f 2412//2412 2413//2413 2428//2428
f 2413//2413 2429//2429 2428//2428
f 2413//2413 2414//2414 2429//2429
f 2414//2414 2430//2430 2429//2429
f 2414//2414 2415//2415 2430//2430
f 2415//2415 2431//2431 2430//2430
f 2415//2415 2416//2416 2431//2431
f 2416//2416 2432//2432 2431//2431
f 2416//2416 2417//2417 2432//2432
f 2417//2417 2433//2433 2432//2432
f 2417//2417 2418//2418 2433//2433
f 2418//2418 2434//2434 2433//2433
f 2418//2418 2419//2419 2434//2434
f 2419//2419 2435//2435 2434//2434
f 2419//2419 2420//2420 2435//2435
f 2420//2420 2436//2436 2435//2435
f 2420//2420 2421//2421 2436//2436
f 2421//2421 2437//2437 2436//2436
f 2421//2421 2422//2422 2437//2437
f 2422//2422 2438//2438 2437//2437
f 2422//2422 2423//2423 2438//2438
f 2423//2423 2439//2439 2438//2438
f 2423//2423 2424//2424 2439//2439
f 2424//2424 2440//2440 2439//2439
f 2424//2424 2425//2425 2440//2440
f 2425//2425 2441//2441 2440//2440
f 2425//2425 2426//2426 2441//2441
f 2426//2426 2442//2442 2441//2441
f 2426//2426 2427//2427 2442//2442
f 2427//2427 2443//2443 2442//2442
f 2427//2427 2412//2412 2443//2443
f 2412//2412 2428//2428 2443//2443
f 2428//2428 2429//2429 2444//2444
f 2429//2429 2445//2445 2444//2444
f 2429//2429 2430//2430 2445//2445
f 2430//2430 2446//2446 2445//2445
f 2430//2430 2431//2431 2446//2446
f 2431//2431 2447//2447 2446//2446
f 2431//2431 2432//2432 2447//2447
f 2432//2432 2448//2448 2447//2447
f 2432//2432 2433//2433 2448//2448
f 2433//2433 2449//2449 2448//2448
f 2433//2433 2434//2434 2449//2449
f 2434//2434 2450//2450 2449//2449
f 2434//2434 2435//2435 2450//2450
f 2435//2435 2451//2451 2450//2450
f 2435//2435 2436//2436 2451//2451
f 2436//2436 2452//2452 2451//2451
f 2436//2436 2437//2437 2452//2452
f 2437//2437 2453//2453 2452//2452
f 2437//2437 2438//2438 2453//2453
f 2438//2438 2454//2454 2453//2453
f 2438//2438 2439//2439 2454//2454
f 2439//2439 2455//2455 2454//2454
f 2439//2439 2440//2440 2455//2455
f 2440//2440 2456//2456 2455//2455
f 2440//2440 2441//2441 2456//2456
f 2441//2441 2457//2457 2456//2456
f 2441//2441 2442//2442 2457//2457
f 2442//2442 2458//2458 2457//2457
f 2442//2442 2443//2443 2458//2458
f 2443//2443 2459//2459 2458//2458
f 2443//2443 2428//2428 2459//2459
f 2428//2428 2444//2444 2459//2459
f 2444//2444 2445//2445 2460//2460
f 2445//2445 2461//2461 2460//2460
f 2445//2445 2446//2446 2461//2461
f 2446//2446 2462//2462 2461//2461
f 2446//2446 2447//2447 2462//2462
f 2447//2447 2463//2463 2462//2462
f 2447//2447 2448//2448 2463//2463
f 2448//2448 2464//2464 2463//2463
f 2448//2448 2449//2449 2464//2464
f 2449//2449 2465//2465 2464//2464
f 2449//2449 2450//2450 2465//2465
f 2450//2450 2466//2466 2465//2465
f 2450//2450 2451//2451 2466//2466
f 2451//2451 2467//2467 2466//2466
f 2451//2451 2452//2452 2467//2467
f 2452//2452 2468//2468 2467//2467
f 2452//2452 2453//2453 2468//2468
f 2453//2453 2469//2469 2468//2468
f 2453//2453 2454//2454 2469//2469
f 2454//2454 2470//2470 2469//2469
f 2454//2454 2455//2455 2470//2470
f 2455//2455 2471//2471 2470//2470
f 2455//2455 2456//2456 2471//2471
f 2456//2456 2472//2472 2471//2471
f 2456//2456 2457//2457 2472//2472
f 2457//2457 2473//2473 2472//2472
f 2457//2457 2458//2458 2473//2473
f 2458//2458 2474//2474 2473//2473
f 2458//2458 2459//2459 2474//2474
f 2459//2459 2475//2475 2474//2474
f 2459//2459 2444//2444 2475//2475
f 2444//2444 2460//2460 2475//2475
f 2460//2460 2461//2461 2476//2476
f 2461//2461 2477//2477 2476//2476
f 2461//2461 2462//2462 2477//2477
f 2462//2462 2478//2478 2477//2477
f 2462//2462 2463//2463 2478//2478
f 2463//2463 2479//2479 2478//2478
f 2463//2463 2464//2464 2479//2479
f 2464//2464 2480//2480 2479//2479
f 2464//2464 2465//2465 2480//2480
f 2465//2465 2481//2481 2480//2480
f 2465//2465 2466//2466 2481//2481
f 2466//2466 2482//2482 2481//2481
f 2466//2466 2467//2467 2482//2482
f 2467//2467 2483//2483 2482//2482
f 2467//2467 2468//2468 2483//2483
f 2468//2468 2484//2484 2483//2483
f 2468//2468 2469//2469 2484//2484
f 2469//2469 2485//2485 2484//2484
f 2469//2469 2470//2470 2485//2485
f 2470//2470 2486//2486 2485//2485
f 2470//2470 2471//2471 2486//2486
f 2471//2471 2487//2487 2486//2486
f 2471//2471 2472//2472 2487//2487
f 2472//2472 2488//2488 2487//2487
f 2472//2472 2473//2473 2488//2488
f 2473//2473 2489//2489 2488//2488
f 2473//2473 2474//2474 2489//2489
f 2474//2474 2490//2490 2489//2489
f 2474//2474 2475//2475 2490//2490
f 2475//2475 2491//2491 2490//2490
f 2475//2475 2460//2460 2491//2491
f 2460//2460 2476//2476 2491//2491
f 2476//2476 2477//2477 2492//2492
f 2477//2477 2493//2493 2492//2492
f 2477//2477 2478//2478 2493//2493
f 2478//2478 2494//2494 2493//2493
f 2478//2478 2479//2479 2494//2494
f 2479//2479 2495//2495 2494//2494
f 2479//2479 2480//2480 2495//2495
f 2480//2480 2496//2496 2495//2495
f 2480//2480 2481//2481 2496//2496
f 2481//2481 2497//2497 2496//2496
f 2481//2481 2482//2482 2497//2497
f 2482//2482 2498//2498 2497//2497
f 2482//2482 2483//2483 2498//2498
f 2483//2483 2499//2499 2498//2498
f 2483//2483 2484//2484 2499//2499
f 2484//2484 2500//2500 2499//2499
f 2484//2484 2485//2485 2500//2500
f 2485//2485 2501//2501 2500//2500
f 2485//2485 2486//2486 2501//2501
f 2486//2486 2502//2502 2501//2501
f 2486//2486 2487//2487 2502//2502
f 2487//2487 2503//2503 2502//2502
f 2487//2487 2488//2488 2503//2503
f 2488//2488 2504//2504 2503//2503
f 2488//2488 2489//2489 2504//2504
f 2489//2489 2505//2505 2504//2504
f 2489//2489 2490//2490 2505//2505
f 2490//2490 2506//2506 2505//2505
f 2490//2490 2491//2491 2506//2506
f 2491//2491 2507//2507 2506//2506
f 2491//2491 2476//2476 2507//2507
f 2476//2476 2492//2492 2507//2507
f 2492//2492 2493//2493 2508//2508
f 2493//2493 2509//2509 2508//2508
f 2493//2493 2494//2494 2509//2509
f 2494//2494 2510//2510 2509//2509
f 2494//2494 2495//2495 2510//2510
f 2495//2495 2511//2511 2510//2510
f 2495//2495 2496//2496 2511//2511
f 2496//2496 2512//2512 2511//2511
f 2496//2496 2497//2497 2512//2512
f 2497//2497 2513//2513 2512//2512
f 2497//2497 2498//2498 2513//2513
f 2498//2498 2514//2514 2513//2513
f 2498//2498 2499//2499 2514//2514
f 2499//2499 2515//2515 2514//2514
f 2499//2499 2500//2500 2515//2515
f 2500//2500 2516//2516 2515//2515
f 2500//2500 2501//2501 2516//2516
f 2501//2501 2517//2517 2516//2516
f 2501//2501 2502//2502 2517//2517
f 2502//2502 2518//2518 2517//2517
f 2502//2502 2503//2503 2518//2518
f 2503//2503 2519//2519 2518//2518
f 2503//2503 2504//2504 2519//2519
f 2504//2504 2520//2520 2519//2519
f 2504//2504 2505//2505 2520//2520
f 2505//2505 2521//2521 2520//2520
f 2505//2505 2506//2506 2521//2521
f 2506//2506 2522//2522 2521//2521
f 2506//2506 2507//2507 2522//2522
f 2507//2507 2523//2523 2522//2522
f 2507//2507 2492//2492 2523//2523
f 2492//2492 2508//2508 2523//2523
f 2508//2508 2509//2509 2524//2524
f 2509//2509 2525//2525 2524//2524
f 2509//2509 2510//2510 2525//2525
f 2510//2510 2526//2526 2525//2525
f 2510//2510 2511//2511 2526//2526
f 2511//2511 2527//2527 2526//2526
f 2511//2511 2512//2512 2527//2527
f 2512//2512 2528//2528 2527//2527
f 2512//2512 2513//2513 2528//2528
f 2513//2513 2529//2529 2528//2528
f 2513//2513 2514//2514 2529//2529
f 2514//2514 2530//2530 2529//2529
f 2514//2514 2515//2515 2530//2530
f 2515//2515 2531//2531 2530//2530
f 2515//2515 2516//2516 2531//2531
f 2516//2516 2532//2532 2531//2531
f 2516//2516 2517//2517 2532//2532
f 2517//2517 2533//2533 2532//2532
f 2517//2517 2518//2518 2533//2533
f 2518//2518 2534//2534 2533//2533
f 2518//2518 2519//2519 2534//2534
f 2519//2519 2535//2535 2534//2534
f 2519//2519 2520//2520 2535//2535
f 2520//2520 2536//2536 2535//2535
f 2520//2520 2521//2521 2536//2536
f 2521//2521 2537//2537 2536//2536
f 2521//2521 2522//2522 2537//2537
f 2522//2522 2538//2538 2537//2537
f 2522//2522 2523//2523 2538//2538
f 2523//2523 2539//2539 2538//2538
f 2523//2523 2508//2508 2539//2539
f 2508//2508 2524//2524 2539//2539
f 2524//2524 2525//2525 2540//2540
f 2525//2525 2541//2541 2540//2540
f 2525//2525 2526//2526 2541//2541
f 2526//2526 2542//2542 2541//2541
f 2526//2526 2527//2527 2542//2542
f 2527//2527 2543//2543 2542//2542
f 2527//2527 2528//2528 2543//2543
f 2528//2528 2544//2544 2543//2543
f 2528//2528 2529//2529 2544//2544
f 2529//2529 2545//2545 2544//2544
f 2529//2529 2530//2530 2545//2545
f 2530//2530 2546//2546 2545//2545
f 2530//2530 2531//2531 2546//2546
f 2531//2531 2547//2547 2546//2546
f 2531//2531 2532//2532 2547//2547
f 2532//2532 2548//2548 2547//2547
f 2532//2532 2533//2533 2548//2548
f 2533//2533 2549//2549 2548//2548
f 2533//2533 2534//2534 2549//2549
f 2534//2534 2550//2550 2549//2549
f 2534//2534 2535//2535 2550//2550
f 2535//2535 2551//2551 2550//2550
f 2535//2535 2536//2536 2551//2551
f 2536//2536 2552//2552 2551//2551
f 2536//2536 2537//2537 2552//2552
f 2537//2537 2553//2553 2552//2552
f 2537//2537 2538//2538 2553//2553
f 2538//2538 2554//2554 2553//2553
f 2538//2538 2539//2539 2554//2554
f 2539//2539 2555//2555 2554//2554
f 2539//2539 2524//2524 2555//2555
f 2524//2524 2540//2540 2555//2555
f 2540//2540 2541//2541 2379//2379
f 2541//2541 2542//2542 2379//2379
f 2542//2542 2543//2543 2379//2379
f 2543//2543 2544//2544 2379//2379
f 2544//2544 2545//2545 2379//2379
f 2545//2545 2546//2546 2379//2379
f 2546//2546 2547//2547 2379//2379
f 2547//2547 2548//2548 2379//2379
f 2548//2548 2549//2549 2379//2379
f 2549//2549 2550//2550 2379//2379
f 2550//2550 2551//2551 2379//2379
f 2551//2551 2552//2552 2379//2379
f 2552//2552 2553//2553 2379//2379
f 2553//2553 2554//2554 2379//2379
f 2554//2554 2555//2555 2379//2379
f 2555//2555 2540//2540 2379//2379
o haunch
usemtl cute_green
s 1
f 2556//2556 2559//2559 2558//2558
f 2556//2556 2560//2560 2559//2559
f 2556//2556 2561//2561 2560//2560
f 2556//2556 2562//2562 2561//2561
f 2556//2556 2563//2563 2562//2562
f 2556//2556 2564//2564 2563//2563
f 2556//2556 2565//2565 2564//2564
f 2556//2556 2566//2566 2565//2565
f 2556//2556 2567//2567 2566//2566
f 2556//2556 2568//2568 2567//2567
f 2556//2556 2569//2569 2568//2568
f 2556//2556 2570//2570 2569//2569
f 2556//2556 2571//2571 2570//2570
f 2556//2556 2572//2572 2571//2571
f 2556//2556 2573//2573 2572//2572
f 2556//2556 2558//2558 2573//2573
f 2558//2558 2559//2559 2574//2574
f 2559//2559 2575//2575 2574//2574
f 2559//2559 2560//2560 2575//2575
f 2560//2560 2576//2576 2575//2575
f 2560//2560 2561//2561 2576//2576
f 2561//2561 2577//2577 2576//2576
f 2561//2561 2562//2562 2577//2577
f 2562//2562 2578//2578 2577//2577
f 2562//2562 2563//2563 2578//2578
f 2563//2563 2579//2579 2578//2578
f 2563//2563 2564//2564 2579//2579
f 2564//2564 2580//2580 2579//2579
f 2564//2564 2565//2565 2580//2580
f 2565//2565 2581//2581 2580//2580
f 2565//2565 2566//2566 2581//2581
f 2566//2566 2582//2582 2581//2581
f 2566//2566 2567//2567 2582//2582
f 2567//2567 2583//2583 2582//2582
f 2567//2567 2568//2568 2583//2583
f 2568//2568 2584//2584 2583//2583
f 2568//2568 2569//2569 2584//2584
f 2569//2569 2585//2585 2584//2584
f 2569//2569 2570//2570 2585//2585
f 2570//2570 2586//2586 2585//2585
f 2570//2570 2571//2571 2586//2586
f 2571//2571 2587//2587 2586//2586
f 2571//2571 2572//2572 2587//2587
f 2572//2572 2588//2588 2587//2587
f 2572//2572 2573//2573 2588//2588
f 2573//2573 2589//2589 2588//2588
f 2573//2573 2558//2558 2589//2589
f 2558//2558 2574//2574 2589//2589
f 2574//2574 2575//2575 2590//2590
f 2575//2575 2591//2591 2590//2590
f 2575//2575 2576//2576 2591//2591
f 2576//2576 2592//2592 2591//2591
f 2576//2576 2577//2577 2592//2592
f 2577//2577 2593//2593 2592//2592
f 2577//2577 2578//2578 2593//2593
f 2578//2578 2594//2594 2593//2593
f 2578//2578 2579//2579 2594//2594
f 2579//2579 2595//2595 2594//2594
f 2579//2579 2580//2580 2595//2595
f 2580//2580 2596//2596 2595//2595
f 2580//2580 2581//2581 2596//2596
f 2581//2581 2597//2597 2596//2596
f 2581//2581 2582//2582 2597//2597
f 2582//2582 2598//2598 2597//2597
f 2582//2582 2583//2583 2598//2598
f 2583//2583 2599//2599 2598//2598
f 2583//2583 2584//2584 2599//2599
f 2584//2584 2600//2600 2599//2599
f 2584//2584 2585//2585 2600//2600
f 2585//2585 2601//2601 2600//2600
f 2585//2585 2586//2586 2601//2601
f 2586//2586 2602//2602 2601//2601
f 2586//2586 2587//2587 2602//2602
f 2587//2587 2603//2603 2602//2602
f 2587//2587 2588//2588 2603//2603
f 2588//2588 2604//2604 2603//2603
f 2588//2588 2589//2589 2604//2604
f 2589//2589 2605//2605 2604//2604
f 2589//2589 2574//2574 2605//2605
f 2574//2574 2590//2590 2605//2605
f 2590//2590 2591//2591 2606//2606
f 2591//2591 2607//2607 2606//2606
f 2591//2591 2592//2592 2607//2607
f 2592//2592 2608//2608 2607//2607
f 2592//2592 2593//2593 2608//2608
f 2593//2593 2609//2609 2608//2608
f 2593//2593 2594//2594 2609//2609
f 2594//2594 2610//2610 2609//2609
f 2594//2594 2595//2595 2610//2610
f 2595//2595 2611//2611 2610//2610
f 2595//2595 2596//2596 2611//2611
f 2596//2596 2612//2612 2611//2611
f 2596//2596 2597//2597 2612//2612
f 2597//2597 2613//2613 2612//2612
f 2597//2597 2598//2598 2613//2613
f 2598//2598 2614//2614 2613//2613
f 2598//2598 2599//2599 2614//2614
f 2599//2599 2615//2615 2614//2614
f 2599//2599 2600//2600 2615//2615
f 2600//2600 2616//2616 2615//2615
f 2600//2600 2601//2601 2616//2616
f 2601//2601 2617//2617 2616//2616
f 2601//2601 2602//2602 2617//2617
f 2602//2602 2618//2618 2617//2617
f 2602//2602 2603//2603 2618//2618
f 2603//2603 2619//2619 2618//2618
f 2603//2603 2604//2604 2619//2619
f 2604//2604 2620//2620 2619//2619
f 2604//2604 2605//2605 2620//2620
f 2605//2605 2621//2621 2620//2620
f 2605//2605 2590//2590 2621//2621
f 2590//2590 2606//2606 2621//2621
f 2606//2606 2607//2607 2622//2622
f 2607//2607 2623//2623 2622//2622
f 2607//2607 2608//2608 2623//2623
f 2608//2608 2624//2624 2623//2623
f 2608//2608 2609//2609 2624//2624
f 2609//2609 2625//2625 2624//2624
f 2609//2609 2610//2610 2625//2625
f 2610//2610 2626//2626 2625//2625
f 2610//2610 2611//2611 2626//2626
f 2611//2611 2627//2627 2626//2626
f 2611//2611 2612//2612 2627//2627
f 2612//2612 2628//2628 2627//2627
f 2612//2612 2613//2613 2628//2628
f 2613//2613 2629//2629 2628//2628
f 2613//2613 2614//2614 2629//2629
f 2614//2614 2630//2630 2629//2629
f 2614//2614 2615//2615 2630//2630
f 2615//2615 2631//2631 2630//2630
f 2615//2615 2616//2616 2631//2631
f 2616//2616 2632//2632 2631//2631
f 2616//2616 2617//2617 2632//2632
f 2617//2617 2633//2633 2632//2632
f 2617//2617 2618//2618 2633//2633
f 2618//2618 2634//2634 2633//2633
f 2618//2618 2619//2619 2634//2634
f 2619//2619 2635//2635 2634//2634
f 2619//2619 2620//2620 2635//2635
f 2620//2620 2636//2636 2635//2635
f 2620//2620 2621//2621 2636//2636
f 2621//2621 2637//2637 2636//2636
f 2621//2621 2606//2606 2637//2637
f 2606//2606 2622//2622 2637//2637
f 2622//2622 2623//2623 2638//2638
f 2623//2623 2639//2639 2638//2638
f 2623//2623 2624//2624 2639//2639
f 2624//2624 2640//2640 2639//2639
f 2624//2624 2625//2625 2640//2640
f 2625//2625 2641//2641 2640//2640
f 2625//2625 2626//2626 2641//2641
f 2626//2626 2642//2642 2641//2641
f 2626//2626 2627//2627 2642//2642
f 2627//2627 2643//2643 2642//2642
f 2627//2627 2628//2628 2643//2643
f 2628//2628 2644//2644 2643//2643
f 2628//2628 2629//2629 2644//2644
f 2629//2629 2645//2645 2644//2644
f 2629//2629 2630//2630 2645//2645
f 2630//2630 2646//2646 2645//2645
f 2630//2630 2631//2631 2646//2646
f 2631//2631 2647//2647 2646//2646
f 2631//2631 2632//2632 2647//2647
f 2632//2632 2648//2648 2647//2647
f 2632//2632 2633//2633 2648//2648
f 2633//2633 2649//2649 2648//2648
f 2633//2633 2634//2634 2649//2649
f 2634//2634 2650//2650 2649//2649
f 2634//2634 2635//2635 2650//2650
f 2635//2635 2651//2651 2650//2650
f 2635//2635 2636//2636 2651//2651
f 2636//2636 2652//2652 2651//2651
f 2636//2636 2637//2637 2652//2652
f 2637//2637 2653//2653 2652//2652
f 2637//2637 2622//2622 2653//2653
f 2622//2622 2638//2638 2653//2653
f 2638//2638 2639//2639 2654//2654
f 2639//2639 2655//2655 2654//2654
f 2639//2639 2640//2640 2655//2655
f 2640//2640 2656//2656 2655//2655
f 2640//2640 2641//2641 2656//2656
f 2641//2641 2657//2657 2656//2656
f 2641//2641 2642//2642 2657//2657
f 2642//2642 2658//2658 2657//2657
f 2642//2642 2643//2643 2658//2658
f 2643//2643 2659//2659 2658//2658
f 2643//2643 2644//2644 2659//2659
f 2644//2644 2660//2660 2659//2659
f 2644//2644 2645//2645 2660//2660
f 2645//2645 2661//2661 2660//2660
f 2645//2645 2646//2646 2661//2661
f 2646//2646 2662//2662 2661//2661
f 2646//2646 2647//2647 2662//2662
f 2647//2647 2663//2663 2662//2662
f 2647//2647 2648//2648 2663//2663
f 2648//2648 2664//2664 2663//2663
f 2648//2648 2649//2649 2664//2664
f 2649//2649 2665//2665 2664//2664
f 2649//2649 2650//2650 2665//2665
f 2650//2650 2666//2666 2665//2665
f 2650//2650 2651//2651 2666//2666
f 2651//2651 2667//2667 2666//2666
f 2651//2651 2652//2652 2667//2667
f 2652//2652 2668//2668 2667//2667
f 2652//2652 2653//2653 2668//2668
f 2653//2653 2669//2669 2668//2668
f 2653//2653 2638//2638 2669//2669
f 2638//2638 2654//2654 2669//2669
f 2654//2654 2655//2655 2670//2670
f 2655//2655 2671//2671 2670//2670
f 2655//2655 2656//2656 2671//2671
f 2656//2656 2672//2672 2671//2671
f 2656//2656 2657//2657 2672//2672
f 2657//2657 2673//2673 2672//2672
f 2657//2657 2658//2658 2673//2673
f 2658//2658 2674//2674 2673//2673
f 2658//2658 2659//2659 2674//2674
f 2659//2659 2675//2675 2674//2674
f 2659//2659 2660//2660 2675//2675
f 2660//2660 2676//2676 2675//2675
f 2660//2660 2661//2661 2676//2676
f 2661//2661 2677//2677 2676//2676
f 2661//2661 2662//2662 2677//2677
f 2662//2662 2678//2678 2677//2677
f 2662//2662 2663//2663 2678//2678
f 2663//2663 2679//2679 2678//2678
f 2663//2663 2664//2664 2679//2679
f 2664//2664 2680//2680 2679//2679
f 2664//2664 2665//2665 2680//2680
f 2665//2665 2681//2681 2680//2680
f 2665//2665 2666//2666 2681//2681
f 2666//2666 2682//2682 2681//2681
f 2666//2666 2667//2667 2682//2682
f 2667//2667 2683//2683 2682//2682
f 2667//2667 2668//2668 2683//2683
f 2668//2668 2684//2684 2683//2683
f 2668//2668 2669//2669 2684//2684
f 2669//2669 2685//2685 2684//2684
f 2669//2669 2654//2654 2685//2685
f 2654//2654 2670//2670 2685//2685
f 2670//2670 2671//2671 2686//2686
f 2671//2671 2687//2687 2686//2686
f 2671//2671 2672//2672 2687//2687
f 2672//2672 2688//2688 2687//2687
f 2672//2672 2673//2673 2688//2688
f 2673//2673 2689//2689 2688//2688
f 2673//2673 2674//2674 2689//2689
f 2674//2674 2690//2690 2689//2689
f 2674//2674 2675//2675 2690//2690
f 2675//2675 2691//2691 2690//2690
f 2675//2675 2676//2676 2691//2691
f 2676//2676 2692//2692 2691//2691
f 2676//2676 2677//2677 2692//2692
f 2677//2677 2693//2693 2692//2692
f 2677//2677 2678//2678 2693//2693
f 2678//2678 2694//2694 2693//2693
f 2678//2678 2679//2679 2694//2694
f 2679//2679 2695//2695 2694//2694
f 2679//2679 2680//2680 2695//2695
f 2680//2680 2696//2696 2695//2695
f 2680//2680 2681//2681 2696//2696
f 2681//2681 2697//2697 2696//2696
f 2681//2681 2682//2682 2697//2697
f 2682//2682 2698//2698 2697//2697
f 2682//2682 2683//2683 2698//2698
f 2683//2683 2699//2699 2698//2698
f 2683//2683 2684//2684 2699//2699
f 2684//2684 2700//2700 2699//2699
f 2684//2684 2685//2685 2700//2700
f 2685//2685 2701//2701 2700//2700
f 2685//2685 2670//2670 2701//2701
f 2670//2670 2686//2686 2701//2701
f 2686//2686 2687//2687 2702//2702
f 2687//2687 2703//2703 2702//2702
f 2687//2687 2688//2688 2703//2703
f 2688//2688 2704//2704 2703//2703
f 2688//2688 2689//2689 2704//2704
f 2689//2689 2705//2705 2704//2704
f 2689//2689 2690//2690 2705//2705
f 2690//2690 2706//2706 2705//2705
f 2690//2690 2691//2691 2706//2706
f 2691//2691 2707//2707 2706//2706
f 2691//2691 2692//2692 2707//2707
f 2692//2692 2708//2708 2707//2707
f 2692//2692 2693//2693 2708//2708
f 2693//2693 2709//2709 2708//2708
f 2693//2693 2694//2694 2709//2709
f 2694//2694 2710//2710 2709//2709
f 2694//2694 2695//2695 2710//2710
f 2695//2695 2711//2711 2710//2710
f 2695//2695 2696//2696 2711//2711
f 2696//2696 2712//2712 2711//2711
f 2696//2696 2697//2697 2712//2712
f 2697//2697 2713//2713 2712//2712
f 2697//2697 2698//2698 2713//2713
f 2698//2698 2714//2714 2713//2713
f 2698//2698 2699//2699 2714//2714
f 2699//2699 2715//2715 2714//2714
f 2699//2699 2700//2700 2715//2715
f 2700//2700 2716//2716 2715//2715
f 2700//2700 2701//2701 2716//2716
f 2701//2701 2717//2717 2716//2716
f 2701//2701 2686//2686 2717//2717
f 2686//2686 2702//2702 2717//2717
f 2702//2702 2703//2703 2718//2718
f 2703//2703 2719//2719 2718//2718
f 2703//2703 2704//2704 2719//2719
f 2704//2704 2720//2720 2719//2719
f 2704//2704 2705//2705 2720//2720
f 2705//2705 2721//2721 2720//2720
f 2705//2705 2706//2706 2721//2721
f 2706//2706 2722//2722 2721//2721
f 2706//2706 2707//2707 2722//2722
f 2707//2707 2723//2723 2722//2722
f 2707//2707 2708//2708 2723//2723
f 2708//2708 2724//2724 2723//2723
f 2708//2708 2709//2709 2724//2724
f 2709//2709 2725//2725 2724//2724
f 2709//2709 2710//2710 2725//2725
f 2710//2710 2726//2726 2725//2725
f 2710//2710 2711//2711 2726//2726
f 2711//2711 2727//2727 2726//2726
f 2711//2711 2712//2712 2727//2727
f 2712//2712 2728//2728 2727//2727
f 2712//2712 2713//2713 2728//2728
f 2713//2713 2729//2729 2728//2728
f 2713//2713 2714//2714 2729//2729
f 2714//2714 2730//2730 2729//2729
f 2714//2714 2715//2715 2730//2730
f 2715//2715 2731//2731 2730//2730
f 2715//2715 2716//2716 2731//2731
f 2716//2716 2732//2732 2731//2731
f 2716//2716 2717//2717 2732//2732
f 2717//2717 2733//2733 2732//2732
f 2717//2717 2702//2702 2733//2733
f 2702//2702 2718//2718 2733//2733
f 2718//2718 2719//2719 2557//2557
f 2719//2719 2720//2720 2557//2557
f 2720//2720 2721//2721 2557//2557
f 2721//2721 2722//2722 2557//2557
f 2722//2722 2723//2723 2557//2557
f 2723//2723 2724//2724 2557//2557
f 2724//2724 2725//2725 2557//2557
f 2725//2725 2726//2726 2557//2557
f 2726//2726 2727//2727 2557//2557
f 2727//2727 2728//2728 2557//2557
f 2728//2728 2729//2729 2557//2557
f 2729//2729 2730//2730 2557//2557
f 2730//2730 2731//2731 2557//2557
f 2731//2731 2732//2732 2557//2557
f 2732//2732 2733//2733 2557//2557
f 2733//2733 2718//2718 2557//2557
o haunch
usemtl cute_green
s 1
f 2734//2734 2737//2737 2736//2736
f 2734//2734 2738//2738 2737//2737
f 2734//2734 2739//2739 2738//2738
f 2734//2734 2740//2740 2739//2739
f 2734//2734 2741//2741 2740//2740
f 2734//2734 2742//2742 2741//2741
f 2734//2734 2743//2743 2742//2742
f 2734//2734 2744//2744 2743//2743
f 2734//2734 2745//2745 2744//2744
f 2734//2734 2746//2746 2745//2745
f 2734//2734 2747//2747 2746//2746
f 2734//2734 2748//2748 2747//2747
f 2734//2734 2749//2749 2748//2748
f 2734//2734 2750//2750 2749//2749
f 2734//2734 2751//2751 2750//2750
f 2734//2734 2736//2736 2751//2751
f 2736//2736 2737//2737 2752//2752
f 2737//2737 2753//2753 2752//2752
f 2737//2737 2738//2738 2753//2753
f 2738//2738 2754//2754 2753//2753
f 2738//2738 2739//2739 2754//2754
f 2739//2739 2755//2755 2754//2754
f 2739//2739 2740//2740 2755//2755
f 2740//2740 2756//2756 2755//2755
f 2740//2740 2741//2741 2756//2756
f 2741//2741 2757//2757 2756//2756
f 2741//2741 2742//2742 2757//2757
f 2742//2742 2758//2758 2757//2757
f 2742//2742 2743//2743 2758//2758
f 2743//2743 2759//2759 2758//2758
f 2743//2743 2744//2744 2759//2759
f 2744//2744 2760//2760 2759//2759
f 2744//2744 2745//2745 2760//2760
f 2745//2745 2761//2761 2760//2760
f 2745//2745 2746//2746 2761//2761
f 2746//2746 2762//2762 2761//2761
f 2746//2746 2747//2747 2762//2762
f 2747//2747 2763//2763 2762//2762
f 2747//2747 2748//2748 2763//2763
f 2748//2748 2764//2764 2763//2763
f 2748//2748 2749//2749 2764//2764
f 2749//2749 2765//2765 2764//2764
f 2749//2749 2750//2750 2765//2765
f 2750//2750 2766//2766 2765//2765
f 2750//2750 2751//2751 2766//2766
f 2751//2751 2767//2767 2766//2766
f 2751//2751 2736//2736 2767//2767
f 2736//2736 2752//2752 2767//2767
f 2752//2752 2753//2753 2768//2768
f 2753//2753 2769//2769 2768//2768
f 2753//2753 2754//2754 2769//2769
f 2754//2754 2770//2770 2769//2769
f 2754//2754 2755//2755 2770//2770
f 2755//2755 2771//2771 2770//2770
f 2755//2755 2756//2756 2771//2771
f 2756//2756 2772//2772 2771//2771
f 2756//2756 2757//2757 2772//2772
f 2757//2757 2773//2773 2772//2772
f 2757//2757 2758//2758 2773//2773
f 2758//2758 2774//2774 2773//2773
f 2758//2758 2759//2759 2774//2774
f 2759//2759 2775//2775 2774//2774
f 2759//2759 2760//2760 2775//2775
f 2760//2760 2776//2776 2775//2775
f 2760//2760 2761//2761 2776//2776
f 2761//2761 2777//2777 2776//2776
f 2761//2761 2762//2762 2777//2777
f 2762//2762 2778//2778 2777//2777
f 2762//2762 2763//2763 2778//2778
f 2763//2763 2779//2779 2778//2778
f 2763//2763 2764//2764 2779//2779
f 2764//2764 2780//2780 2779//2779
f 2764//2764 2765//2765 2780//2780
f 2765//2765 2781//2781 2780//2780
f 2765//2765 2766//2766 2781//2781
f 2766//2766 2782//2782 2781//2781
f 2766//2766 2767//2767 2782//2782
f 2767//2767 2783//2783 2782//2782
f 2767//2767 2752//2752 2783//2783
f 2752//2752 2768//2768 2783//2783
f 2768//2768 2769//2769 2784//2784
f 2769//2769 2785//2785 2784//2784
f 2769//2769 2770//2770 2785//2785
f 2770//2770 2786//2786 2785//2785
f 2770//2770 2771//2771 2786//2786
f 2771//2771 2787//2787 2786//2786
f 2771//2771 2772//2772 2787//2787
f 2772//2772 2788//2788 2787//2787
f 2772//2772 2773//2773 2788//2788
f 2773//2773 2789//2789 2788//2788
f 2773//2773 2774//2774 2789//2789
f 2774//2774 2790//2790 2789//2789
f 2774//2774 2775//2775 2790//2790
f 2775//2775 2791//2791 2790//2790
f 2775//2775 2776//2776 2791//2791
f 2776//2776 2792//2792 2791//2791
f 2776//2776 2777//2777 2792//2792
f 2777//2777 2793//2793 2792//2792
f 2777//2777 2778//2778 2793//2793
f 2778//2778 2794//2794 2793//2793
f 2778//2778 2779//2779 2794//2794
f 2779//2779 2795//2795 2794//2794
f 2779//2779 2780//2780 2795//2795
f 2780//2780 2796//2796 2795//2795
f 2780//2780 2781//2781 2796//2796
f 2781//2781 2797//2797 2796//2796
f 2781//2781 2782//2782 2797//2797
f 2782//2782 2798//2798 2797//2797
f 2782//2782 2783//2783 2798//2798
f 2783//2783 2799//2799 2798//2798
f 2783//2783 2768//2768 2799//2799
f 2768//2768 2784//2784 2799//2799
f 2784//2784 2785//2785 2800//2800
f 2785//2785 2801//2801 2800//2800
f 2785//2785 2786//2786 2801//2801
f 2786//2786 2802//2802 2801//2801
f 2786//2786 2787//2787 2802//2802
f 2787//2787 2803//2803 2802//2802
f 2787//2787 2788//2788 2803//2803
f 2788//2788 2804//2804 2803//2803
f 2788//2788 2789//2789 2804//2804
f 2789//2789 2805//2805 2804//2804
f 2789//2789 2790//2790 2805//2805
f 2790//2790 2806//2806 2805//2805
f 2790//2790 2791//2791 2806//2806
f 2791//2791 2807//2807 2806//2806
f 2791//2791 2792//2792 2807//2807
f 2792//2792 2808//2808 2807//2807
f 2792//2792 2793//2793 2808//2808
f 2793//2793 2809//2809 2808//2808
f 2793//2793 2794//2794 2809//2809
f 2794//2794 2810//2810 2809//2809
f 2794//2794 2795//2795 2810//2810
f 2795//2795 2811//2811 2810//2810
f 2795//2795 2796//2796 2811//2811
f 2796//2796 2812//2812 2811//2811
f 2796//2796 2797//2797 2812//2812
f 2797//2797 2813//2813 2812//2812
f 2797//2797 2798//2798 2813//2813
f 2798//2798 2814//2814 2813//2813
f 2798//2798 2799//2799 2814//2814
f 2799//2799 2815//2815 2814//2814
f 2799//2799 2784//2784 2815//2815
f 2784//2784 2800//2800 2815//2815
f 2800//2800 2801//2801 2816//2816
f 2801//2801 2817//2817 2816//2816
f 2801//2801 2802//2802 2817//2817
f 2802//2802 2818//2818 2817//2817
f 2802//2802 2803//2803 2818//2818
f 2803//2803 2819//2819 2818//2818
f 2803//2803 2804//2804 2819//2819
f 2804//2804 2820//2820 2819//2819
f 2804//2804 2805//2805 2820//2820
f 2805//2805 2821//2821 2820//2820
f 2805//2805 2806//2806 2821//2821
f 2806//2806 2822//2822 2821//2821
f 2806//2806 2807//2807 2822//2822
f 2807//2807 2823//2823 2822//2822
f 2807//2807 2808//2808 2823//2823
f 2808//2808 2824//2824 2823//2823
f 2808//2808 2809//2809 2824//2824
f 2809//2809 2825//2825 2824//2824
f 2809//2809 2810//2810 2825//2825
f 2810//2810 2826//2826 2825//2825
f 2810//2810 2811//2811 2826//2826
f 2811//2811 2827//2827 2826//2826
f 2811//2811 2812//2812 2827//2827
f 2812//2812 2828//2828 2827//2827
f 2812//2812 2813//2813 2828//2828
f 2813//2813 2829//2829 2828//2828
f 2813//2813 2814//2814 2829//2829
f 2814//2814 2830//2830 2829//2829
f 2814//2814 2815//2815 2830//2830
f 2815//2815 2831//2831 2830//2830
f 2815//2815 2800//2800 2831//2831
f 2800//2800 2816//2816 2831//2831
f 2816//2816 2817//2817 2832//2832
f 2817//2817 2833//2833 2832//2832
f 2817//2817 2818//2818 2833//2833
f 2818//2818 2834//2834 2833//2833
f 2818//2818 2819//2819 2834//2834
f 2819//2819 2835//2835 2834//2834
f 2819//2819 2820//2820 2835//2835
f 2820//2820 2836//2836 2835//2835
f 2820//2820 2821//2821 2836//2836
f 2821//2821 2837//2837 2836//2836
f 2821//2821 2822//2822 2837//2837
f 2822//2822 2838//2838 2837//2837
f 2822//2822 2823//2823 2838//2838
f 2823//2823 2839//2839 2838//2838
f 2823//2823 2824//2824 2839//2839
f 2824//2824 2840//2840 2839//2839
f 2824//2824 2825//2825 2840//2840
f 2825//2825 2841//2841 2840//2840
f 2825//2825 2826//2826 2841//2841
f 2826//2826 2842//2842 2841//2841
f 2826//2826 2827//2827 2842//2842
f 2827//2827 2843//2843 2842//2842
f 2827//2827 2828//2828 2843//2843
f 2828//2828 2844//2844 2843//2843
f 2828//2828 2829//2829 2844//2844
f 2829//2829 2845//2845 2844//2844
f 2829//2829 2830//2830 2845//2845
f 2830//2830 2846//2846 2845//2845
f 2830//2830 2831//2831 2846//2846
f 2831//2831 2847//2847 2846//2846
f 2831//2831 2816//2816 2847//2847
f 2816//2816 2832//2832 2847//2847
f 2832//2832 2833//2833 2848//2848
f 2833//2833 2849//2849 2848//2848
f 2833//2833 2834//2834 2849//2849
f 2834//2834 2850//2850 2849//2849
f 2834//2834 2835//2835 2850//2850
f 2835//2835 2851//2851 2850//2850
f 2835//2835 2836//2836 2851//2851
f 2836//2836 2852//2852 2851//2851
f 2836//2836 2837//2837 2852//2852
f 2837//2837 2853//2853 2852//2852
f 2837//2837 2838//2838 2853//2853
f 2838//2838 2854//2854 2853//2853
f 2838//2838 2839//2839 2854//2854
f 2839//2839 2855//2855 2854//2854
f 2839//2839 2840//2840 2855//2855
f 2840//2840 2856//2856 2855//2855
f 2840//2840 2841//2841 2856//2856
f 2841//2841 2857//2857 2856//2856
f 2841//2841 2842//2842 2857//2857
f 2842//2842 2858//2858 2857//2857
f 2842//2842 2843//2843 2858//2858
f 2843//2843 2859//2859 2858//2858
f 2843//2843 2844//2844 2859//2859
f 2844//2844 2860//2860 2859//2859
f 2844//2844 2845//2845 2860//2860
f 2845//2845 2861//2861 2860//2860
f 2845//2845 2846//2846 2861//2861
f 2846//2846 2862//2862 2861//2861
f 2846//2846 2847//2847 2862//2862
f 2847//2847 2863//2863 2862//2862
f 2847//2847 2832//2832 2863//2863
f 2832//2832 2848//2848 2863//2863
f 2848//2848 2849//2849 2864//2864
f 2849//2849 2865//2865 2864//2864
f 2849//2849 2850//2850 2865//2865
f 2850//2850 2866//2866 2865//2865
f 2850//2850 2851//2851 2866//2866
f 2851//2851 2867//2867 2866//2866
f 2851//2851 2852//2852 2867//2867
f 2852//2852 2868//2868 2867//2867
f 2852//2852 2853//2853 2868//2868
f 2853//2853 2869//2869 2868//2868
f 2853//2853 2854//2854 2869//2869
f 2854//2854 2870//2870 2869//2869
f 2854//2854 2855//2855 2870//2870
f 2855//2855 2871//2871 2870//2870
f 2855//2855 2856//2856 2871//2871
f 2856//2856 2872//2872 2871//2871
f 2856//2856 2857//2857 2872//2872
f 2857//2857 2873//2873 2872//2872
f 2857//2857 2858//2858 2873//2873
f 2858//2858 2874//2874 2873//2873
f 2858//2858 2859//2859 2874//2874
f 2859//2859 2875//2875 2874//2874
f 2859//2859 2860//2860 2875//2875
f 2860//2860 2876//2876 2875//2875
f 2860//2860 2861//2861 2876//2876
f 2861//2861 2877//2877 2876//2876
f 2861//2861 2862//2862 2877//2877
f 2862//2862 2878//2878 2877//2877
f 2862//2862 2863//2863 2878//2878
f 2863//2863 2879//2879 2878//2878
f 2863//2863 2848//2848 2879//2879
f 2848//2848 2864//2864 2879//2879
f 2864//2864 2865//2865 2880//2880
f 2865//2865 2881//2881 2880//2880
f 2865//2865 2866//2866 2881//2881
f 2866//2866 2882//2882 2881//2881
f 2866//2866 2867//2867 2882//2882
f 2867//2867 2883//2883 2882//2882
f 2867//2867 2868//2868 2883//2883
f 2868//2868 2884//2884 2883//2883
f 2868//2868 2869//2869 2884//2884
f 2869//2869 2885//2885 2884//2884
f 2869//2869 2870//2870 2885//2885
f 2870//2870 2886//2886 2885//2885
f 2870//2870 2871//2871 2886//2886
f 2871//2871 2887//2887 2886//2886
f 2871//2871 2872//2872 2887//2887
f 2872//2872 2888//2888 2887//2887
f 2872//2872 2873//2873 2888//2888
f 2873//2873 2889//2889 2888//2888
f 2873//2873 2874//2874 2889//2889
f 2874//2874 2890//2890 2889//2889
f 2874//2874 2875//2875 2890//2890
f 2875//2875 2891//2891 2890//2890
f 2875//2875 2876//2876 2891//2891
f 2876//2876 2892//2892 2891//2891
f 2876//2876 2877//2877 2892//2892
f 2877//2877 2893//2893 2892//2892
f 2877//2877 2878//2878 2893//2893
f 2878//2878 2894//2894 2893//2893
f 2878//2878 2879//2879 2894//2894
f 2879//2879 2895//2895 2894//2894
f 2879//2879 2864//2864 2895//2895
f 2864//2864 2880//2880 2895//2895
f 2880//2880 2881//2881 2896//2896
f 2881//2881 2897//2897 2896//2896
f 2881//2881 2882//2882 2897//2897
f 2882//2882 2898//2898 2897//2897
f 2882//2882 2883//2883 2898//2898
f 2883//2883 2899//2899 2898//2898
f 2883//2883 2884//2884 2899//2899
f 2884//2884 2900//2900 2899//2899
f 2884//2884 2885//2885 2900//2900
f 2885//2885 2901//2901 2900//2900
f 2885//2885 2886//2886 2901//2901
f 2886//2886 2902//2902 2901//2901
f 2886//2886 2887//2887 2902//2902
f 2887//2887 2903//2903 2902//2902
f 2887//2887 2888//2888 2903//2903
f 2888//2888 2904//2904 2903//2903
f 2888//2888 2889//2889 2904//2904
f 2889//2889 2905//2905 2904//2904
f 2889//2889 2890//2890 2905//2905
f 2890//2890 2906//2906 2905//2905
f 2890//2890 2891//2891 2906//2906
f 2891//2891 2907//2907 2906//2906
f 2891//2891 2892//2892 2907//2907
f 2892//2892 2908//2908 2907//2907
f 2892//2892 2893//2893 2908//2908
f 2893//2893 2909//2909 2908//2908
f 2893//2893 2894//2894 2909//2909
f 2894//2894 2910//2910 2909//2909
f 2894//2894 2895//2895 2910//2910
f 2895//2895 2911//2911 2910//2910
f 2895//2895 2880//2880 2911//2911
f 2880//2880 2896//2896 2911//2911
f 2896//2896 2897//2897 2735//2735
f 2897//2897 2898//2898 2735//2735
f 2898//2898 2899//2899 2735//2735
f 2899//2899 2900//2900 2735//2735
f 2900//2900 2901//2901 2735//2735
f 2901//2901 2902//2902 2735//2735
f 2902//2902 2903//2903 2735//2735
f 2903//2903 2904//2904 2735//2735
f 2904//2904 2905//2905 2735//2735
f 2905//2905 2906//2906 2735//2735
f 2906//2906 2907//2907 2735//2735
f 2907//2907 2908//2908 2735//2735
f 2908//2908 2909//2909 2735//2735
f 2909//2909 2910//2910 2735//2735
f 2910//2910 2911//2911 2735//2735
f 2911//2911 2896//2896 2735//2735
o haunch
usemtl cute_green
s 1
f 2912//2912 2915//2915 2914//2914
f 2912//2912 2916//2916 2915//2915
f 2912//2912 2917//2917 2916//2916
f 2912//2912 2918//2918 2917//2917
f 2912//2912 2919//2919 2918//2918
f 2912//2912 2920//2920 2919//2919
f 2912//2912 2921//2921 2920//2920
f 2912//2912 2922//2922 2921//2921
f 2912//2912 2923//2923 2922//2922
f 2912//2912 2924//2924 2923//2923
f 2912//2912 2925//2925 2924//2924
f 2912//2912 2926//2926 2925//2925
f 2912//2912 2927//2927 2926//2926
f 2912//2912 2928//2928 2927//2927
f 2912//2912 2929//2929 2928//2928
f 2912//2912 2914//2914 2929//2929
f 2914//2914 2915//2915 2930//2930
f 2915//2915 2931//2931 2930//2930
f 2915//2915 2916//2916 2931//2931
f 2916//2916 2932//2932 2931//2931
f 2916//2916 2917//2917 2932//2932
f 2917//2917 2933//2933 2932//2932
f 2917//2917 2918//2918 2933//2933
f 2918//2918 2934//2934 2933//2933
f 2918//2918 2919//2919 2934//2934
f 2919//2919 2935//2935 2934//2934
f 2919//2919 2920//2920 2935//2935
f 2920//2920 2936//2936 2935//2935
f 2920//2920 2921//2921 2936//2936
f 2921//2921 2937//2937 2936//2936
f 2921//2921 2922//2922 2937//2937
f 2922//2922 2938//2938 2937//2937
f 2922//2922 2923//2923 2938//2938
f 2923//2923 2939//2939 2938//2938
f 2923//2923 2924//2924 2939//2939
f 2924//2924 2940//2940 2939//2939
f 2924//2924 2925//2925 2940//2940
f 2925//2925 2941//2941 2940//2940
f 2925//2925 2926//2926 2941//2941
f 2926//2926 2942//2942 2941//2941
f 2926//2926 2927//2927 2942//2942
f 2927//2927 2943//2943 2942//2942
f 2927//2927 2928//2928 2943//2943
f 2928//2928 2944//2944 2943//2943
f 2928//2928 2929//2929 2944//2944
f 2929//2929 2945//2945 2944//2944
f 2929//2929 2914//2914 2945//2945
f 2914//2914 2930//2930 2945//2945
f 2930//2930 2931//2931 2946//2946
f 2931//2931 2947//2947 2946//2946
f 2931//2931 2932//2932 2947//2947
f 2932//2932 2948//2948 2947//2947
f 2932//2932 2933//2933 2948//2948
f 2933//2933 2949//2949 2948//2948
f 2933//2933 2934//2934 2949//2949
f 2934//2934 2950//2950 2949//2949
f 2934//2934 2935//2935 2950//2950
f 2935//2935 2951//2951 2950//2950
f 2935//2935 2936//2936 2951//2951
f 2936//2936 2952//2952 2951//2951
f 2936//2936 2937//2937 2952//2952
f 2937//2937 2953//2953 2952//2952
f 2937//2937 2938//2938 2953//2953
f 2938//2938 2954//2954 2953//2953
f 2938//2938 2939//2939 2954//2954
f 2939//2939 2955//2955 2954//2954
f 2939//2939 2940//2940 2955//2955
f 2940//2940 2956//2956 2955//2955
f 2940//2940 2941//2941 2956//2956
f 2941//2941 2957//2957 2956//2956
f 2941//2941 2942//2942 2957//2957
f 2942//2942 2958//2958 2957//2957
f 2942//2942 2943//2943 2958//2958
f 2943//2943 2959//2959 2958//2958
f 2943//2943 2944//2944 2959//2959
f 2944//2944 2960//2960 2959//2959
f 2944//2944 2945//2945 2960//2960
f 2945//2945 2961//2961 2960//2960
f 2945//2945 2930//2930 2961//2961
f 2930//2930 2946//2946 2961//2961
f 2946//2946 2947//2947 2962//2962
f 2947//2947 2963//2963 2962//2962
f 2947//2947 2948//2948 2963//2963
f 2948//2948 2964//2964 2963//2963
f 2948//2948 2949//2949 2964//2964
f 2949//2949 2965//2965 2964//2964
f 2949//2949 2950//2950 2965//2965
f 2950//2950 2966//2966 2965//2965
f 2950//2950 2951//2951 2966//2966
f 2951//2951 2967//2967 2966//2966
f 2951//2951 2952//2952 2967//2967
f 2952//2952 2968//2968 2967//2967
f 2952//2952 2953//2953 2968//2968
f 2953//2953 2969//2969 2968//2968
f 2953//2953 2954//2954 2969//2969
f 2954//2954 2970//2970 2969//2969
f 2954//2954 2955//2955 2970//2970
f 2955//2955 2971//2971 2970//2970
f 2955//2955 2956//2956 2971//2971
f 2956//2956 2972//2972 2971//2971
f 2956//2956 2957//2957 2972//2972
f 2957//2957 2973//2973 2972//2972
f 2957//2957 2958//2958 2973//2973
f 2958//2958 2974//2974 2973//2973
f 2958//2958 2959//2959 2974//2974
f 2959//2959 2975//2975 2974//2974
f 2959//2959 2960//2960 2975//2975
f 2960//2960 2976//2976 2975//2975
f 2960//2960 2961//2961 2976//2976
f 2961//2961 2977//2977 2976//2976
f 2961//2961 2946//2946 2977//2977
f 2946//2946 2962//2962 2977//2977
f 2962//2962 2963//2963 2978//2978
f 2963//2963 2979//2979 2978//2978
f 2963//2963 2964//2964 2979//2979
f 2964//2964 2980//2980 2979//2979
f 2964//2964 2965//2965 2980//2980
f 2965//2965 2981//2981 2980//2980
f 2965//2965 2966//2966 2981//2981
f 2966//2966 2982//2982 2981//2981
f 2966//2966 2967//2967 2982//2982
f 2967//2967 2983//2983 2982//2982
f 2967//2967 2968//2968 2983//2983
f 2968//2968 2984//2984 2983//2983
f 2968//2968 2969//2969 2984//2984
f 2969//2969 2985//2985 2984//2984
f 2969//2969 2970//2970 2985//2985
f 2970//2970 2986//2986 2985//2985
f 2970//2970 2971//2971 2986//2986
f 2971//2971 2987//2987 2986//2986
f 2971//2971 2972//2972 2987//2987
f 2972//2972 2988//2988 2987//2987
f 2972//2972 2973//2973 2988//2988
f 2973//2973 2989//2989 2988//2988
f 2973//2973 2974//2974 2989//2989
f 2974//2974 2990//2990 2989//2989
f 2974//2974 2975//2975 2990//2990
f 2975//2975 2991//2991 2990//2990
f 2975//2975 2976//2976 2991//2991
f 2976//2976 2992//2992 2991//2991
f 2976//2976 2977//2977 2992//2992
f 2977//2977 2993//2993 2992//2992
f 2977//2977 2962//2962 2993//2993
f 2962//2962 2978//2978 2993//2993
f 2978//2978 2979//2979 2994//2994
f 2979//2979 2995//2995 2994//2994
f 2979//2979 2980//2980 2995//2995
f 2980//2980 2996//2996 2995//2995
f 2980//2980 2981//2981 2996//2996
f 2981//2981 2997//2997 2996//2996
f 2981//2981 2982//2982 2997//2997
f 2982//2982 2998//2998 2997//2997
f 2982//2982 2983//2983 2998//2998
f 2983//2983 2999//2999 2998//2998
f 2983//2983 2984//2984 2999//2999
f 2984//2984 3000//3000 2999//2999
f 2984//2984 2985//2985 3000//3000
f 2985//2985 3001//3001 3000//3000
f 2985//2985 2986//2986 3001//3001
f 2986//2986 3002//3002 3001//3001
f 2986//2986 2987//2987 3002//3002
f 2987//2987 3003//3003 3002//3002
f 2987//2987 2988//2988 3003//3003
f 2988//2988 3004//3004 3003//3003
f 2988//2988 2989//2989 3004//3004
f 2989//2989 3005//3005 3004//3004
f 2989//2989 2990//2990 3005//3005
f 2990//2990 3006//3006 3005//3005
f 2990//2990 2991//2991 3006//3006
f 2991//2991 3007//3007 3006//3006
f 2991//2991 2992//2992 3007//3007
f 2992//2992 3008//3008 3007//3007
f 2992//2992 2993//2993 3008//3008
f 2993//2993 3009//3009 3008//3008
f 2993//2993 2978//2978 3009//3009
f 2978//2978 2994//2994 3009//3009
f 2994//2994 2995//2995 3010//3010
f 2995//2995 3011//3011 3010//3010
f 2995//2995 2996//2996 3011//3011
f 2996//2996 3012//3012 3011//3011
f 2996//2996 2997//2997 3012//3012
f 2997//2997 3013//3013 3012//3012
f 2997//2997 2998//2998 3013//3013
f 2998//2998 3014//3014 3013//3013
f 2998//2998 2999//2999 3014//3014
f 2999//2999 3015//3015 3014//3014
f 2999//2999 3000//3000 3015//3015
f 3000//3000 3016//3016 3015//3015
f 3000//3000 3001//3001 3016//3016
f 3001//3001 3017//3017 3016//3016
f 3001//3001 3002//3002 3017//3017
f 3002//3002 3018//3018 3017//3017
f 3002//3002 3003//3003 3018//3018
f 3003//3003 3019//3019 3018//3018
f 3003//3003 3004//3004 3019//3019
f 3004//3004 3020//3020 3019//3019
f 3004//3004 3005//3005 3020//3020
f 3005//3005 3021//3021 3020//3020
f 3005//3005 3006//3006 3021//3021
f 3006//3006 3022//3022 3021//3021
f 3006//3006 3007//3007 3022//3022
f 3007//3007 3023//3023 3022//3022
f 3007//3007 3008//3008 3023//3023
f 3008//3008 3024//3024 3023//3023
f 3008//3008 3009//3009 3024//3024
f 3009//3009 3025//3025 3024//3024
f 3009//3009 2994//2994 3025//3025
f 2994//2994 3010//3010 3025//3025
f 3010//3010 3011//3011 3026//3026
f 3011//3011 3027//3027 3026//3026
f 3011//3011 3012//3012 3027//3027
f 3012//3012 3028//3028 3027//3027
f 3012//3012 3013//3013 3028//3028
f 3013//3013 3029//3029 3028//3028
f 3013//3013 3014//3014 3029//3029
f 3014//3014 3030//3030 3029//3029
f 3014//3014 3015//3015 3030//3030
f 3015//3015 3031//3031 3030//3030
f 3015//3015 3016//3016 3031//3031
f 3016//3016 3032//3032 3031//3031
f 3016//3016 3017//3017 3032//3032
f 3017//3017 3033//3033 3032//3032
f 3017//3017 3018//3018 3033//3033
f 3018//3018 3034//3034 3033//3033
f 3018//3018 3019//3019 3034//3034
f 3019//3019 3035//3035 3034//3034
f 3019//3019 3020//3020 3035//3035
f 3020//3020 3036//3036 3035//3035
f 3020//3020 3021//3021 3036//3036
f 3021//3021 3037//3037 3036//3036
f 3021//3021 3022//3022 3037//3037
f 3022//3022 3038//3038 3037//3037
f 3022//3022 3023//3023 3038//3038
f 3023//3023 3039//3039 3038//3038
f 3023//3023 3024//3024 3039//3039
f 3024//3024 3040//3040 3039//3039
f 3024//3024 3025//3025 3040//3040
f 3025//3025 3041//3041 3040//3040
f 3025//3025 3010//3010 3041//3041
f 3010//3010 3026//3026 3041//3041
f 3026//3026 3027//3027 3042//3042
f 3027//3027 3043//3043 3042//3042
f 3027//3027 3028//3028 3043//3043
f 3028//3028 3044//3044 3043//3043
f 3028//3028 3029//3029 3044//3044
f 3029//3029 3045//3045 3044//3044
f 3029//3029 3030//3030 3045//3045
f 3030//3030 3046//3046 3045//3045
f 3030//3030 3031//3031 3046//3046
f 3031//3031 3047//3047 3046//3046
f 3031//3031 3032//3032 3047//3047
f 3032//3032 3048//3048 3047//3047
f 3032//3032 3033//3033 3048//3048
f 3033//3033 3049//3049 3048//3048
f 3033//3033 3034//3034 3049//3049
f 3034//3034 3050//3050 3049//3049
f 3034//3034 3035//3035 3050//3050
f 3035//3035 3051//3051 3050//3050
f 3035//3035 3036//3036 3051//3051
f 3036//3036 3052//3052 3051//3051
f 3036//3036 3037//3037 3052//3052
f 3037//3037 3053//3053 3052//3052
f 3037//3037 3038//3038 3053//3053
f 3038//3038 3054//3054 3053//3053
f 3038//3038 3039//3039 3054//3054
f 3039//3039 3055//3055 3054//3054
f 3039//3039 3040//3040 3055//3055
f 3040//3040 3056//3056 3055//3055
f 3040//3040 3041//3041 3056//3056
f 3041//3041 3057//3057 3056//3056
f 3041//3041 3026//3026 3057//3057
f 3026//3026 3042//3042 3057//3057
f 3042//3042 3043//3043 3058//3058
f 3043//3043 3059//3059 3058//3058
f 3043//3043 3044//3044 3059//3059
f 3044//3044 3060//3060 3059//3059
f 3044//3044 3045//3045 3060//3060
f 3045//3045 3061//3061 3060//3060
f 3045//3045 3046//3046 3061//3061
f 3046//3046 3062//3062 3061//3061
f 3046//3046 3047//3047 3062//3062
f 3047//3047 3063//3063 3062//3062
f 3047//3047 3048//3048 3063//3063
f 3048//3048 3064//3064 3063//3063
f 3048//3048 3049//3049 3064//3064
f 3049//3049 3065//3065 3064//3064
f 3049//3049 3050//3050 3065//3065
f 3050//3050 3066//3066 3065//3065
f 3050//3050 3051//3051 3066//3066
f 3051//3051 3067//3067 3066//3066
f 3051//3051 3052//3052 3067//3067
f 3052//3052 3068//3068 3067//3067
f 3052//3052 3053//3053 3068//3068
f 3053//3053 3069//3069 3068//3068
f 3053//3053 3054//3054 3069//3069
f 3054//3054 3070//3070 3069//3069
f 3054//3054 3055//3055 3070//3070
f 3055//3055 3071//3071 3070//3070
f 3055//3055 3056//3056 3071//3071
f 3056//3056 3072//3072 3071//3071
f 3056//3056 3057//3057 3072//3072
f 3057//3057 3073//3073 3072//3072
f 3057//3057 3042//3042 3073//3073
f 3042//3042 3058//3058 3073//3073
f 3058//3058 3059//3059 3074//3074
f 3059//3059 3075//3075 3074//3074
f 3059//3059 3060//3060 3075//3075
f 3060//3060 3076//3076 3075//3075
f 3060//3060 3061//3061 3076//3076
f 3061//3061 3077//3077 3076//3076
f 3061//3061 3062//3062 3077//3077
f 3062//3062 3078//3078 3077//3077
f 3062//3062 3063//3063 3078//3078
f 3063//3063 3079//3079 3078//3078
f 3063//3063 3064//3064 3079//3079
f 3064//3064 3080//3080 3079//3079
f 3064//3064 3065//3065 3080//3080
f 3065//3065 3081//3081 3080//3080
f 3065//3065 3066//3066 3081//3081
f 3066//3066 3082//3082 3081//3081
f 3066//3066 3067//3067 3082//3082
f 3067//3067 3083//3083 3082//3082
f 3067//3067 3068//3068 3083//3083
f 3068//3068 3084//3084 3083//3083
f 3068//3068 3069//3069 3084//3084
f 3069//3069 3085//3085 3084//3084
f 3069//3069 3070//3070 3085//3085
f 3070//3070 3086//3086 3085//3085
f 3070//3070 3071//3071 3086//3086
f 3071//3071 3087//3087 3086//3086
f 3071//3071 3072//3072 3087//3087
f 3072//3072 3088//3088 3087//3087
f 3072//3072 3073//3073 3088//3088
f 3073//3073 3089//3089 3088//3088
f 3073//3073 3058//3058 3089//3089
f 3058//3058 3074//3074 3089//3089
f 3074//3074 3075//3075 2913//2913
f 3075//3075 3076//3076 2913//2913
f 3076//3076 3077//3077 2913//2913
f 3077//3077 3078//3078 2913//2913
f 3078//3078 3079//3079 2913//2913
f 3079//3079 3080//3080 2913//2913
f 3080//3080 3081//3081 2913//2913
f 3081//3081 3082//3082 2913//2913
f 3082//3082 3083//3083 2913//2913
f 3083//3083 3084//3084 2913//2913
f 3084//3084 3085//3085 2913//2913
f 3085//3085 3086//3086 2913//2913
f 3086//3086 3087//3087 2913//2913
f 3087//3087 3088//3088 2913//2913
f 3088//3088 3089//3089 2913//2913
f 3089//3089 3074//3074 2913//2913
o haunch
usemtl cute_green
s 1
f 3090//3090 3093//3093 3092//3092
f 3090//3090 3094//3094 3093//3093
f 3090//3090 3095//3095 3094//3094
f 3090//3090 3096//3096 3095//3095
f 3090//3090 3097//3097 3096//3096
f 3090//3090 3098//3098 3097//3097
f 3090//3090 3099//3099 3098//3098
f 3090//3090 3100//3100 3099//3099
f 3090//3090 3101//3101 3100//3100
f 3090//3090 3102//3102 3101//3101
f 3090//3090 3103//3103 3102//3102
f 3090//3090 3104//3104 3103//3103
f 3090//3090 3105//3105 3104//3104
f 3090//3090 3106//3106 3105//3105
f 3090//3090 3107//3107 3106//3106
f 3090//3090 3092//3092 3107//3107
f 3092//3092 3093//3093 3108//3108
f 3093//3093 3109//3109 3108//3108
f 3093//3093 3094//3094 3109//3109
f 3094//3094 3110//3110 3109//3109
f 3094//3094 3095//3095 3110//3110
f 3095//3095 3111//3111 3110//3110
f 3095//3095 3096//3096 3111//3111
f 3096//3096 3112//3112 3111//3111
f 3096//3096 3097//3097 3112//3112
f 3097//3097 3113//3113 3112//3112
f 3097//3097 3098//3098 3113//3113
f 3098//3098 3114//3114 3113//3113
f 3098//3098 3099//3099 3114//3114
f 3099//3099 3115//3115 3114//3114
f 3099//3099 3100//3100 3115//3115
f 3100//3100 3116//3116 3115//3115
f 3100//3100 3101//3101 3116//3116
f 3101//3101 3117//3117 3116//3116
f 3101//3101 3102//3102 3117//3117
f 3102//3102 3118//3118 3117//3117
f 3102//3102 3103//3103 3118//3118
f 3103//3103 3119//3119 3118//3118
f 3103//3103 3104//3104 3119//3119
f 3104//3104 3120//3120 3119//3119
f 3104//3104 3105//3105 3120//3120
f 3105//3105 3121//3121 3120//3120
f 3105//3105 3106//3106 3121//3121
f 3106//3106 3122//3122 3121//3121
f 3106//3106 3107//3107 3122//3122
f 3107//3107 3123//3123 3122//3122
f 3107//3107 3092//3092 3123//3123
f 3092//3092 3108//3108 3123//3123
f 3108//3108 3109//3109 3124//3124
f 3109//3109 3125//3125 3124//3124
f 3109//3109 3110//3110 3125//3125
f 3110//3110 3126//3126 3125//3125
f 3110//3110 3111//3111 3126//3126
f 3111//3111 3127//3127 3126//3126
f 3111//3111 3112//3112 3127//3127
f 3112//3112 3128//3128 3127//3127
f 3112//3112 3113//3113 3128//3128
f 3113//3113 3129//3129 3128//3128
f 3113//3113 3114//3114 3129//3129
f 3114//3114 3130//3130 3129//3129
f 3114//3114 3115//3115 3130//3130
f 3115//3115 3131//3131 3130//3130
f 3115//3115 3116//3116 3131//3131
f 3116//3116 3132//3132 3131//3131
f 3116//3116 3117//3117 3132//3132
f 3117//3117 3133//3133 3132//3132
f 3117//3117 3118//3118 3133//3133
f 3118//3118 3134//3134 3133//3133
f 3118//3118 3119//3119 3134//3134
f 3119//3119 3135//3135 3134//3134
f 3119//3119 3120//3120 3135//3135
f 3120//3120 3136//3136 3135//3135
f 3120//3120 3121//3121 3136//3136
f 3121//3121 3137//3137 3136//3136
f 3121//3121 3122//3122 3137//3137
f 3122//3122 3138//3138 3137//3137
f 3122//3122 3123//3123 3138//3138
f 3123//3123 3139//3139 3138//3138
f 3123//3123 3108//3108 3139//3139
f 3108//3108 3124//3124 3139//3139
f 3124//3124 3125//3125 3140//3140
f 3125//3125 3141//3141 3140//3140
f 3125//3125 3126//3126 3141//3141
f 3126//3126 3142//3142 3141//3141
f 3126//3126 3127//3127 3142//3142
f 3127//3127 3143//3143 3142//3142
f 3127//3127 3128//3128 3143//3143
f 3128//3128 3144//3144 3143//3143
f 3128//3128 3129//3129 3144//3144
f 3129//3129 3145//3145 3144//3144
f 3129//3129 3130//3130 3145//3145
f 3130//3130 3146//3146 3145//3145
f 3130//3130 3131//3131 3146//3146
f 3131//3131 3147//3147 3146//3146
f 3131//3131 3132//3132 3147//3147
f 3132//3132 3148//3148 3147//3147
f 3132//3132 3133//3133 3148//3148
f 3133//3133 3149//3149 3148//3148
f 3133//3133 3134//3134 3149//3149
f 3134//3134 3150//3150 3149//3149
f 3134//3134 3135//3135 3150//3150
f 3135//3135 3151//3151 3150//3150
f 3135//3135 3136//3136 3151//3151
f 3136//3136 3152//3152 3151//3151
f 3136//3136 3137//3137 3152//3152
f 3137//3137 3153//3153 3152//3152
f 3137//3137 3138//3138 3153//3153
f 3138//3138 3154//3154 3153//3153
f 3138//3138 3139//3139 3154//3154
f 3139//3139 3155//3155 3154//3154
f 3139//3139 3124//3124 3155//3155
f 3124//3124 3140//3140 3155//3155
f 3140//3140 3141//3141 3156//3156
f 3141//3141 3157//3157 3156//3156
f 3141//3141 3142//3142 3157//3157
f 3142//3142 3158//3158 3157//3157
f 3142//3142 3143//3143 3158//3158
f 3143//3143 3159//3159 3158//3158
f 3143//3143 3144//3144 3159//3159
f 3144//3144 3160//3160 3159//3159
f 3144//3144 3145//3145 3160//3160
f 3145//3145 3161//3161 3160//3160
f 3145//3145 3146//3146 3161//3161
f 3146//3146 3162//3162 3161//3161
f 3146//3146 3147//3147 3162//3162
f 3147//3147 3163//3163 3162//3162
f 3147//3147 3148//3148 3163//3163
f 3148//3148 3164//3164 3163//3163
f 3148//3148 3149//3149 3164//3164
f 3149//3149 3165//3165 3164//3164
f 3149//3149 3150//3150 3165//3165
f 3150//3150 3166//3166 3165//3165
f 3150//3150 3151//3151 3166//3166
f 3151//3151 3167//3167 3166//3166
f 3151//3151 3152//3152 3167//3167
f 3152//3152 3168//3168 3167//3167
f 3152//3152 3153//3153 3168//3168
f 3153//3153 3169//3169 3168//3168
f 3153//3153 3154//3154 3169//3169
f 3154//3154 3170//3170 3169//3169
f 3154//3154 3155//3155 3170//3170
f 3155//3155 3171//3171 3170//3170
f 3155//3155 3140//3140 3171//3171
f 3140//3140 3156//3156 3171//3171
f 3156//3156 3157//3157 3172//3172
f 3157//3157 3173//3173 3172//3172
f 3157//3157 3158//3158 3173//3173
f 3158//3158 3174//3174 3173//3173
f 3158//3158 3159//3159 3174//3174
f 3159//3159 3175//3175 3174//3174
f 3159//3159 3160//3160 3175//3175
f 3160//3160 3176//3176 3175//3175
f 3160//3160 3161//3161 3176//3176
f 3161//3161 3177//3177 3176//3176
f 3161//3161 3162//3162 3177//3177
f 3162//3162 3178//3178 3177//3177
f 3162//3162 3163//3163 3178//3178
f 3163//3163 3179//3179 3178//3178
f 3163//3163 3164//3164 3179//3179
f 3164//3164 3180//3180 3179//3179
f 3164//3164 3165//3165 3180//3180
f 3165//3165 3181//3181 3180//3180
f 3165//3165 3166//3166 3181//3181
f 3166//3166 3182//3182 3181//3181
f 3166//3166 3167//3167 3182//3182
f 3167//3167 3183//3183 3182//3182
f 3167//3167 3168//3168 3183//3183
f 3168//3168 3184//3184 3183//3183
f 3168//3168 3169//3169 3184//3184
f 3169//3169 3185//3185 3184//3184
f 3169//3169 3170//3170 3185//3185
f 3170//3170 3186//3186 3185//3185
f 3170//3170 3171//3171 3186//3186
f 3171//3171 3187//3187 3186//3186
f 3171//3171 3156//3156 3187//3187
f 3156//3156 3172//3172 3187//3187
f 3172//3172 3173//3173 3188//3188
f 3173//3173 3189//3189 3188//3188
f 3173//3173 3174//3174 3189//3189
f 3174//3174 3190//3190 3189//3189
f 3174//3174 3175//3175 3190//3190
f 3175//3175 3191//3191 3190//3190
f 3175//3175 3176//3176 3191//3191
f 3176//3176 3192//3192 3191//3191
f 3176//3176 3177//3177 3192//3192
f 3177//3177 3193//3193 3192//3192
f 3177//3177 3178//3178 3193//3193
f 3178//3178 3194//3194 3193//3193
f 3178//3178 3179//3179 3194//3194
f 3179//3179 3195//3195 3194//3194
f 3179//3179 3180//3180 3195//3195
f 3180//3180 3196//3196 3195//3195
f 3180//3180 3181//3181 3196//3196
f 3181//3181 3197//3197 3196//3196
f 3181//3181 3182//3182 3197//3197
f 3182//3182 3198//3198 3197//3197
f 3182//3182 3183//3183 3198//3198
f 3183//3183 3199//3199 3198//3198
f 3183//3183 3184//3184 3199//3199
f 3184//3184 3200//3200 3199//3199
f 3184//3184 3185//3185 3200//3200
f 3185//3185 3201//3201 3200//3200
f 3185//3185 3186//3186 3201//3201
f 3186//3186 3202//3202 3201//3201
f 3186//3186 3187//3187 3202//3202
f 3187//3187 3203//3203 3202//3202
f 3187//3187 3172//3172 3203//3203
f 3172//3172 3188//3188 3203//3203
f 3188//3188 3189//3189 3204//3204
f 3189//3189 3205//3205 3204//3204
f 3189//3189 3190//3190 3205//3205
f 3190//3190 3206//3206 3205//3205
f 3190//3190 3191//3191 3206//3206
f 3191//3191 3207//3207 3206//3206
f 3191//3191 3192//3192 3207//3207
f 3192//3192 3208//3208 3207//3207
f 3192//3192 3193//3193 3208//3208
f 3193//3193 3209//3209 3208//3208
f 3193//3193 3194//3194 3209//3209
f 3194//3194 3210//3210 3209//3209
f 3194//3194 3195//3195 3210//3210
f 3195//3195 3211//3211 3210//3210
f 3195//3195 3196//3196 3211//3211
f 3196//3196 3212//3212 3211//3211
f 3196//3196 3197//3197 3212//3212
f 3197//3197 3213//3213 3212//3212
f 3197//3197 3198//3198 3213//3213
f 3198//3198 3214//3214 3213//3213
f 3198//3198 3199//3199 3214//3214
f 3199//3199 3215//3215 3214//3214
f 3199//3199 3200//3200 3215//3215
f 3200//3200 3216//3216 3215//3215
f 3200//3200 3201//3201 3216//3216
f 3201//3201 3217//3217 3216//3216
f 3201//3201 3202//3202 3217//3217
f 3202//3202 3218//3218 3217//3217
f 3202//3202 3203//3203 3218//3218
f 3203//3203 3219//3219 3218//3218
f 3203//3203 3188//3188 3219//3219
f 3188//3188 3204//3204 3219//3219
f 3204//3204 3205//3205 3220//3220
f 3205//3205 3221//3221 3220//3220
f 3205//3205 3206//3206 3221//3221
f 3206//3206 3222//3222 3221//3221
f 3206//3206 3207//3207 3222//3222
f 3207//3207 3223//3223 3222//3222
f 3207//3207 3208//3208 3223//3223
f 3208//3208 3224//3224 3223//3223
f 3208//3208 3209//3209 3224//3224
f 3209//3209 3225//3225 3224//3224
f 3209//3209 3210//3210 3225//3225
f 3210//3210 3226//3226 3225//3225
f 3210//3210 3211//3211 3226//3226
f 3211//3211 3227//3227 3226//3226
f 3211//3211 3212//3212 3227//3227
f 3212//3212 3228//3228 3227//3227
f 3212//3212 3213//3213 3228//3228
f 3213//3213 3229//3229 3228//3228
f 3213//3213 3214//3214 3229//3229
f 3214//3214 3230//3230 3229//3229
f 3214//3214 3215//3215 3230//3230
f 3215//3215 3231//3231 3230//3230
f 3215//3215 3216//3216 3231//3231
f 3216//3216 3232//3232 3231//3231
f 3216//3216 3217//3217 3232//3232
f 3217//3217 3233//3233 3232//3232
f 3217//3217 3218//3218 3233//3233
f 3218//3218 3234//3234 3233//3233
f 3218//3218 3219//3219 3234//3234
f 3219//3219 3235//3235 3234//3234
f 3219//3219 3204//3204 3235//3235
f 3204//3204 3220//3220 3235//3235
f 3220//3220 3221//3221 3236//3236
f 3221//3221 3237//3237 3236//3236
f 3221//3221 3222//3222 3237//3237
f 3222//3222 3238//3238 3237//3237
f 3222//3222 3223//3223 3238//3238
f 3223//3223 3239//3239 3238//3238
f 3223//3223 3224//3224 3239//3239
f 3224//3224 3240//3240 3239//3239
f 3224//3224 3225//3225 3240//3240
f 3225//3225 3241//3241 3240//3240
f 3225//3225 3226//3226 3241//3241
f 3226//3226 3242//3242 3241//3241
f 3226//3226 3227//3227 3242//3242
f 3227//3227 3243//3243 3242//3242
f 3227//3227 3228//3228 3243//3243
f 3228//3228 3244//3244 3243//3243
f 3228//3228 3229//3229 3244//3244
f 3229//3229 3245//3245 3244//3244
f 3229//3229 3230//3230 3245//3245
f 3230//3230 3246//3246 3245//3245
f 3230//3230 3231//3231 3246//3246
f 3231//3231 3247//3247 3246//3246
f 3231//3231 3232//3232 3247//3247
f 3232//3232 3248//3248 3247//3247
f 3232//3232 3233//3233 3248//3248
f 3233//3233 3249//3249 3248//3248
f 3233//3233 3234//3234 3249//3249
f 3234//3234 3250//3250 3249//3249
f 3234//3234 3235//3235 3250//3250
f 3235//3235 3251//3251 3250//3250
f 3235//3235 3220//3220 3251//3251
f 3220//3220 3236//3236 3251//3251
f 3236//3236 3237//3237 3252//3252
f 3237//3237 3253//3253 3252//3252
f 3237//3237 3238//3238 3253//3253
f 3238//3238 3254//3254 3253//3253
f 3238//3238 3239//3239 3254//3254
f 3239//3239 3255//3255 3254//3254
f 3239//3239 3240//3240 3255//3255
f 3240//3240 3256//3256 3255//3255
f 3240//3240 3241//3241 3256//3256
f 3241//3241 3257//3257 3256//3256
f 3241//3241 3242//3242 3257//3257
f 3242//3242 3258//3258 3257//3257
f 3242//3242 3243//3243 3258//3258
f 3243//3243 3259//3259 3258//3258
f 3243//3243 3244//3244 3259//3259
f 3244//3244 3260//3260 3259//3259
f 3244//3244 3245//3245 3260//3260
f 3245//3245 3261//3261 3260//3260
f 3245//3245 3246//3246 3261//3261
f 3246//3246 3262//3262 3261//3261
f 3246//3246 3247//3247 3262//3262
f 3247//3247 3263//3263 3262//3262
f 3247//3247 3248//3248 3263//3263
f 3248//3248 3264//3264 3263//3263
f 3248//3248 3249//3249 3264//3264
f 3249//3249 3265//3265 3264//3264
f 3249//3249 3250//3250 3265//3265
f 3250//3250 3266//3266 3265//3265
f 3250//3250 3251//3251 3266//3266
f 3251//3251 3267//3267 3266//3266
f 3251//3251 3236//3236 3267//3267
f 3236//3236 3252//3252 3267//3267
f 3252//3252 3253//3253 3091//3091
f 3253//3253 3254//3254 3091//3091
f 3254//3254 3255//3255 3091//3091
f 3255//3255 3256//3256 3091//3091
f 3256//3256 3257//3257 3091//3091
f 3257//3257 3258//3258 3091//3091
f 3258//3258 3259//3259 3091//3091
f 3259//3259 3260//3260 3091//3091
f 3260//3260 3261//3261 3091//3091
f 3261//3261 3262//3262 3091//3091
f 3262//3262 3263//3263 3091//3091
f 3263//3263 3264//3264 3091//3091
f 3264//3264 3265//3265 3091//3091
f 3265//3265 3266//3266 3091//3091
f 3266//3266 3267//3267 3091//3091
f 3267//3267 3252//3252 3091//3091
o leg
usemtl cute_green
s 1
f 3268//3268 3269//3269 3284//3284
f 3269//3269 3285//3285 3284//3284
f 3269//3269 3270//3270 3285//3285
f 3270//3270 3286//3286 3285//3285
f 3270//3270 3271//3271 3286//3286
f 3271//3271 3287//3287 3286//3286
f 3271//3271 3272//3272 3287//3287
f 3272//3272 3288//3288 3287//3287
f 3272//3272 3273//3273 3288//3288
f 3273//3273 3289//3289 3288//3288
f 3273//3273 3274//3274 3289//3289
f 3274//3274 3290//3290 3289//3289
f 3274//3274 3275//3275 3290//3290
f 3275//3275 3291//3291 3290//3290
f 3275//3275 3276//3276 3291//3291
f 3276//3276 3292//3292 3291//3291
f 3276//3276 3277//3277 3292//3292
f 3277//3277 3293//3293 3292//3292
f 3277//3277 3278//3278 3293//3293
f 3278//3278 3294//3294 3293//3293
f 3278//3278 3279//3279 3294//3294
f 3279//3279 3295//3295 3294//3294
f 3279//3279 3280//3280 3295//3295
f 3280//3280 3296//3296 3295//3295
f 3280//3280 3281//3281 3296//3296
f 3281//3281 3297//3297 3296//3296
f 3281//3281 3282//3282 3297//3297
f 3282//3282 3298//3298 3297//3297
f 3282//3282 3283//3283 3298//3298
f 3283//3283 3299//3299 3298//3298
f 3283//3283 3268//3268 3299//3299
f 3268//3268 3284//3284 3299//3299
f 3284//3284 3285//3285 3300//3300
f 3285//3285 3301//3301 3300//3300
f 3285//3285 3286//3286 3301//3301
f 3286//3286 3302//3302 3301//3301
f 3286//3286 3287//3287 3302//3302
f 3287//3287 3303//3303 3302//3302
f 3287//3287 3288//3288 3303//3303
f 3288//3288 3304//3304 3303//3303
f 3288//3288 3289//3289 3304//3304
f 3289//3289 3305//3305 3304//3304
f 3289//3289 3290//3290 3305//3305
f 3290//3290 3306//3306 3305//3305
f 3290//3290 3291//3291 3306//3306
f 3291//3291 3307//3307 3306//3306
f 3291//3291 3292//3292 3307//3307
f 3292//3292 3308//3308 3307//3307
f 3292//3292 3293//3293 3308//3308
f 3293//3293 3309//3309 3308//3308
f 3293//3293 3294//3294 3309//3309
f 3294//3294 3310//3310 3309//3309
f 3294//3294 3295//3295 3310//3310
f 3295//3295 3311//3311 3310//3310
f 3295//3295 3296//3296 3311//3311
f 3296//3296 3312//3312 3311//3311
f 3296//3296 3297//3297 3312//3312
f 3297//3297 3313//3313 3312//3312
f 3297//3297 3298//3298 3313//3313
f 3298//3298 3314//3314 3313//3313
f 3298//3298 3299//3299 3314//3314
f 3299//3299 3315//3315 3314//3314
f 3299//3299 3284//3284 3315//3315
f 3284//3284 3300//3300 3315//3315
f 3316//3316 3300//3300 3301//3301
f 3316//3316 3301//3301 3302//3302
f 3316//3316 3302//3302 3303//3303
f 3316//3316 3303//3303 3304//3304
f 3316//3316 3304//3304 3305//3305
f 3316//3316 3305//3305 3306//3306
f 3316//3316 3306//3306 3307//3307
f 3316//3316 3307//3307 3308//3308
f 3316//3316 3308//3308 3309//3309
f 3316//3316 3309//3309 3310//3310
f 3316//3316 3310//3310 3311//3311
f 3316//3316 3311//3311 3312//3312
f 3316//3316 3312//3312 3313//3313
f 3316//3316 3313//3313 3314//3314
f 3316//3316 3314//3314 3315//3315
f 3316//3316 3315//3315 3300//3300
o leg
usemtl cute_green
s 1
f 3317//3317 3318//3318 3333//3333
f 3318//3318 3334//3334 3333//3333
f 3318//3318 3319//3319 3334//3334
f 3319//3319 3335//3335 3334//3334
f 3319//3319 3320//3320 3335//3335
f 3320//3320 3336//3336 3335//3335
f 3320//3320 3321//3321 3336//3336
f 3321//3321 3337//3337 3336//3336
f 3321//3321 3322//3322 3337//3337
f 3322//3322 3338//3338 3337//3337
f 3322//3322 3323//3323 3338//3338
f 3323//3323 3339//3339 3338//3338
f 3323//3323 3324//3324 3339//3339
f 3324//3324 3340//3340 3339//3339
f 3324//3324 3325//3325 3340//3340
f 3325//3325 3341//3341 3340//3340
f 3325//3325 3326//3326 3341//3341
f 3326//3326 3342//3342 3341//3341
f 3326//3326 3327//3327 3342//3342
f 3327//3327 3343//3343 3342//3342
f 3327//3327 3328//3328 3343//3343
f 3328//3328 3344//3344 3343//3343
f 3328//3328 3329//3329 3344//3344
f 3329//3329 3345//3345 3344//3344
f 3329//3329 3330//3330 3345//3345
f 3330//3330 3346//3346 3345//3345
f 3330//3330 3331//3331 3346//3346
f 3331//3331 3347//3347 3346//3346
f 3331//3331 3332//3332 3347//3347
f 3332//3332 3348//3348 3347//3347
f 3332//3332 3317//3317 3348//3348
f 3317//3317 3333//3333 3348//3348
f 3333//3333 3334//3334 3349//3349
f 3334//3334 3350//3350 3349//3349
f 3334//3334 3335//3335 3350//3350
f 3335//3335 3351//3351 3350//3350
f 3335//3335 3336//3336 3351//3351
f 3336//3336 3352//3352 3351//3351
f 3336//3336 3337//3337 3352//3352
f 3337//3337 3353//3353 3352//3352
f 3337//3337 3338//3338 3353//3353
f 3338//3338 3354//3354 3353//3353
f 3338//3338 3339//3339 3354//3354
f 3339//3339 3355//3355 3354//3354
f 3339//3339 3340//3340 3355//3355
f 3340//3340 3356//3356 3355//3355
f 3340//3340 3341//3341 3356//3356
f 3341//3341 3357//3357 3356//3356
f 3341//3341 3342//3342 3357//3357
f 3342//3342 3358//3358 3357//3357
f 3342//3342 3343//3343 3358//3358
f 3343//3343 3359//3359 3358//3358
f 3343//3343 3344//3344 3359//3359
f 3344//3344 3360//3360 3359//3359
f 3344//3344 3345//3345 3360//3360
f 3345//3345 3361//3361 3360//3360
f 3345//3345 3346//3346 3361//3361
f 3346//3346 3362//3362 3361//3361
f 3346//3346 3347//3347 3362//3362
f 3347//3347 3363//3363 3362//3362
f 3347//3347 3348//3348 3363//3363
f 3348//3348 3364//3364 3363//3363
f 3348//3348 3333//3333 3364//3364
f 3333//3333 3349//3349 3364//3364
f 3365//3365 3349//3349 3350//3350
f 3365//3365 3350//3350 3351//3351
f 3365//3365 3351//3351 3352//3352
f 3365//3365 3352//3352 3353//3353
f 3365//3365 3353//3353 3354//3354
f 3365//3365 3354//3354 3355//3355
f 3365//3365 3355//3355 3356//3356
f 3365//3365 3356//3356 3357//3357
f 3365//3365 3357//3357 3358//3358
f 3365//3365 3358//3358 3359//3359
f 3365//3365 3359//3359 3360//3360
f 3365//3365 3360//3360 3361//3361
f 3365//3365 3361//3361 3362//3362
f 3365//3365 3362//3362 3363//3363
f 3365//3365 3363//3363 3364//3364
f 3365//3365 3364//3364 3349//3349
o leg
usemtl cute_green
s 1
f 3366//3366 3367//3367 3382//3382
f 3367//3367 3383//3383 3382//3382
f 3367//3367 3368//3368 3383//3383
f 3368//3368 3384//3384 3383//3383
f 3368//3368 3369//3369 3384//3384
f 3369//3369 3385//3385 3384//3384
f 3369//3369 3370//3370 3385//3385
f 3370//3370 3386//3386 3385//3385
f 3370//3370 3371//3371 3386//3386
f 3371//3371 3387//3387 3386//3386
f 3371//3371 3372//3372 3387//3387
f 3372//3372 3388//3388 3387//3387
f 3372//3372 3373//3373 3388//3388
f 3373//3373 3389//3389 3388//3388
f 3373//3373 3374//3374 3389//3389
f 3374//3374 3390//3390 3389//3389
f 3374//3374 3375//3375 3390//3390
f 3375//3375 3391//3391 3390//3390
f 3375//3375 3376//3376 3391//3391
f 3376//3376 3392//3392 3391//3391
f 3376//3376 3377//3377 3392//3392
f 3377//3377 3393//3393 3392//3392
f 3377//3377 3378//3378 3393//3393
f 3378//3378 3394//3394 3393//3393
f 3378//3378 3379//3379 3394//3394
f 3379//3379 3395//3395 3394//3394
f 3379//3379 3380//3380 3395//3395
f 3380//3380 3396//3396 3395//3395
f 3380//3380 3381//3381 3396//3396
f 3381//3381 3397//3397 3396//3396
f 3381//3381 3366//3366 3397//3397
f 3366//3366 3382//3382 3397//3397
f 3382//3382 3383//3383 3398//3398
f 3383//3383 3399//3399 3398//3398
f 3383//3383 3384//3384 3399//3399
f 3384//3384 3400//3400 3399//3399
f 3384//3384 3385//3385 3400//3400
f 3385//3385 3401//3401 3400//3400
f 3385//3385 3386//3386 3401//3401
f 3386//3386 3402//3402 3401//3401
f 3386//3386 3387//3387 3402//3402
f 3387//3387 3403//3403 3402//3402
f 3387//3387 3388//3388 3403//3403
f 3388//3388 3404//3404 3403//3403
f 3388//3388 3389//3389 3404//3404
f 3389//3389 3405//3405 3404//3404
f 3389//3389 3390//3390 3405//3405
f 3390//3390 3406//3406 3405//3405
f 3390//3390 3391//3391 3406//3406
f 3391//3391 3407//3407 3406//3406
f 3391//3391 3392//3392 3407//3407
f 3392//3392 3408//3408 3407//3407
f 3392//3392 3393//3393 3408//3408
f 3393//3393 3409//3409 3408//3408
f 3393//3393 3394//3394 3409//3409
f 3394//3394 3410//3410 3409//3409
f 3394//3394 3395//3395 3410//3410
f 3395//3395 3411//3411 3410//3410
f 3395//3395 3396//3396 3411//3411
f 3396//3396 3412//3412 3411//3411
f 3396//3396 3397//3397 3412//3412
f 3397//3397 3413//3413 3412//3412
f 3397//3397 3382//3382 3413//3413
f 3382//3382 3398//3398 3413//3413
f 3414//3414 3398//3398 3399//3399
f 3414//3414 3399//3399 3400//3400
f 3414//3414 3400//3400 3401//3401
f 3414//3414 3401//3401 3402//3402
f 3414//3414 3402//3402 3403//3403
f 3414//3414 3403//3403 3404//3404
f 3414//3414 3404//3404 3405//3405
f 3414//3414 3405//3405 3406//3406
f 3414//3414 3406//3406 3407//3407
f 3414//3414 3407//3407 3408//3408
f 3414//3414 3408//3408 3409//3409
f 3414//3414 3409//3409 3410//3410
f 3414//3414 3410//3410 3411//3411
f 3414//3414 3411//3411 3412//3412
f 3414//3414 3412//3412 3413//3413
f 3414//3414 3413//3413 3398//3398
o leg
usemtl cute_green
s 1
f 3415//3415 3416//3416 3431//3431
f 3416//3416 3432//3432 3431//3431
f 3416//3416 3417//3417 3432//3432
f 3417//3417 3433//3433 3432//3432
f 3417//3417 3418//3418 3433//3433
f 3418//3418 3434//3434 3433//3433
f 3418//3418 3419//3419 3434//3434
f 3419//3419 3435//3435 3434//3434
f 3419//3419 3420//3420 3435//3435
f 3420//3420 3436//3436 3435//3435
f 3420//3420 3421//3421 3436//3436
f 3421//3421 3437//3437 3436//3436
f 3421//3421 3422//3422 3437//3437
f 3422//3422 3438//3438 3437//3437
f 3422//3422 3423//3423 3438//3438
f 3423//3423 3439//3439 3438//3438
f 3423//3423 3424//3424 3439//3439
f 3424//3424 3440//3440 3439//3439
f 3424//3424 3425//3425 3440//3440
f 3425//3425 3441//3441 3440//3440
f 3425//3425 3426//3426 3441//3441
f 3426//3426 3442//3442 3441//3441
f 3426//3426 3427//3427 3442//3442
f 3427//3427 3443//3443 3442//3442
f 3427//3427 3428//3428 3443//3443
f 3428//3428 3444//3444 3443//3443
f 3428//3428 3429//3429 3444//3444
f 3429//3429 3445//3445 3444//3444
f 3429//3429 3430//3430 3445//3445
f 3430//3430 3446//3446 3445//3445
f 3430//3430 3415//3415 3446//3446
f 3415//3415 3431//3431 3446//3446
f 3431//3431 3432//3432 3447//3447
f 3432//3432 3448//3448 3447//3447
f 3432//3432 3433//3433 3448//3448
f 3433//3433 3449//3449 3448//3448
f 3433//3433 3434//3434 3449//3449
f 3434//3434 3450//3450 3449//3449
f 3434//3434 3435//3435 3450//3450
f 3435//3435 3451//3451 3450//3450
f 3435//3435 3436//3436 3451//3451
f 3436//3436 3452//3452 3451//3451
f 3436//3436 3437//3437 3452//3452
f 3437//3437 3453//3453 3452//3452
f 3437//3437 3438//3438 3453//3453
f 3438//3438 3454//3454 3453//3453
f 3438//3438 3439//3439 3454//3454
f 3439//3439 3455//3455 3454//3454
f 3439//3439 3440//3440 3455//3455
f 3440//3440 3456//3456 3455//3455
f 3440//3440 3441//3441 3456//3456
f 3441//3441 3457//3457 3456//3456
f 3441//3441 3442//3442 3457//3457
f 3442//3442 3458//3458 3457//3457
f 3442//3442 3443//3443 3458//3458
f 3443//3443 3459//3459 3458//3458
f 3443//3443 3444//3444 3459//3459
f 3444//3444 3460//3460 3459//3459
f 3444//3444 3445//3445 3460//3460
f 3445//3445 3461//3461 3460//3460
f 3445//3445 3446//3446 3461//3461
f 3446//3446 3462//3462 3461//3461
f 3446//3446 3431//3431 3462//3462
f 3431//3431 3447//3447 3462//3462
f 3463//3463 3447//3447 3448//3448
f 3463//3463 3448//3448 3449//3449
f 3463//3463 3449//3449 3450//3450
f 3463//3463 3450//3450 3451//3451
f 3463//3463 3451//3451 3452//3452
f 3463//3463 3452//3452 3453//3453
f 3463//3463 3453//3453 3454//3454
f 3463//3463 3454//3454 3455//3455
f 3463//3463 3455//3455 3456//3456
f 3463//3463 3456//3456 3457//3457
f 3463//3463 3457//3457 3458//3458
f 3463//3463 3458//3458 3459//3459
f 3463//3463 3459//3459 3460//3460
f 3463//3463 3460//3460 3461//3461
f 3463//3463 3461//3461 3462//3462
f 3463//3463 3462//3462 3447//3447
o foot
usemtl cute_green
s 1
f 3464//3464 3467//3467 3466//3466
f 3464//3464 3468//3468 3467//3467
f 3464//3464 3469//3469 3468//3468
f 3464//3464 3470//3470 3469//3469
f 3464//3464 3471//3471 3470//3470
f 3464//3464 3472//3472 3471//3471
f 3464//3464 3473//3473 3472//3472
f 3464//3464 3474//3474 3473//3473
f 3464//3464 3475//3475 3474//3474
f 3464//3464 3476//3476 3475//3475
f 3464//3464 3477//3477 3476//3476
f 3464//3464 3478//3478 3477//3477
f 3464//3464 3479//3479 3478//3478
f 3464//3464 3466//3466 3479//3479
f 3466//3466 3467//3467 3480//3480
f 3467//3467 3481//3481 3480//3480
f 3467//3467 3468//3468 3481//3481
f 3468//3468 3482//3482 3481//3481
f 3468//3468 3469//3469 3482//3482
f 3469//3469 3483//3483 3482//3482
f 3469//3469 3470//3470 3483//3483
f 3470//3470 3484//3484 3483//3483
f 3470//3470 3471//3471 3484//3484
f 3471//3471 3485//3485 3484//3484
f 3471//3471 3472//3472 3485//3485
f 3472//3472 3486//3486 3485//3485
f 3472//3472 3473//3473 3486//3486
f 3473//3473 3487//3487 3486//3486
f 3473//3473 3474//3474 3487//3487
f 3474//3474 3488//3488 3487//3487
f 3474//3474 3475//3475 3488//3488
f 3475//3475 3489//3489 3488//3488
f 3475//3475 3476//3476 3489//3489
f 3476//3476 3490//3490 3489//3489
f 3476//3476 3477//3477 3490//3490
f 3477//3477 3491//3491 3490//3490
f 3477//3477 3478//3478 3491//3491
f 3478//3478 3492//3492 3491//3491
f 3478//3478 3479//3479 3492//3492
f 3479//3479 3493//3493 3492//3492
f 3479//3479 3466//3466 3493//3493
f 3466//3466 3480//3480 3493//3493
f 3480//3480 3481//3481 3494//3494
f 3481//3481 3495//3495 3494//3494
f 3481//3481 3482//3482 3495//3495
f 3482//3482 3496//3496 3495//3495
f 3482//3482 3483//3483 3496//3496
f 3483//3483 3497//3497 3496//3496
f 3483//3483 3484//3484 3497//3497
f 3484//3484 3498//3498 3497//3497
f 3484//3484 3485//3485 3498//3498
f 3485//3485 3499//3499 3498//3498
f 3485//3485 3486//3486 3499//3499
f 3486//3486 3500//3500 3499//3499
f 3486//3486 3487//3487 3500//3500
f 3487//3487 3501//3501 3500//3500
f 3487//3487 3488//3488 3501//3501
f 3488//3488 3502//3502 3501//3501
f 3488//3488 3489//3489 3502//3502
f 3489//3489 3503//3503 3502//3502
f 3489//3489 3490//3490 3503//3503
f 3490//3490 3504//3504 3503//3503
f 3490//3490 3491//3491 3504//3504
f 3491//3491 3505//3505 3504//3504
f 3491//3491 3492//3492 3505//3505
f 3492//3492 3506//3506 3505//3505
f 3492//3492 3493//3493 3506//3506
f 3493//3493 3507//3507 3506//3506
f 3493//3493 3480//3480 3507//3507
f 3480//3480 3494//3494 3507//3507
f 3494//3494 3495//3495 3508//3508
f 3495//3495 3509//3509 3508//3508
f 3495//3495 3496//3496 3509//3509
f 3496//3496 3510//3510 3509//3509
f 3496//3496 3497//3497 3510//3510
f 3497//3497 3511//3511 3510//3510
f 3497//3497 3498//3498 3511//3511
f 3498//3498 3512//3512 3511//3511
f 3498//3498 3499//3499 3512//3512
f 3499//3499 3513//3513 3512//3512
f 3499//3499 3500//3500 3513//3513
f 3500//3500 3514//3514 3513//3513
f 3500//3500 3501//3501 3514//3514
f 3501//3501 3515//3515 3514//3514
f 3501//3501 3502//3502 3515//3515
f 3502//3502 3516//3516 3515//3515
f 3502//3502 3503//3503 3516//3516
f 3503//3503 3517//3517 3516//3516
f 3503//3503 3504//3504 3517//3517
f 3504//3504 3518//3518 3517//3517
f 3504//3504 3505//3505 3518//3518
f 3505//3505 3519//3519 3518//3518
f 3505//3505 3506//3506 3519//3519
f 3506//3506 3520//3520 3519//3519
f 3506//3506 3507//3507 3520//3520
f 3507//3507 3521//3521 3520//3520
f 3507//3507 3494//3494 3521//3521
f 3494//3494 3508//3508 3521//3521
f 3508//3508 3509//3509 3522//3522
f 3509//3509 3523//3523 3522//3522
f 3509//3509 3510//3510 3523//3523
f 3510//3510 3524//3524 3523//3523
f 3510//3510 3511//3511 3524//3524
f 3511//3511 3525//3525 3524//3524
f 3511//3511 3512//3512 3525//3525
f 3512//3512 3526//3526 3525//3525
f 3512//3512 3513//3513 3526//3526
f 3513//3513 3527//3527 3526//3526
f 3513//3513 3514//3514 3527//3527
f 3514//3514 3528//3528 3527//3527
f 3514//3514 3515//3515 3528//3528
f 3515//3515 3529//3529 3528//3528
f 3515//3515 3516//3516 3529//3529
f 3516//3516 3530//3530 3529//3529
f 3516//3516 3517//3517 3530//3530
f 3517//3517 3531//3531 3530//3530
f 3517//3517 3518//3518 3531//3531
f 3518//3518 3532//3532 3531//3531
f 3518//3518 3519//3519 3532//3532
f 3519//3519 3533//3533 3532//3532
f 3519//3519 3520//3520 3533//3533
f 3520//3520 3534//3534 3533//3533
f 3520//3520 3521//3521 3534//3534
f 3521//3521 3535//3535 3534//3534
f 3521//3521 3508//3508 3535//3535
f 3508//3508 3522//3522 3535//3535
f 3522//3522 3523//3523 3536//3536
f 3523//3523 3537//3537 3536//3536
f 3523//3523 3524//3524 3537//3537
f 3524//3524 3538//3538 3537//3537
f 3524//3524 3525//3525 3538//3538
f 3525//3525 3539//3539 3538//3538
f 3525//3525 3526//3526 3539//3539
f 3526//3526 3540//3540 3539//3539
f 3526//3526 3527//3527 3540//3540
f 3527//3527 3541//3541 3540//3540
f 3527//3527 3528//3528 3541//3541
f 3528//3528 3542//3542 3541//3541
f 3528//3528 3529//3529 3542//3542
f 3529//3529 3543//3543 3542//3542
f 3529//3529 3530//3530 3543//3543
f 3530//3530 3544//3544 3543//3543
f 3530//3530 3531//3531 3544//3544
f 3531//3531 3545//3545 3544//3544
f 3531//3531 3532//3532 3545//3545
f 3532//3532 3546//3546 3545//3545
f 3532//3532 3533//3533 3546//3546
f 3533//3533 3547//3547 3546//3546
f 3533//3533 3534//3534 3547//3547
f 3534//3534 3548//3548 3547//3547
f 3534//3534 3535//3535 3548//3548
f 3535//3535 3549//3549 3548//3548
f 3535//3535 3522//3522 3549//3549
f 3522//3522 3536//3536 3549//3549
f 3536//3536 3537//3537 3550//3550
f 3537//3537 3551//3551 3550//3550
f 3537//3537 3538//3538 3551//3551
f 3538//3538 3552//3552 3551//3551
f 3538//3538 3539//3539 3552//3552
f 3539//3539 3553//3553 3552//3552
f 3539//3539 3540//3540 3553//3553
f 3540//3540 3554//3554 3553//3553
f 3540//3540 3541//3541 3554//3554
f 3541//3541 3555//3555 3554//3554
f 3541//3541 3542//3542 3555//3555
f 3542//3542 3556//3556 3555//3555
f 3542//3542 3543//3543 3556//3556
f 3543//3543 3557//3557 3556//3556
f 3543//3543 3544//3544 3557//3557
f 3544//3544 3558//3558 3557//3557
f 3544//3544 3545//3545 3558//3558
f 3545//3545 3559//3559 3558//3558
f 3545//3545 3546//3546 3559//3559
f 3546//3546 3560//3560 3559//3559
f 3546//3546 3547//3547 3560//3560
f 3547//3547 3561//3561 3560//3560
f 3547//3547 3548//3548 3561//3561
f 3548//3548 3562//3562 3561//3561
f 3548//3548 3549//3549 3562//3562
f 3549//3549 3563//3563 3562//3562
f 3549//3549 3536//3536 3563//3563
f 3536//3536 3550//3550 3563//3563
f 3550//3550 3551//3551 3564//3564
f 3551//3551 3565//3565 3564//3564
f 3551//3551 3552//3552 3565//3565
f 3552//3552 3566//3566 3565//3565
f 3552//3552 3553//3553 3566//3566
f 3553//3553 3567//3567 3566//3566
f 3553//3553 3554//3554 3567//3567
f 3554//3554 3568//3568 3567//3567
f 3554//3554 3555//3555 3568//3568
f 3555//3555 3569//3569 3568//3568
f 3555//3555 3556//3556 3569//3569
f 3556//3556 3570//3570 3569//3569
f 3556//3556 3557//3557 3570//3570
f 3557//3557 3571//3571 3570//3570
f 3557//3557 3558//3558 3571//3571
f 3558//3558 3572//3572 3571//3571
f 3558//3558 3559//3559 3572//3572
f 3559//3559 3573//3573 3572//3572
f 3559//3559 3560//3560 3573//3573
f 3560//3560 3574//3574 3573//3573
f 3560//3560 3561//3561 3574//3574
f 3561//3561 3575//3575 3574//3574
f 3561//3561 3562//3562 3575//3575
f 3562//3562 3576//3576 3575//3575
f 3562//3562 3563//3563 3576//3576
f 3563//3563 3577//3577 3576//3576
f 3563//3563 3550//3550 3577//3577
f 3550//3550 3564//3564 3577//3577
f 3564//3564 3565//3565 3578//3578
f 3565//3565 3579//3579 3578//3578
f 3565//3565 3566//3566 3579//3579
f 3566//3566 3580//3580 3579//3579
f 3566//3566 3567//3567 3580//3580
f 3567//3567 3581//3581 3580//3580
f 3567//3567 3568//3568 3581//3581
f 3568//3568 3582//3582 3581//3581
f 3568//3568 3569//3569 3582//3582
f 3569//3569 3583//3583 3582//3582
f 3569//3569 3570//3570 3583//3583
f 3570//3570 3584//3584 3583//3583
f 3570//3570 3571//3571 3584//3584
f 3571//3571 3585//3585 3584//3584
f 3571//3571 3572//3572 3585//3585
f 3572//3572 3586//3586 3585//3585
f 3572//3572 3573//3573 3586//3586
f 3573//3573 3587//3587 3586//3586
f 3573//3573 3574//3574 3587//3587
f 3574//3574 3588//3588 3587//3587
f 3574//3574 3575//3575 3588//3588
f 3575//3575 3589//3589 3588//3588
f 3575//3575 3576//3576 3589//3589
f 3576//3576 3590//3590 3589//3589
f 3576//3576 3577//3577 3590//3590
f 3577//3577 3591//3591 3590//3590
f 3577//3577 3564//3564 3591//3591
f 3564//3564 3578//3578 3591//3591
f 3578//3578 3579//3579 3465//3465
f 3579//3579 3580//3580 3465//3465
f 3580//3580 3581//3581 3465//3465
f 3581//3581 3582//3582 3465//3465
f 3582//3582 3583//3583 3465//3465
f 3583//3583 3584//3584 3465//3465
f 3584//3584 3585//3585 3465//3465
f 3585//3585 3586//3586 3465//3465
f 3586//3586 3587//3587 3465//3465
f 3587//3587 3588//3588 3465//3465
f 3588//3588 3589//3589 3465//3465
f 3589//3589 3590//3590 3465//3465
f 3590//3590 3591//3591 3465//3465
f 3591//3591 3578//3578 3465//3465
o toenail
usemtl cute_cream
s 1
f 3592//3592 3595//3595 3594//3594
f 3592//3592 3596//3596 3595//3595
f 3592//3592 3597//3597 3596//3596
f 3592//3592 3598//3598 3597//3597
f 3592//3592 3599//3599 3598//3598
f 3592//3592 3600//3600 3599//3599
f 3592//3592 3601//3601 3600//3600
f 3592//3592 3594//3594 3601//3601
f 3594//3594 3595//3595 3602//3602
f 3595//3595 3603//3603 3602//3602
f 3595//3595 3596//3596 3603//3603
f 3596//3596 3604//3604 3603//3603
f 3596//3596 3597//3597 3604//3604
f 3597//3597 3605//3605 3604//3604
f 3597//3597 3598//3598 3605//3605
f 3598//3598 3606//3606 3605//3605
f 3598//3598 3599//3599 3606//3606
f 3599//3599 3607//3607 3606//3606
f 3599//3599 3600//3600 3607//3607
f 3600//3600 3608//3608 3607//3607
f 3600//3600 3601//3601 3608//3608
f 3601//3601 3609//3609 3608//3608
f 3601//3601 3594//3594 3609//3609
f 3594//3594 3602//3602 3609//3609
f 3602//3602 3603//3603 3610//3610
f 3603//3603 3611//3611 3610//3610
f 3603//3603 3604//3604 3611//3611
f 3604//3604 3612//3612 3611//3611
f 3604//3604 3605//3605 3612//3612
f 3605//3605 3613//3613 3612//3612
f 3605//3605 3606//3606 3613//3613
f 3606//3606 3614//3614 3613//3613
f 3606//3606 3607//3607 3614//3614
f 3607//3607 3615//3615 3614//3614
f 3607//3607 3608//3608 3615//3615
f 3608//3608 3616//3616 3615//3615
f 3608//3608 3609//3609 3616//3616
f 3609//3609 3617//3617 3616//3616
f 3609//3609 3602//3602 3617//3617
f 3602//3602 3610//3610 3617//3617
f 3610//3610 3611//3611 3618//3618
f 3611//3611 3619//3619 3618//3618
f 3611//3611 3612//3612 3619//3619
f 3612//3612 3620//3620 3619//3619
f 3612//3612 3613//3613 3620//3620
f 3613//3613 3621//3621 3620//3620
f 3613//3613 3614//3614 3621//3621
f 3614//3614 3622//3622 3621//3621
f 3614//3614 3615//3615 3622//3622
f 3615//3615 3623//3623 3622//3622
f 3615//3615 3616//3616 3623//3623
f 3616//3616 3624//3624 3623//3623
f 3616//3616 3617//3617 3624//3624
f 3617//3617 3625//3625 3624//3624
f 3617//3617 3610//3610 3625//3625
f 3610//3610 3618//3618 3625//3625
f 3618//3618 3619//3619 3626//3626
f 3619//3619 3627//3627 3626//3626
f 3619//3619 3620//3620 3627//3627
f 3620//3620 3628//3628 3627//3627
f 3620//3620 3621//3621 3628//3628
f 3621//3621 3629//3629 3628//3628
f 3621//3621 3622//3622 3629//3629
f 3622//3622 3630//3630 3629//3629
f 3622//3622 3623//3623 3630//3630
f 3623//3623 3631//3631 3630//3630
f 3623//3623 3624//3624 3631//3631
f 3624//3624 3632//3632 3631//3631
f 3624//3624 3625//3625 3632//3632
f 3625//3625 3633//3633 3632//3632
f 3625//3625 3618//3618 3633//3633
f 3618//3618 3626//3626 3633//3633
f 3626//3626 3627//3627 3593//3593
f 3627//3627 3628//3628 3593//3593
f 3628//3628 3629//3629 3593//3593
f 3629//3629 3630//3630 3593//3593
f 3630//3630 3631//3631 3593//3593
f 3631//3631 3632//3632 3593//3593
f 3632//3632 3633//3633 3593//3593
f 3633//3633 3626//3626 3593//3593
o toenail
usemtl cute_cream
s 1
f 3634//3634 3637//3637 3636//3636
f 3634//3634 3638//3638 3637//3637
f 3634//3634 3639//3639 3638//3638
f 3634//3634 3640//3640 3639//3639
f 3634//3634 3641//3641 3640//3640
f 3634//3634 3642//3642 3641//3641
f 3634//3634 3643//3643 3642//3642
f 3634//3634 3636//3636 3643//3643
f 3636//3636 3637//3637 3644//3644
f 3637//3637 3645//3645 3644//3644
f 3637//3637 3638//3638 3645//3645
f 3638//3638 3646//3646 3645//3645
f 3638//3638 3639//3639 3646//3646
f 3639//3639 3647//3647 3646//3646
f 3639//3639 3640//3640 3647//3647
f 3640//3640 3648//3648 3647//3647
f 3640//3640 3641//3641 3648//3648
f 3641//3641 3649//3649 3648//3648
f 3641//3641 3642//3642 3649//3649
f 3642//3642 3650//3650 3649//3649
f 3642//3642 3643//3643 3650//3650
f 3643//3643 3651//3651 3650//3650
f 3643//3643 3636//3636 3651//3651
f 3636//3636 3644//3644 3651//3651
f 3644//3644 3645//3645 3652//3652
f 3645//3645 3653//3653 3652//3652
f 3645//3645 3646//3646 3653//3653
f 3646//3646 3654//3654 3653//3653
f 3646//3646 3647//3647 3654//3654
f 3647//3647 3655//3655 3654//3654
f 3647//3647 3648//3648 3655//3655
f 3648//3648 3656//3656 3655//3655
f 3648//3648 3649//3649 3656//3656
f 3649//3649 3657//3657 3656//3656
f 3649//3649 3650//3650 3657//3657
f 3650//3650 3658//3658 3657//3657
f 3650//3650 3651//3651 3658//3658
f 3651//3651 3659//3659 3658//3658
f 3651//3651 3644//3644 3659//3659
f 3644//3644 3652//3652 3659//3659
f 3652//3652 3653//3653 3660//3660
f 3653//3653 3661//3661 3660//3660
f 3653//3653 3654//3654 3661//3661
f 3654//3654 3662//3662 3661//3661
f 3654//3654 3655//3655 3662//3662
f 3655//3655 3663//3663 3662//3662
f 3655//3655 3656//3656 3663//3663
f 3656//3656 3664//3664 3663//3663
f 3656//3656 3657//3657 3664//3664
f 3657//3657 3665//3665 3664//3664
f 3657//3657 3658//3658 3665//3665
f 3658//3658 3666//3666 3665//3665
f 3658//3658 3659//3659 3666//3666
f 3659//3659 3667//3667 3666//3666
f 3659//3659 3652//3652 3667//3667
f 3652//3652 3660//3660 3667//3667
f 3660//3660 3661//3661 3668//3668
f 3661//3661 3669//3669 3668//3668
f 3661//3661 3662//3662 3669//3669
f 3662//3662 3670//3670 3669//3669
f 3662//3662 3663//3663 3670//3670
f 3663//3663 3671//3671 3670//3670
f 3663//3663 3664//3664 3671//3671
f 3664//3664 3672//3672 3671//3671
f 3664//3664 3665//3665 3672//3672
f 3665//3665 3673//3673 3672//3672
f 3665//3665 3666//3666 3673//3673
f 3666//3666 3674//3674 3673//3673
f 3666//3666 3667//3667 3674//3674
f 3667//3667 3675//3675 3674//3674
f 3667//3667 3660//3660 3675//3675
f 3660//3660 3668//3668 3675//3675
f 3668//3668 3669//3669 3635//3635
f 3669//3669 3670//3670 3635//3635
f 3670//3670 3671//3671 3635//3635
f 3671//3671 3672//3672 3635//3635
f 3672//3672 3673//3673 3635//3635
f 3673//3673 3674//3674 3635//3635
f 3674//3674 3675//3675 3635//3635
f 3675//3675 3668//3668 3635//3635
o toenail
usemtl cute_cream
s 1
f 3676//3676 3679//3679 3678//3678
f 3676//3676 3680//3680 3679//3679
f 3676//3676 3681//3681 3680//3680
f 3676//3676 3682//3682 3681//3681
f 3676//3676 3683//3683 3682//3682
f 3676//3676 3684//3684 3683//3683
f 3676//3676 3685//3685 3684//3684
f 3676//3676 3678//3678 3685//3685
f 3678//3678 3679//3679 3686//3686
f 3679//3679 3687//3687 3686//3686
f 3679//3679 3680//3680 3687//3687
f 3680//3680 3688//3688 3687//3687
f 3680//3680 3681//3681 3688//3688
f 3681//3681 3689//3689 3688//3688
f 3681//3681 3682//3682 3689//3689
f 3682//3682 3690//3690 3689//3689
f 3682//3682 3683//3683 3690//3690
f 3683//3683 3691//3691 3690//3690
f 3683//3683 3684//3684 3691//3691
f 3684//3684 3692//3692 3691//3691
f 3684//3684 3685//3685 3692//3692
f 3685//3685 3693//3693 3692//3692
f 3685//3685 3678//3678 3693//3693
f 3678//3678 3686//3686 3693//3693
f 3686//3686 3687//3687 3694//3694
f 3687//3687 3695//3695 3694//3694
f 3687//3687 3688//3688 3695//3695
f 3688//3688 3696//3696 3695//3695
f 3688//3688 3689//3689 3696//3696
f 3689//3689 3697//3697 3696//3696
f 3689//3689 3690//3690 3697//3697
f 3690//3690 3698//3698 3697//3697
f 3690//3690 3691//3691 3698//3698
f 3691//3691 3699//3699 3698//3698
f 3691//3691 3692//3692 3699//3699
f 3692//3692 3700//3700 3699//3699
f 3692//3692 3693//3693 3700//3700
f 3693//3693 3701//3701 3700//3700
f 3693//3693 3686//3686 3701//3701
f 3686//3686 3694//3694 3701//3701
f 3694//3694 3695//3695 3702//3702
f 3695//3695 3703//3703 3702//3702
f 3695//3695 3696//3696 3703//3703
f 3696//3696 3704//3704 3703//3703
f 3696//3696 3697//3697 3704//3704
f 3697//3697 3705//3705 3704//3704
f 3697//3697 3698//3698 3705//3705
f 3698//3698 3706//3706 3705//3705
f 3698//3698 3699//3699 3706//3706
f 3699//3699 3707//3707 3706//3706
f 3699//3699 3700//3700 3707//3707
f 3700//3700 3708//3708 3707//3707
f 3700//3700 3701//3701 3708//3708
f 3701//3701 3709//3709 3708//3708
f 3701//3701 3694//3694 3709//3709
f 3694//3694 3702//3702 3709//3709
f 3702//3702 3703//3703 3710//3710
f 3703//3703 3711//3711 3710//3710
f 3703//3703 3704//3704 3711//3711
f 3704//3704 3712//3712 3711//3711
f 3704//3704 3705//3705 3712//3712
f 3705//3705 3713//3713 3712//3712
f 3705//3705 3706//3706 3713//3713
f 3706//3706 3714//3714 3713//3713
f 3706//3706 3707//3707 3714//3714
f 3707//3707 3715//3715 3714//3714
f 3707//3707 3708//3708 3715//3715
f 3708//3708 3716//3716 3715//3715
f 3708//3708 3709//3709 3716//3716
f 3709//3709 3717//3717 3716//3716
f 3709//3709 3702//3702 3717//3717
f 3702//3702 3710//3710 3717//3717
f 3710//3710 3711//3711 3677//3677
f 3711//3711 3712//3712 3677//3677
f 3712//3712 3713//3713 3677//3677
f 3713//3713 3714//3714 3677//3677
f 3714//3714 3715//3715 3677//3677
f 3715//3715 3716//3716 3677//3677
f 3716//3716 3717//3717 3677//3677
f 3717//3717 3710//3710 3677//3677
o foot
usemtl cute_green
s 1
f 3718//3718 3721//3721 3720//3720
f 3718//3718 3722//3722 3721//3721
f 3718//3718 3723//3723 3722//3722
f 3718//3718 3724//3724 3723//3723
f 3718//3718 3725//3725 3724//3724
f 3718//3718 3726//3726 3725//3725
f 3718//3718 3727//3727 3726//3726
f 3718//3718 3728//3728 3727//3727
f 3718//3718 3729//3729 3728//3728
f 3718//3718 3730//3730 3729//3729
f 3718//3718 3731//3731 3730//3730
f 3718//3718 3732//3732 3731//3731
f 3718//3718 3733//3733 3732//3732
f 3718//3718 3720//3720 3733//3733
f 3720//3720 3721//3721 3734//3734
f 3721//3721 3735//3735 3734//3734
f 3721//3721 3722//3722 3735//3735
f 3722//3722 3736//3736 3735//3735
f 3722//3722 3723//3723 3736//3736
f 3723//3723 3737//3737 3736//3736
f 3723//3723 3724//3724 3737//3737
f 3724//3724 3738//3738 3737//3737
f 3724//3724 3725//3725 3738//3738
f 3725//3725 3739//3739 3738//3738
f 3725//3725 3726//3726 3739//3739
f 3726//3726 3740//3740 3739//3739
f 3726//3726 3727//3727 3740//3740
f 3727//3727 3741//3741 3740//3740
f 3727//3727 3728//3728 3741//3741
f 3728//3728 3742//3742 3741//3741
f 3728//3728 3729//3729 3742//3742
f 3729//3729 3743//3743 3742//3742
f 3729//3729 3730//3730 3743//3743
f 3730//3730 3744//3744 3743//3743
f 3730//3730 3731//3731 3744//3744
f 3731//3731 3745//3745 3744//3744
f 3731//3731 3732//3732 3745//3745
f 3732//3732 3746//3746 3745//3745
f 3732//3732 3733//3733 3746//3746
f 3733//3733 3747//3747 3746//3746
f 3733//3733 3720//3720 3747//3747
f 3720//3720 3734//3734 3747//3747
f 3734//3734 3735//3735 3748//3748
f 3735//3735 3749//3749 3748//3748
f 3735//3735 3736//3736 3749//3749
f 3736//3736 3750//3750 3749//3749
f 3736//3736 3737//3737 3750//3750
f 3737//3737 3751//3751 3750//3750
f 3737//3737 3738//3738 3751//3751
f 3738//3738 3752//3752 3751//3751
f 3738//3738 3739//3739 3752//3752
f 3739//3739 3753//3753 3752//3752
f 3739//3739 3740//3740 3753//3753
f 3740//3740 3754//3754 3753//3753
f 3740//3740 3741//3741 3754//3754
f 3741//3741 3755//3755 3754//3754
f 3741//3741 3742//3742 3755//3755
f 3742//3742 3756//3756 3755//3755
f 3742//3742 3743//3743 3756//3756
f 3743//3743 3757//3757 3756//3756
f 3743//3743 3744//3744 3757//3757
f 3744//3744 3758//3758 3757//3757
f 3744//3744 3745//3745 3758//3758
f 3745//3745 3759//3759 3758//3758
f 3745//3745 3746//3746 3759//3759
f 3746//3746 3760//3760 3759//3759
f 3746//3746 3747//3747 3760//3760
f 3747//3747 3761//3761 3760//3760
f 3747//3747 3734//3734 3761//3761
f 3734//3734 3748//3748 3761//3761
f 3748//3748 3749//3749 3762//3762
f 3749//3749 3763//3763 3762//3762
f 3749//3749 3750//3750 3763//3763
f 3750//3750 3764//3764 3763//3763
f 3750//3750 3751//3751 3764//3764
f 3751//3751 3765//3765 3764//3764
f 3751//3751 3752//3752 3765//3765
f 3752//3752 3766//3766 3765//3765
f 3752//3752 3753//3753 3766//3766
f 3753//3753 3767//3767 3766//3766
f 3753//3753 3754//3754 3767//3767
f 3754//3754 3768//3768 3767//3767
f 3754//3754 3755//3755 3768//3768
f 3755//3755 3769//3769 3768//3768
f 3755//3755 3756//3756 3769//3769
f 3756//3756 3770//3770 3769//3769
f 3756//3756 3757//3757 3770//3770
f 3757//3757 3771//3771 3770//3770
f 3757//3757 3758//3758 3771//3771
f 3758//3758 3772//3772 3771//3771
f 3758//3758 3759//3759 3772//3772
f 3759//3759 3773//3773 3772//3772
f 3759//3759 3760//3760 3773//3773
f 3760//3760 3774//3774 3773//3773
f 3760//3760 3761//3761 3774//3774
f 3761//3761 3775//3775 3774//3774
f 3761//3761 3748//3748 3775//3775
f 3748//3748 3762//3762 3775//3775
f 3762//3762 3763//3763 3776//3776
f 3763//3763 3777//3777 3776//3776
f 3763//3763 3764//3764 3777//3777
f 3764//3764 3778//3778 3777//3777
f 3764//3764 3765//3765 3778//3778
f 3765//3765 3779//3779 3778//3778
f 3765//3765 3766//3766 3779//3779
f 3766//3766 3780//3780 3779//3779
f 3766//3766 3767//3767 3780//3780
f 3767//3767 3781//3781 3780//3780
f 3767//3767 3768//3768 3781//3781
f 3768//3768 3782//3782 3781//3781
f 3768//3768 3769//3769 3782//3782
f 3769//3769 3783//3783 3782//3782
f 3769//3769 3770//3770 3783//3783
f 3770//3770 3784//3784 3783//3783
f 3770//3770 3771//3771 3784//3784
f 3771//3771 3785//3785 3784//3784
f 3771//3771 3772//3772 3785//3785
f 3772//3772 3786//3786 3785//3785
f 3772//3772 3773//3773 3786//3786
f 3773//3773 3787//3787 3786//3786
f 3773//3773 3774//3774 3787//3787
f 3774//3774 3788//3788 3787//3787
f 3774//3774 3775//3775 3788//3788
f 3775//3775 3789//3789 3788//3788
f 3775//3775 3762//3762 3789//3789
f 3762//3762 3776//3776 3789//3789
f 3776//3776 3777//3777 3790//3790
f 3777//3777 3791//3791 3790//3790
f 3777//3777 3778//3778 3791//3791
f 3778//3778 3792//3792 3791//3791
f 3778//3778 3779//3779 3792//3792
f 3779//3779 3793//3793 3792//3792
f 3779//3779 3780//3780 3793//3793
f 3780//3780 3794//3794 3793//3793
f 3780//3780 3781//3781 3794//3794
f 3781//3781 3795//3795 3794//3794
f 3781//3781 3782//3782 3795//3795
f 3782//3782 3796//3796 3795//3795
f 3782//3782 3783//3783 3796//3796
f 3783//3783 3797//3797 3796//3796
f 3783//3783 3784//3784 3797//3797
f 3784//3784 3798//3798 3797//3797
f 3784//3784 3785//3785 3798//3798
f 3785//3785 3799//3799 3798//3798
f 3785//3785 3786//3786 3799//3799
f 3786//3786 3800//3800 3799//3799
f 3786//3786 3787//3787 3800//3800
f 3787//3787 3801//3801 3800//3800
f 3787//3787 3788//3788 3801//3801
f 3788//3788 3802//3802 3801//3801
f 3788//3788 3789//3789 3802//3802
f 3789//3789 3803//3803 3802//3802
f 3789//3789 3776//3776 3803//3803
f 3776//3776 3790//3790 3803//3803
f 3790//3790 3791//3791 3804//3804
f 3791//3791 3805//3805 3804//3804
f 3791//3791 3792//3792 3805//3805
f 3792//3792 3806//3806 3805//3805
f 3792//3792 3793//3793 3806//3806
f 3793//3793 3807//3807 3806//3806
f 3793//3793 3794//3794 3807//3807
f 3794//3794 3808//3808 3807//3807
f 3794//3794 3795//3795 3808//3808
f 3795//3795 3809//3809 3808//3808
f 3795//3795 3796//3796 3809//3809
f 3796//3796 3810//3810 3809//3809
f 3796//3796 3797//3797 3810//3810
f 3797//3797 3811//3811 3810//3810
f 3797//3797 3798//3798 3811//3811
f 3798//3798 3812//3812 3811//3811
f 3798//3798 3799//3799 3812//3812
f 3799//3799 3813//3813 3812//3812
f 3799//3799 3800//3800 3813//3813
f 3800//3800 3814//3814 3813//3813
f 3800//3800 3801//3801 3814//3814
f 3801//3801 3815//3815 3814//3814
f 3801//3801 3802//3802 3815//3815
f 3802//3802 3816//3816 3815//3815
f 3802//3802 3803//3803 3816//3816
f 3803//3803 3817//3817 3816//3816
f 3803//3803 3790//3790 3817//3817
f 3790//3790 3804//3804 3817//3817
f 3804//3804 3805//3805 3818//3818
f 3805//3805 3819//3819 3818//3818
f 3805//3805 3806//3806 3819//3819
f 3806//3806 3820//3820 3819//3819
f 3806//3806 3807//3807 3820//3820
f 3807//3807 3821//3821 3820//3820
f 3807//3807 3808//3808 3821//3821
f 3808//3808 3822//3822 3821//3821
f 3808//3808 3809//3809 3822//3822
f 3809//3809 3823//3823 3822//3822
f 3809//3809 3810//3810 3823//3823
f 3810//3810 3824//3824 3823//3823
f 3810//3810 3811//3811 3824//3824
f 3811//3811 3825//3825 3824//3824
f 3811//3811 3812//3812 3825//3825
f 3812//3812 3826//3826 3825//3825
f 3812//3812 3813//3813 3826//3826
f 3813//3813 3827//3827 3826//3826
f 3813//3813 3814//3814 3827//3827
f 3814//3814 3828//3828 3827//3827
f 3814//3814 3815//3815 3828//3828
f 3815//3815 3829//3829 3828//3828
f 3815//3815 3816//3816 3829//3829
f 3816//3816 3830//3830 3829//3829
f 3816//3816 3817//3817 3830//3830
f 3817//3817 3831//3831 3830//3830
f 3817//3817 3804//3804 3831//3831
f 3804//3804 3818//3818 3831//3831
f 3818//3818 3819//3819 3832//3832
f 3819//3819 3833//3833 3832//3832
f 3819//3819 3820//3820 3833//3833
f 3820//3820 3834//3834 3833//3833
f 3820//3820 3821//3821 3834//3834
f 3821//3821 3835//3835 3834//3834
f 3821//3821 3822//3822 3835//3835
f 3822//3822 3836//3836 3835//3835
f 3822//3822 3823//3823 3836//3836
f 3823//3823 3837//3837 3836//3836
f 3823//3823 3824//3824 3837//3837
f 3824//3824 3838//3838 3837//3837
f 3824//3824 3825//3825 3838//3838
f 3825//3825 3839//3839 3838//3838
f 3825//3825 3826//3826 3839//3839
f 3826//3826 3840//3840 3839//3839
f 3826//3826 3827//3827 3840//3840
f 3827//3827 3841//3841 3840//3840
f 3827//3827 3828//3828 3841//3841
f 3828//3828 3842//3842 3841//3841
f 3828//3828 3829//3829 3842//3842
f 3829//3829 3843//3843 3842//3842
f 3829//3829 3830//3830 3843//3843
f 3830//3830 3844//3844 3843//3843
f 3830//3830 3831//3831 3844//3844
f 3831//3831 3845//3845 3844//3844
f 3831//3831 3818//3818 3845//3845
f 3818//3818 3832//3832 3845//3845
f 3832//3832 3833//3833 3719//3719
f 3833//3833 3834//3834 3719//3719
f 3834//3834 3835//3835 3719//3719
f 3835//3835 3836//3836 3719//3719
f 3836//3836 3837//3837 3719//3719
f 3837//3837 3838//3838 3719//3719
f 3838//3838 3839//3839 3719//3719
f 3839//3839 3840//3840 3719//3719
f 3840//3840 3841//3841 3719//3719
f 3841//3841 3842//3842 3719//3719
f 3842//3842 3843//3843 3719//3719
f 3843//3843 3844//3844 3719//3719
f 3844//3844 3845//3845 3719//3719
f 3845//3845 3832//3832 3719//3719
o toenail
usemtl cute_cream
s 1
f 3846//3846 3849//3849 3848//3848
f 3846//3846 3850//3850 3849//3849
f 3846//3846 3851//3851 3850//3850
f 3846//3846 3852//3852 3851//3851
f 3846//3846 3853//3853 3852//3852
f 3846//3846 3854//3854 3853//3853
f 3846//3846 3855//3855 3854//3854
f 3846//3846 3848//3848 3855//3855
f 3848//3848 3849//3849 3856//3856
f 3849//3849 3857//3857 3856//3856
f 3849//3849 3850//3850 3857//3857
f 3850//3850 3858//3858 3857//3857
f 3850//3850 3851//3851 3858//3858
f 3851//3851 3859//3859 3858//3858
f 3851//3851 3852//3852 3859//3859
f 3852//3852 3860//3860 3859//3859
f 3852//3852 3853//3853 3860//3860
f 3853//3853 3861//3861 3860//3860
f 3853//3853 3854//3854 3861//3861
f 3854//3854 3862//3862 3861//3861
f 3854//3854 3855//3855 3862//3862
f 3855//3855 3863//3863 3862//3862
f 3855//3855 3848//3848 3863//3863
f 3848//3848 3856//3856 3863//3863
f 3856//3856 3857//3857 3864//3864
f 3857//3857 3865//3865 3864//3864
f 3857//3857 3858//3858 3865//3865
f 3858//3858 3866//3866 3865//3865
f 3858//3858 3859//3859 3866//3866
f 3859//3859 3867//3867 3866//3866
f 3859//3859 3860//3860 3867//3867
f 3860//3860 3868//3868 3867//3867
f 3860//3860 3861//3861 3868//3868
f 3861//3861 3869//3869 3868//3868
f 3861//3861 3862//3862 3869//3869
f 3862//3862 3870//3870 3869//3869
f 3862//3862 3863//3863 3870//3870
f 3863//3863 3871//3871 3870//3870
f 3863//3863 3856//3856 3871//3871
f 3856//3856 3864//3864 3871//3871
f 3864//3864 3865//3865 3872//3872
f 3865//3865 3873//3873 3872//3872
f 3865//3865 3866//3866 3873//3873
f 3866//3866 3874//3874 3873//3873
f 3866//3866 3867//3867 3874//3874
f 3867//3867 3875//3875 3874//3874
f 3867//3867 3868//3868 3875//3875
f 3868//3868 3876//3876 3875//3875
f 3868//3868 3869//3869 3876//3876
f 3869//3869 3877//3877 3876//3876
f 3869//3869 3870//3870 3877//3877
f 3870//3870 3878//3878 3877//3877
f 3870//3870 3871//3871 3878//3878
f 3871//3871 3879//3879 3878//3878
f 3871//3871 3864//3864 3879//3879
f 3864//3864 3872//3872 3879//3879
f 3872//3872 3873//3873 3880//3880
f 3873//3873 3881//3881 3880//3880
f 3873//3873 3874//3874 3881//3881
f 3874//3874 3882//3882 3881//3881
f 3874//3874 3875//3875 3882//3882
f 3875//3875 3883//3883 3882//3882
f 3875//3875 3876//3876 3883//3883
f 3876//3876 3884//3884 3883//3883
f 3876//3876 3877//3877 3884//3884
f 3877//3877 3885//3885 3884//3884
f 3877//3877 3878//3878 3885//3885
f 3878//3878 3886//3886 3885//3885
f 3878//3878 3879//3879 3886//3886
f 3879//3879 3887//3887 3886//3886
f 3879//3879 3872//3872 3887//3887
f 3872//3872 3880//3880 3887//3887
f 3880//3880 3881//3881 3847//3847
f 3881//3881 3882//3882 3847//3847
f 3882//3882 3883//3883 3847//3847
f 3883//3883 3884//3884 3847//3847
f 3884//3884 3885//3885 3847//3847
f 3885//3885 3886//3886 3847//3847
f 3886//3886 3887//3887 3847//3847
f 3887//3887 3880//3880 3847//3847
o toenail
usemtl cute_cream
s 1
f 3888//3888 3891//3891 3890//3890
f 3888//3888 3892//3892 3891//3891
f 3888//3888 3893//3893 3892//3892
f 3888//3888 3894//3894 3893//3893
f 3888//3888 3895//3895 3894//3894
f 3888//3888 3896//3896 3895//3895
f 3888//3888 3897//3897 3896//3896
f 3888//3888 3890//3890 3897//3897
f 3890//3890 3891//3891 3898//3898
f 3891//3891 3899//3899 3898//3898
f 3891//3891 3892//3892 3899//3899
f 3892//3892 3900//3900 3899//3899
f 3892//3892 3893//3893 3900//3900
f 3893//3893 3901//3901 3900//3900
f 3893//3893 3894//3894 3901//3901
f 3894//3894 3902//3902 3901//3901
f 3894//3894 3895//3895 3902//3902
f 3895//3895 3903//3903 3902//3902
f 3895//3895 3896//3896 3903//3903
f 3896//3896 3904//3904 3903//3903
f 3896//3896 3897//3897 3904//3904
f 3897//3897 3905//3905 3904//3904
f 3897//3897 3890//3890 3905//3905
f 3890//3890 3898//3898 3905//3905
f 3898//3898 3899//3899 3906//3906
f 3899//3899 3907//3907 3906//3906
f 3899//3899 3900//3900 3907//3907
f 3900//3900 3908//3908 3907//3907
f 3900//3900 3901//3901 3908//3908
f 3901//3901 3909//3909 3908//3908
f 3901//3901 3902//3902 3909//3909
f 3902//3902 3910//3910 3909//3909
f 3902//3902 3903//3903 3910//3910
f 3903//3903 3911//3911 3910//3910
f 3903//3903 3904//3904 3911//3911
f 3904//3904 3912//3912 3911//3911
f 3904//3904 3905//3905 3912//3912
f 3905//3905 3913//3913 3912//3912
f 3905//3905 3898//3898 3913//3913
f 3898//3898 3906//3906 3913//3913
f 3906//3906 3907//3907 3914//3914
f 3907//3907 3915//3915 3914//3914
f 3907//3907 3908//3908 3915//3915
f 3908//3908 3916//3916 3915//3915
f 3908//3908 3909//3909 3916//3916
f 3909//3909 3917//3917 3916//3916
f 3909//3909 3910//3910 3917//3917
f 3910//3910 3918//3918 3917//3917
f 3910//3910 3911//3911 3918//3918
f 3911//3911 3919//3919 3918//3918
f 3911//3911 3912//3912 3919//3919
f 3912//3912 3920//3920 3919//3919
f 3912//3912 3913//3913 3920//3920
f 3913//3913 3921//3921 3920//3920
f 3913//3913 3906//3906 3921//3921
f 3906//3906 3914//3914 3921//3921
f 3914//3914 3915//3915 3922//3922
f 3915//3915 3923//3923 3922//3922
f 3915//3915 3916//3916 3923//3923
f 3916//3916 3924//3924 3923//3923
f 3916//3916 3917//3917 3924//3924
f 3917//3917 3925//3925 3924//3924
f 3917//3917 3918//3918 3925//3925
f 3918//3918 3926//3926 3925//3925
f 3918//3918 3919//3919 3926//3926
f 3919//3919 3927//3927 3926//3926
f 3919//3919 3920//3920 3927//3927
f 3920//3920 3928//3928 3927//3927
f 3920//3920 3921//3921 3928//3928
f 3921//3921 3929//3929 3928//3928
f 3921//3921 3914//3914 3929//3929
f 3914//3914 3922//3922 3929//3929
f 3922//3922 3923//3923 3889//3889
f 3923//3923 3924//3924 3889//3889
f 3924//3924 3925//3925 3889//3889
f 3925//3925 3926//3926 3889//3889
f 3926//3926 3927//3927 3889//3889
f 3927//3927 3928//3928 3889//3889
f 3928//3928 3929//3929 3889//3889
f 3929//3929 3922//3922 3889//3889
o toenail
usemtl cute_cream
s 1
f 3930//3930 3933//3933 3932//3932
f 3930//3930 3934//3934 3933//3933
f 3930//3930 3935//3935 3934//3934
f 3930//3930 3936//3936 3935//3935
f 3930//3930 3937//3937 3936//3936
f 3930//3930 3938//3938 3937//3937
f 3930//3930 3939//3939 3938//3938
f 3930//3930 3932//3932 3939//3939
f 3932//3932 3933//3933 3940//3940
f 3933//3933 3941//3941 3940//3940
f 3933//3933 3934//3934 3941//3941
f 3934//3934 3942//3942 3941//3941
f 3934//3934 3935//3935 3942//3942
f 3935//3935 3943//3943 3942//3942
f 3935//3935 3936//3936 3943//3943
f 3936//3936 3944//3944 3943//3943
f 3936//3936 3937//3937 3944//3944
f 3937//3937 3945//3945 3944//3944
f 3937//3937 3938//3938 3945//3945
f 3938//3938 3946//3946 3945//3945
f 3938//3938 3939//3939 3946//3946
f 3939//3939 3947//3947 3946//3946
f 3939//3939 3932//3932 3947//3947
f 3932//3932 3940//3940 3947//3947
f 3940//3940 3941//3941 3948//3948
f 3941//3941 3949//3949 3948//3948
f 3941//3941 3942//3942 3949//3949
f 3942//3942 3950//3950 3949//3949
f 3942//3942 3943//3943 3950//3950
f 3943//3943 3951//3951 3950//3950
f 3943//3943 3944//3944 3951//3951
f 3944//3944 3952//3952 3951//3951
f 3944//3944 3945//3945 3952//3952
f 3945//3945 3953//3953 3952//3952
f 3945//3945 3946//3946 3953//3953
f 3946//3946 3954//3954 3953//3953
f 3946//3946 3947//3947 3954//3954
f 3947//3947 3955//3955 3954//3954
f 3947//3947 3940//3940 3955//3955
f 3940//3940 3948//3948 3955//3955
f 3948//3948 3949//3949 3956//3956
f 3949//3949 3957//3957 3956//3956
f 3949//3949 3950//3950 3957//3957
f 3950//3950 3958//3958 3957//3957
f 3950//3950 3951//3951 3958//3958
f 3951//3951 3959//3959 3958//3958
f 3951//3951 3952//3952 3959//3959
f 3952//3952 3960//3960 3959//3959
f 3952//3952 3953//3953 3960//3960
f 3953//3953 3961//3961 3960//3960
f 3953//3953 3954//3954 3961//3961
f 3954//3954 3962//3962 3961//3961
f 3954//3954 3955//3955 3962//3962
f 3955//3955 3963//3963 3962//3962
f 3955//3955 3948//3948 3963//3963
f 3948//3948 3956//3956 3963//3963
f 3956//3956 3957//3957 3964//3964
f 3957//3957 3965//3965 3964//3964
f 3957//3957 3958//3958 3965//3965
f 3958//3958 3966//3966 3965//3965
f 3958//3958 3959//3959 3966//3966
f 3959//3959 3967//3967 3966//3966
f 3959//3959 3960//3960 3967//3967
f 3960//3960 3968//3968 3967//3967
f 3960//3960 3961//3961 3968//3968
f 3961//3961 3969//3969 3968//3968
f 3961//3961 3962//3962 3969//3969
f 3962//3962 3970//3970 3969//3969
f 3962//3962 3963//3963 3970//3970
f 3963//3963 3971//3971 3970//3970
f 3963//3963 3956//3956 3971//3971
f 3956//3956 3964//3964 3971//3971
f 3964//3964 3965//3965 3931//3931
f 3965//3965 3966//3966 3931//3931
f 3966//3966 3967//3967 3931//3931
f 3967//3967 3968//3968 3931//3931
f 3968//3968 3969//3969 3931//3931
f 3969//3969 3970//3970 3931//3931
f 3970//3970 3971//3971 3931//3931
f 3971//3971 3964//3964 3931//3931
o foot
usemtl cute_green
s 1
f 3972//3972 3975//3975 3974//3974
f 3972//3972 3976//3976 3975//3975
f 3972//3972 3977//3977 3976//3976
f 3972//3972 3978//3978 3977//3977
f 3972//3972 3979//3979 3978//3978
f 3972//3972 3980//3980 3979//3979
f 3972//3972 3981//3981 3980//3980
f 3972//3972 3982//3982 3981//3981
f 3972//3972 3983//3983 3982//3982
f 3972//3972 3984//3984 3983//3983
f 3972//3972 3985//3985 3984//3984
f 3972//3972 3986//3986 3985//3985
f 3972//3972 3987//3987 3986//3986
f 3972//3972 3974//3974 3987//3987
f 3974//3974 3975//3975 3988//3988
f 3975//3975 3989//3989 3988//3988
f 3975//3975 3976//3976 3989//3989
f 3976//3976 3990//3990 3989//3989
f 3976//3976 3977//3977 3990//3990
f 3977//3977 3991//3991 3990//3990
f 3977//3977 3978//3978 3991//3991
f 3978//3978 3992//3992 3991//3991
f 3978//3978 3979//3979 3992//3992
f 3979//3979 3993//3993 3992//3992
f 3979//3979 3980//3980 3993//3993
f 3980//3980 3994//3994 3993//3993
f 3980//3980 3981//3981 3994//3994
f 3981//3981 3995//3995 3994//3994
f 3981//3981 3982//3982 3995//3995
f 3982//3982 3996//3996 3995//3995
f 3982//3982 3983//3983 3996//3996
f 3983//3983 3997//3997 3996//3996
f 3983//3983 3984//3984 3997//3997
f 3984//3984 3998//3998 3997//3997
f 3984//3984 3985//3985 3998//3998
f 3985//3985 3999//3999 3998//3998
f 3985//3985 3986//3986 3999//3999
f 3986//3986 4000//4000 3999//3999
f 3986//3986 3987//3987 4000//4000
f 3987//3987 4001//4001 4000//4000
f 3987//3987 3974//3974 4001//4001
f 3974//3974 3988//3988 4001//4001
f 3988//3988 3989//3989 4002//4002
f 3989//3989 4003//4003 4002//4002
f 3989//3989 3990//3990 4003//4003
f 3990//3990 4004//4004 4003//4003
f 3990//3990 3991//3991 4004//4004
f 3991//3991 4005//4005 4004//4004
f 3991//3991 3992//3992 4005//4005
f 3992//3992 4006//4006 4005//4005
f 3992//3992 3993//3993 4006//4006
f 3993//3993 4007//4007 4006//4006
f 3993//3993 3994//3994 4007//4007
f 3994//3994 4008//4008 4007//4007
f 3994//3994 3995//3995 4008//4008
f 3995//3995 4009//4009 4008//4008
f 3995//3995 3996//3996 4009//4009
f 3996//3996 4010//4010 4009//4009
f 3996//3996 3997//3997 4010//4010
f 3997//3997 4011//4011 4010//4010
f 3997//3997 3998//3998 4011//4011
f 3998//3998 4012//4012 4011//4011
f 3998//3998 3999//3999 4012//4012
f 3999//3999 4013//4013 4012//4012
f 3999//3999 4000//4000 4013//4013
f 4000//4000 4014//4014 4013//4013
f 4000//4000 4001//4001 4014//4014
f 4001//4001 4015//4015 4014//4014
f 4001//4001 3988//3988 4015//4015
f 3988//3988 4002//4002 4015//4015
f 4002//4002 4003//4003 4016//4016
f 4003//4003 4017//4017 4016//4016
f 4003//4003 4004//4004 4017//4017
f 4004//4004 4018//4018 4017//4017
f 4004//4004 4005//4005 4018//4018
f 4005//4005 4019//4019 4018//4018
f 4005//4005 4006//4006 4019//4019
f 4006//4006 4020//4020 4019//4019
f 4006//4006 4007//4007 4020//4020
f 4007//4007 4021//4021 4020//4020
f 4007//4007 4008//4008 4021//4021
f 4008//4008 4022//4022 4021//4021
f 4008//4008 4009//4009 4022//4022
f 4009//4009 4023//4023 4022//4022
f 4009//4009 4010//4010 4023//4023
f 4010//4010 4024//4024 4023//4023
f 4010//4010 4011//4011 4024//4024
f 4011//4011 4025//4025 4024//4024
f 4011//4011 4012//4012 4025//4025
f 4012//4012 4026//4026 4025//4025
f 4012//4012 4013//4013 4026//4026
f 4013//4013 4027//4027 4026//4026
f 4013//4013 4014//4014 4027//4027
f 4014//4014 4028//4028 4027//4027
f 4014//4014 4015//4015 4028//4028
f 4015//4015 4029//4029 4028//4028
f 4015//4015 4002//4002 4029//4029
f 4002//4002 4016//4016 4029//4029
f 4016//4016 4017//4017 4030//4030
f 4017//4017 4031//4031 4030//4030
f 4017//4017 4018//4018 4031//4031
f 4018//4018 4032//4032 4031//4031
f 4018//4018 4019//4019 4032//4032
f 4019//4019 4033//4033 4032//4032
f 4019//4019 4020//4020 4033//4033
f 4020//4020 4034//4034 4033//4033
f 4020//4020 4021//4021 4034//4034
f 4021//4021 4035//4035 4034//4034
f 4021//4021 4022//4022 4035//4035
f 4022//4022 4036//4036 4035//4035
f 4022//4022 4023//4023 4036//4036
f 4023//4023 4037//4037 4036//4036
f 4023//4023 4024//4024 4037//4037
f 4024//4024 4038//4038 4037//4037
f 4024//4024 4025//4025 4038//4038
f 4025//4025 4039//4039 4038//4038
f 4025//4025 4026//4026 4039//4039
f 4026//4026 4040//4040 4039//4039
f 4026//4026 4027//4027 4040//4040
f 4027//4027 4041//4041 4040//4040
f 4027//4027 4028//4028 4041//4041
f 4028//4028 4042//4042 4041//4041
f 4028//4028 4029//4029 4042//4042
f 4029//4029 4043//4043 4042//4042
f 4029//4029 4016//4016 4043//4043
f 4016//4016 4030//4030 4043//4043
f 4030//4030 4031//4031 4044//4044
f 4031//4031 4045//4045 4044//4044
f 4031//4031 4032//4032 4045//4045
f 4032//4032 4046//4046 4045//4045
f 4032//4032 4033//4033 4046//4046
f 4033//4033 4047//4047 4046//4046
f 4033//4033 4034//4034 4047//4047
f 4034//4034 4048//4048 4047//4047
f 4034//4034 4035//4035 4048//4048
f 4035//4035 4049//4049 4048//4048
f 4035//4035 4036//4036 4049//4049
f 4036//4036 4050//4050 4049//4049
f 4036//4036 4037//4037 4050//4050
f 4037//4037 4051//4051 4050//4050
f 4037//4037 4038//4038 4051//4051
f 4038//4038 4052//4052 4051//4051
f 4038//4038 4039//4039 4052//4052
f 4039//4039 4053//4053 4052//4052
f 4039//4039 4040//4040 4053//4053
f 4040//4040 4054//4054 4053//4053
f 4040//4040 4041//4041 4054//4054
f 4041//4041 4055//4055 4054//4054
f 4041//4041 4042//4042 4055//4055
f 4042//4042 4056//4056 4055//4055
f 4042//4042 4043//4043 4056//4056
f 4043//4043 4057//4057 4056//4056
f 4043//4043 4030//4030 4057//4057
f 4030//4030 4044//4044 4057//4057
f 4044//4044 4045//4045 4058//4058
f 4045//4045 4059//4059 4058//4058
f 4045//4045 4046//4046 4059//4059
f 4046//4046 4060//4060 4059//4059
f 4046//4046 4047//4047 4060//4060
f 4047//4047 4061//4061 4060//4060
f 4047//4047 4048//4048 4061//4061
f 4048//4048 4062//4062 4061//4061
f 4048//4048 4049//4049 4062//4062
f 4049//4049 4063//4063 4062//4062
f 4049//4049 4050//4050 4063//4063
f 4050//4050 4064//4064 4063//4063
f 4050//4050 4051//4051 4064//4064
f 4051//4051 4065//4065 4064//4064
f 4051//4051 4052//4052 4065//4065
f 4052//4052 4066//4066 4065//4065
f 4052//4052 4053//4053 4066//4066
f 4053//4053 4067//4067 4066//4066
f 4053//4053 4054//4054 4067//4067
f 4054//4054 4068//4068 4067//4067
f 4054//4054 4055//4055 4068//4068
f 4055//4055 4069//4069 4068//4068
f 4055//4055 4056//4056 4069//4069
f 4056//4056 4070//4070 4069//4069
f 4056//4056 4057//4057 4070//4070
f 4057//4057 4071//4071 4070//4070
f 4057//4057 4044//4044 4071//4071
f 4044//4044 4058//4058 4071//4071
f 4058//4058 4059//4059 4072//4072
f 4059//4059 4073//4073 4072//4072
f 4059//4059 4060//4060 4073//4073
f 4060//4060 4074//4074 4073//4073
f 4060//4060 4061//4061 4074//4074
f 4061//4061 4075//4075 4074//4074
f 4061//4061 4062//4062 4075//4075
f 4062//4062 4076//4076 4075//4075
f 4062//4062 4063//4063 4076//4076
f 4063//4063 4077//4077 4076//4076
f 4063//4063 4064//4064 4077//4077
f 4064//4064 4078//4078 4077//4077
f 4064//4064 4065//4065 4078//4078
f 4065//4065 4079//4079 4078//4078
f 4065//4065 4066//4066 4079//4079
f 4066//4066 4080//4080 4079//4079
f 4066//4066 4067//4067 4080//4080
f 4067//4067 4081//4081 4080//4080
f 4067//4067 4068//4068 4081//4081
f 4068//4068 4082//4082 4081//4081
f 4068//4068 4069//4069 4082//4082
f 4069//4069 4083//4083 4082//4082
f 4069//4069 4070//4070 4083//4083
f 4070//4070 4084//4084 4083//4083
f 4070//4070 4071//4071 4084//4084
f 4071//4071 4085//4085 4084//4084
f 4071//4071 4058//4058 4085//4085
f 4058//4058 4072//4072 4085//4085
f 4072//4072 4073//4073 4086//4086
f 4073//4073 4087//4087 4086//4086
f 4073//4073 4074//4074 4087//4087
f 4074//4074 4088//4088 4087//4087
f 4074//4074 4075//4075 4088//4088
f 4075//4075 4089//4089 4088//4088
f 4075//4075 4076//4076 4089//4089
f 4076//4076 4090//4090 4089//4089
f 4076//4076 4077//4077 4090//4090
f 4077//4077 4091//4091 4090//4090
f 4077//4077 4078//4078 4091//4091
f 4078//4078 4092//4092 4091//4091
f 4078//4078 4079//4079 4092//4092
f 4079//4079 4093//4093 4092//4092
f 4079//4079 4080//4080 4093//4093
f 4080//4080 4094//4094 4093//4093
f 4080//4080 4081//4081 4094//4094
f 4081//4081 4095//4095 4094//4094
f 4081//4081 4082//4082 4095//4095
f 4082//4082 4096//4096 4095//4095
f 4082//4082 4083//4083 4096//4096
f 4083//4083 4097//4097 4096//4096
f 4083//4083 4084//4084 4097//4097
f 4084//4084 4098//4098 4097//4097
f 4084//4084 4085//4085 4098//4098
f 4085//4085 4099//4099 4098//4098
f 4085//4085 4072//4072 4099//4099
f 4072//4072 4086//4086 4099//4099
f 4086//4086 4087//4087 3973//3973
f 4087//4087 4088//4088 3973//3973
f 4088//4088 4089//4089 3973//3973
f 4089//4089 4090//4090 3973//3973
f 4090//4090 4091//4091 3973//3973
f 4091//4091 4092//4092 3973//3973
f 4092//4092 4093//4093 3973//3973
f 4093//4093 4094//4094 3973//3973
f 4094//4094 4095//4095 3973//3973
f 4095//4095 4096//4096 3973//3973
f 4096//4096 4097//4097 3973//3973
f 4097//4097 4098//4098 3973//3973
f 4098//4098 4099//4099 3973//3973
f 4099//4099 4086//4086 3973//3973
o toenail
usemtl cute_cream
s 1
f 4100//4100 4103//4103 4102//4102
f 4100//4100 4104//4104 4103//4103
f 4100//4100 4105//4105 4104//4104
f 4100//4100 4106//4106 4105//4105
f 4100//4100 4107//4107 4106//4106
f 4100//4100 4108//4108 4107//4107
f 4100//4100 4109//4109 4108//4108
f 4100//4100 4102//4102 4109//4109
f 4102//4102 4103//4103 4110//4110
f 4103//4103 4111//4111 4110//4110
f 4103//4103 4104//4104 4111//4111
f 4104//4104 4112//4112 4111//4111
f 4104//4104 4105//4105 4112//4112
f 4105//4105 4113//4113 4112//4112
f 4105//4105 4106//4106 4113//4113
f 4106//4106 4114//4114 4113//4113
f 4106//4106 4107//4107 4114//4114
f 4107//4107 4115//4115 4114//4114
f 4107//4107 4108//4108 4115//4115
f 4108//4108 4116//4116 4115//4115
f 4108//4108 4109//4109 4116//4116
f 4109//4109 4117//4117 4116//4116
f 4109//4109 4102//4102 4117//4117
f 4102//4102 4110//4110 4117//4117
f 4110//4110 4111//4111 4118//4118
f 4111//4111 4119//4119 4118//4118
f 4111//4111 4112//4112 4119//4119
f 4112//4112 4120//4120 4119//4119
f 4112//4112 4113//4113 4120//4120
f 4113//4113 4121//4121 4120//4120
f 4113//4113 4114//4114 4121//4121
f 4114//4114 4122//4122 4121//4121
f 4114//4114 4115//4115 4122//4122
f 4115//4115 4123//4123 4122//4122
f 4115//4115 4116//4116 4123//4123
f 4116//4116 4124//4124 4123//4123
f 4116//4116 4117//4117 4124//4124
f 4117//4117 4125//4125 4124//4124
f 4117//4117 4110//4110 4125//4125
f 4110//4110 4118//4118 4125//4125
f 4118//4118 4119//4119 4126//4126
f 4119//4119 4127//4127 4126//4126
f 4119//4119 4120//4120 4127//4127
f 4120//4120 4128//4128 4127//4127
f 4120//4120 4121//4121 4128//4128
f 4121//4121 4129//4129 4128//4128
f 4121//4121 4122//4122 4129//4129
f 4122//4122 4130//4130 4129//4129
f 4122//4122 4123//4123 4130//4130
f 4123//4123 4131//4131 4130//4130
f 4123//4123 4124//4124 4131//4131
f 4124//4124 4132//4132 4131//4131
f 4124//4124 4125//4125 4132//4132
f 4125//4125 4133//4133 4132//4132
f 4125//4125 4118//4118 4133//4133
f 4118//4118 4126//4126 4133//4133
f 4126//4126 4127//4127 4134//4134
f 4127//4127 4135//4135 4134//4134
f 4127//4127 4128//4128 4135//4135
f 4128//4128 4136//4136 4135//4135
f 4128//4128 4129//4129 4136//4136
f 4129//4129 4137//4137 4136//4136
f 4129//4129 4130//4130 4137//4137
f 4130//4130 4138//4138 4137//4137
f 4130//4130 4131//4131 4138//4138
f 4131//4131 4139//4139 4138//4138
f 4131//4131 4132//4132 4139//4139
f 4132//4132 4140//4140 4139//4139
f 4132//4132 4133//4133 4140//4140
f 4133//4133 4141//4141 4140//4140
f 4133//4133 4126//4126 4141//4141
f 4126//4126 4134//4134 4141//4141
f 4134//4134 4135//4135 4101//4101
f 4135//4135 4136//4136 4101//4101
f 4136//4136 4137//4137 4101//4101
f 4137//4137 4138//4138 4101//4101
f 4138//4138 4139//4139 4101//4101
f 4139//4139 4140//4140 4101//4101
f 4140//4140 4141//4141 4101//4101
f 4141//4141 4134//4134 4101//4101
o toenail
usemtl cute_cream
s 1
f 4142//4142 4145//4145 4144//4144
f 4142//4142 4146//4146 4145//4145
f 4142//4142 4147//4147 4146//4146
f 4142//4142 4148//4148 4147//4147
f 4142//4142 4149//4149 4148//4148
f 4142//4142 4150//4150 4149//4149
f 4142//4142 4151//4151 4150//4150
f 4142//4142 4144//4144 4151//4151
f 4144//4144 4145//4145 4152//4152
f 4145//4145 4153//4153 4152//4152
f 4145//4145 4146//4146 4153//4153
f 4146//4146 4154//4154 4153//4153
f 4146//4146 4147//4147 4154//4154
f 4147//4147 4155//4155 4154//4154
f 4147//4147 4148//4148 4155//4155
f 4148//4148 4156//4156 4155//4155
f 4148//4148 4149//4149 4156//4156
f 4149//4149 4157//4157 4156//4156
f 4149//4149 4150//4150 4157//4157
f 4150//4150 4158//4158 4157//4157
f 4150//4150 4151//4151 4158//4158
f 4151//4151 4159//4159 4158//4158
f 4151//4151 4144//4144 4159//4159
f 4144//4144 4152//4152 4159//4159
f 4152//4152 4153//4153 4160//4160
f 4153//4153 4161//4161 4160//4160
f 4153//4153 4154//4154 4161//4161
f 4154//4154 4162//4162 4161//4161
f 4154//4154 4155//4155 4162//4162
f 4155//4155 4163//4163 4162//4162
f 4155//4155 4156//4156 4163//4163
f 4156//4156 4164//4164 4163//4163
f 4156//4156 4157//4157 4164//4164
f 4157//4157 4165//4165 4164//4164
f 4157//4157 4158//4158 4165//4165
f 4158//4158 4166//4166 4165//4165
f 4158//4158 4159//4159 4166//4166
f 4159//4159 4167//4167 4166//4166
f 4159//4159 4152//4152 4167//4167
f 4152//4152 4160//4160 4167//4167
f 4160//4160 4161//4161 4168//4168
f 4161//4161 4169//4169 4168//4168
f 4161//4161 4162//4162 4169//4169
f 4162//4162 4170//4170 4169//4169
f 4162//4162 4163//4163 4170//4170
f 4163//4163 4171//4171 4170//4170
f 4163//4163 4164//4164 4171//4171
f 4164//4164 4172//4172 4171//4171
f 4164//4164 4165//4165 4172//4172
f 4165//4165 4173//4173 4172//4172
f 4165//4165 4166//4166 4173//4173
f 4166//4166 4174//4174 4173//4173
f 4166//4166 4167//4167 4174//4174
f 4167//4167 4175//4175 4174//4174
f 4167//4167 4160//4160 4175//4175
f 4160//4160 4168//4168 4175//4175
f 4168//4168 4169//4169 4176//4176
f 4169//4169 4177//4177 4176//4176
f 4169//4169 4170//4170 4177//4177
f 4170//4170 4178//4178 4177//4177
f 4170//4170 4171//4171 4178//4178
f 4171//4171 4179//4179 4178//4178
f 4171//4171 4172//4172 4179//4179
f 4172//4172 4180//4180 4179//4179
f 4172//4172 4173//4173 4180//4180
f 4173//4173 4181//4181 4180//4180
f 4173//4173 4174//4174 4181//4181
f 4174//4174 4182//4182 4181//4181
f 4174//4174 4175//4175 4182//4182
f 4175//4175 4183//4183 4182//4182
f 4175//4175 4168//4168 4183//4183
f 4168//4168 4176//4176 4183//4183
f 4176//4176 4177//4177 4143//4143
f 4177//4177 4178//4178 4143//4143
f 4178//4178 4179//4179 4143//4143
f 4179//4179 4180//4180 4143//4143
f 4180//4180 4181//4181 4143//4143
f 4181//4181 4182//4182 4143//4143
f 4182//4182 4183//4183 4143//4143
f 4183//4183 4176//4176 4143//4143
o toenail
usemtl cute_cream
s 1
f 4184//4184 4187//4187 4186//4186
f 4184//4184 4188//4188 4187//4187
f 4184//4184 4189//4189 4188//4188
f 4184//4184 4190//4190 4189//4189
f 4184//4184 4191//4191 4190//4190
f 4184//4184 4192//4192 4191//4191
f 4184//4184 4193//4193 4192//4192
f 4184//4184 4186//4186 4193//4193
f 4186//4186 4187//4187 4194//4194
f 4187//4187 4195//4195 4194//4194
f 4187//4187 4188//4188 4195//4195
f 4188//4188 4196//4196 4195//4195
f 4188//4188 4189//4189 4196//4196
f 4189//4189 4197//4197 4196//4196
f 4189//4189 4190//4190 4197//4197
f 4190//4190 4198//4198 4197//4197
f 4190//4190 4191//4191 4198//4198
f 4191//4191 4199//4199 4198//4198
f 4191//4191 4192//4192 4199//4199
f 4192//4192 4200//4200 4199//4199
f 4192//4192 4193//4193 4200//4200
f 4193//4193 4201//4201 4200//4200
f 4193//4193 4186//4186 4201//4201
f 4186//4186 4194//4194 4201//4201
f 4194//4194 4195//4195 4202//4202
f 4195//4195 4203//4203 4202//4202
f 4195//4195 4196//4196 4203//4203
f 4196//4196 4204//4204 4203//4203
f 4196//4196 4197//4197 4204//4204
f 4197//4197 4205//4205 4204//4204
f 4197//4197 4198//4198 4205//4205
f 4198//4198 4206//4206 4205//4205
f 4198//4198 4199//4199 4206//4206
f 4199//4199 4207//4207 4206//4206
f 4199//4199 4200//4200 4207//4207
f 4200//4200 4208//4208 4207//4207
f 4200//4200 4201//4201 4208//4208
f 4201//4201 4209//4209 4208//4208
f 4201//4201 4194//4194 4209//4209
f 4194//4194 4202//4202 4209//4209
f 4202//4202 4203//4203 4210//4210
f 4203//4203 4211//4211 4210//4210
f 4203//4203 4204//4204 4211//4211
f 4204//4204 4212//4212 4211//4211
f 4204//4204 4205//4205 4212//4212
f 4205//4205 4213//4213 4212//4212
f 4205//4205 4206//4206 4213//4213
f 4206//4206 4214//4214 4213//4213
f 4206//4206 4207//4207 4214//4214
f 4207//4207 4215//4215 4214//4214
f 4207//4207 4208//4208 4215//4215
f 4208//4208 4216//4216 4215//4215
f 4208//4208 4209//4209 4216//4216
f 4209//4209 4217//4217 4216//4216
f 4209//4209 4202//4202 4217//4217
f 4202//4202 4210//4210 4217//4217
f 4210//4210 4211//4211 4218//4218
f 4211//4211 4219//4219 4218//4218
f 4211//4211 4212//4212 4219//4219
f 4212//4212 4220//4220 4219//4219
f 4212//4212 4213//4213 4220//4220
f 4213//4213 4221//4221 4220//4220
f 4213//4213 4214//4214 4221//4221
f 4214//4214 4222//4222 4221//4221
f 4214//4214 4215//4215 4222//4222
f 4215//4215 4223//4223 4222//4222
f 4215//4215 4216//4216 4223//4223
f 4216//4216 4224//4224 4223//4223
f 4216//4216 4217//4217 4224//4224
f 4217//4217 4225//4225 4224//4224
f 4217//4217 4210//4210 4225//4225
f 4210//4210 4218//4218 4225//4225
f 4218//4218 4219//4219 4185//4185
f 4219//4219 4220//4220 4185//4185
f 4220//4220 4221//4221 4185//4185
f 4221//4221 4222//4222 4185//4185
f 4222//4222 4223//4223 4185//4185
f 4223//4223 4224//4224 4185//4185
f 4224//4224 4225//4225 4185//4185
f 4225//4225 4218//4218 4185//4185
o foot
usemtl cute_green
s 1
f 4226//4226 4229//4229 4228//4228
f 4226//4226 4230//4230 4229//4229
f 4226//4226 4231//4231 4230//4230
f 4226//4226 4232//4232 4231//4231
f 4226//4226 4233//4233 4232//4232
f 4226//4226 4234//4234 4233//4233
f 4226//4226 4235//4235 4234//4234
f 4226//4226 4236//4236 4235//4235
f 4226//4226 4237//4237 4236//4236
f 4226//4226 4238//4238 4237//4237
f 4226//4226 4239//4239 4238//4238
f 4226//4226 4240//4240 4239//4239
f 4226//4226 4241//4241 4240//4240
f 4226//4226 4228//4228 4241//4241
f 4228//4228 4229//4229 4242//4242
f 4229//4229 4243//4243 4242//4242
f 4229//4229 4230//4230 4243//4243
f 4230//4230 4244//4244 4243//4243
f 4230//4230 4231//4231 4244//4244
f 4231//4231 4245//4245 4244//4244
f 4231//4231 4232//4232 4245//4245
f 4232//4232 4246//4246 4245//4245
f 4232//4232 4233//4233 4246//4246
f 4233//4233 4247//4247 4246//4246
f 4233//4233 4234//4234 4247//4247
f 4234//4234 4248//4248 4247//4247
f 4234//4234 4235//4235 4248//4248
f 4235//4235 4249//4249 4248//4248
f 4235//4235 4236//4236 4249//4249
f 4236//4236 4250//4250 4249//4249
f 4236//4236 4237//4237 4250//4250
f 4237//4237 4251//4251 4250//4250
f 4237//4237 4238//4238 4251//4251
f 4238//4238 4252//4252 4251//4251
f 4238//4238 4239//4239 4252//4252
f 4239//4239 4253//4253 4252//4252
f 4239//4239 4240//4240 4253//4253
f 4240//4240 4254//4254 4253//4253
f 4240//4240 4241//4241 4254//4254
f 4241//4241 4255//4255 4254//4254
f 4241//4241 4228//4228 4255//4255
f 4228//4228 4242//4242 4255//4255
f 4242//4242 4243//4243 4256//4256
f 4243//4243 4257//4257 4256//4256
f 4243//4243 4244//4244 4257//4257
f 4244//4244 4258//4258 4257//4257
f 4244//4244 4245//4245 4258//4258
f 4245//4245 4259//4259 4258//4258
f 4245//4245 4246//4246 4259//4259
f 4246//4246 4260//4260 4259//4259
f 4246//4246 4247//4247 4260//4260
f 4247//4247 4261//4261 4260//4260
f 4247//4247 4248//4248 4261//4261
f 4248//4248 4262//4262 4261//4261
f 4248//4248 4249//4249 4262//4262
f 4249//4249 4263//4263 4262//4262
f 4249//4249 4250//4250 4263//4263
f 4250//4250 4264//4264 4263//4263
f 4250//4250 4251//4251 4264//4264
f 4251//4251 4265//4265 4264//4264
f 4251//4251 4252//4252 4265//4265
f 4252//4252 4266//4266 4265//4265
f 4252//4252 4253//4253 4266//4266
f 4253//4253 4267//4267 4266//4266
f 4253//4253 4254//4254 4267//4267
f 4254//4254 4268//4268 4267//4267
f 4254//4254 4255//4255 4268//4268
f 4255//4255 4269//4269 4268//4268
f 4255//4255 4242//4242 4269//4269
f 4242//4242 4256//4256 4269//4269
f 4256//4256 4257//4257 4270//4270
f 4257//4257 4271//4271 4270//4270
f 4257//4257 4258//4258 4271//4271
f 4258//4258 4272//4272 4271//4271
f 4258//4258 4259//4259 4272//4272
f 4259//4259 4273//4273 4272//4272
f 4259//4259 4260//4260 4273//4273
f 4260//4260 4274//4274 4273//4273
f 4260//4260 4261//4261 4274//4274
f 4261//4261 4275//4275 4274//4274
f 4261//4261 4262//4262 4275//4275
f 4262//4262 4276//4276 4275//4275
f 4262//4262 4263//4263 4276//4276
f 4263//4263 4277//4277 4276//4276
f 4263//4263 4264//4264 4277//4277
f 4264//4264 4278//4278 4277//4277
f 4264//4264 4265//4265 4278//4278
f 4265//4265 4279//4279 4278//4278
f 4265//4265 4266//4266 4279//4279
f 4266//4266 4280//4280 4279//4279
f 4266//4266 4267//4267 4280//4280
f 4267//4267 4281//4281 4280//4280
f 4267//4267 4268//4268 4281//4281
f 4268//4268 4282//4282 4281//4281
f 4268//4268 4269//4269 4282//4282
f 4269//4269 4283//4283 4282//4282
f 4269//4269 4256//4256 4283//4283
f 4256//4256 4270//4270 4283//4283
f 4270//4270 4271//4271 4284//4284
f 4271//4271 4285//4285 4284//4284
f 4271//4271 4272//4272 4285//4285
f 4272//4272 4286//4286 4285//4285
f 4272//4272 4273//4273 4286//4286
f 4273//4273 4287//4287 4286//4286
f 4273//4273 4274//4274 4287//4287
f 4274//4274 4288//4288 4287//4287
f 4274//4274 4275//4275 4288//4288
f 4275//4275 4289//4289 4288//4288
f 4275//4275 4276//4276 4289//4289
f 4276//4276 4290//4290 4289//4289
f 4276//4276 4277//4277 4290//4290
f 4277//4277 4291//4291 4290//4290
f 4277//4277 4278//4278 4291//4291
f 4278//4278 4292//4292 4291//4291
f 4278//4278 4279//4279 4292//4292
f 4279//4279 4293//4293 4292//4292
f 4279//4279 4280//4280 4293//4293
f 4280//4280 4294//4294 4293//4293
f 4280//4280 4281//4281 4294//4294
f 4281//4281 4295//4295 4294//4294
f 4281//4281 4282//4282 4295//4295
f 4282//4282 4296//4296 4295//4295
f 4282//4282 4283//4283 4296//4296
f 4283//4283 4297//4297 4296//4296
f 4283//4283 4270//4270 4297//4297
f 4270//4270 4284//4284 4297//4297
f 4284//4284 4285//4285 4298//4298
f 4285//4285 4299//4299 4298//4298
f 4285//4285 4286//4286 4299//4299
f 4286//4286 4300//4300 4299//4299
f 4286//4286 4287//4287 4300//4300
f 4287//4287 4301//4301 4300//4300
f 4287//4287 4288//4288 4301//4301
f 4288//4288 4302//4302 4301//4301
f 4288//4288 4289//4289 4302//4302
f 4289//4289 4303//4303 4302//4302
f 4289//4289 4290//4290 4303//4303
f 4290//4290 4304//4304 4303//4303
f 4290//4290 4291//4291 4304//4304
f 4291//4291 4305//4305 4304//4304
f 4291//4291 4292//4292 4305//4305
f 4292//4292 4306//4306 4305//4305
f 4292//4292 4293//4293 4306//4306
f 4293//4293 4307//4307 4306//4306
f 4293//4293 4294//4294 4307//4307
f 4294//4294 4308//4308 4307//4307
f 4294//4294 4295//4295 4308//4308
f 4295//4295 4309//4309 4308//4308
f 4295//4295 4296//4296 4309//4309
f 4296//4296 4310//4310 4309//4309
f 4296//4296 4297//4297 4310//4310
f 4297//4297 4311//4311 4310//4310
f 4297//4297 4284//4284 4311//4311
f 4284//4284 4298//4298 4311//4311
f 4298//4298 4299//4299 4312//4312
f 4299//4299 4313//4313 4312//4312
f 4299//4299 4300//4300 4313//4313
f 4300//4300 4314//4314 4313//4313
f 4300//4300 4301//4301 4314//4314
f 4301//4301 4315//4315 4314//4314
f 4301//4301 4302//4302 4315//4315
f 4302//4302 4316//4316 4315//4315
f 4302//4302 4303//4303 4316//4316
f 4303//4303 4317//4317 4316//4316
f 4303//4303 4304//4304 4317//4317
f 4304//4304 4318//4318 4317//4317
f 4304//4304 4305//4305 4318//4318
f 4305//4305 4319//4319 4318//4318
f 4305//4305 4306//4306 4319//4319
f 4306//4306 4320//4320 4319//4319
f 4306//4306 4307//4307 4320//4320
f 4307//4307 4321//4321 4320//4320
f 4307//4307 4308//4308 4321//4321
f 4308//4308 4322//4322 4321//4321
f 4308//4308 4309//4309 4322//4322
f 4309//4309 4323//4323 4322//4322
f 4309//4309 4310//4310 4323//4323
f 4310//4310 4324//4324 4323//4323
f 4310//4310 4311//4311 4324//4324
f 4311//4311 4325//4325 4324//4324
f 4311//4311 4298//4298 4325//4325
f 4298//4298 4312//4312 4325//4325
f 4312//4312 4313//4313 4326//4326
f 4313//4313 4327//4327 4326//4326
f 4313//4313 4314//4314 4327//4327
f 4314//4314 4328//4328 4327//4327
f 4314//4314 4315//4315 4328//4328
f 4315//4315 4329//4329 4328//4328
f 4315//4315 4316//4316 4329//4329
f 4316//4316 4330//4330 4329//4329
f 4316//4316 4317//4317 4330//4330
f 4317//4317 4331//4331 4330//4330
f 4317//4317 4318//4318 4331//4331
f 4318//4318 4332//4332 4331//4331
f 4318//4318 4319//4319 4332//4332
f 4319//4319 4333//4333 4332//4332
f 4319//4319 4320//4320 4333//4333
f 4320//4320 4334//4334 4333//4333
f 4320//4320 4321//4321 4334//4334
f 4321//4321 4335//4335 4334//4334
f 4321//4321 4322//4322 4335//4335
f 4322//4322 4336//4336 4335//4335
f 4322//4322 4323//4323 4336//4336
f 4323//4323 4337//4337 4336//4336
f 4323//4323 4324//4324 4337//4337
f 4324//4324 4338//4338 4337//4337
f 4324//4324 4325//4325 4338//4338
f 4325//4325 4339//4339 4338//4338
f 4325//4325 4312//4312 4339//4339
f 4312//4312 4326//4326 4339//4339
f 4326//4326 4327//4327 4340//4340
f 4327//4327 4341//4341 4340//4340
f 4327//4327 4328//4328 4341//4341
f 4328//4328 4342//4342 4341//4341
f 4328//4328 4329//4329 4342//4342
f 4329//4329 4343//4343 4342//4342
f 4329//4329 4330//4330 4343//4343
f 4330//4330 4344//4344 4343//4343
f 4330//4330 4331//4331 4344//4344
f 4331//4331 4345//4345 4344//4344
f 4331//4331 4332//4332 4345//4345
f 4332//4332 4346//4346 4345//4345
f 4332//4332 4333//4333 4346//4346
f 4333//4333 4347//4347 4346//4346
f 4333//4333 4334//4334 4347//4347
f 4334//4334 4348//4348 4347//4347
f 4334//4334 4335//4335 4348//4348
f 4335//4335 4349//4349 4348//4348
f 4335//4335 4336//4336 4349//4349
f 4336//4336 4350//4350 4349//4349
f 4336//4336 4337//4337 4350//4350
f 4337//4337 4351//4351 4350//4350
f 4337//4337 4338//4338 4351//4351
f 4338//4338 4352//4352 4351//4351
f 4338//4338 4339//4339 4352//4352
f 4339//4339 4353//4353 4352//4352
f 4339//4339 4326//4326 4353//4353
f 4326//4326 4340//4340 4353//4353
f 4340//4340 4341//4341 4227//4227
f 4341//4341 4342//4342 4227//4227
f 4342//4342 4343//4343 4227//4227
f 4343//4343 4344//4344 4227//4227
f 4344//4344 4345//4345 4227//4227
f 4345//4345 4346//4346 4227//4227
f 4346//4346 4347//4347 4227//4227
f 4347//4347 4348//4348 4227//4227
f 4348//4348 4349//4349 4227//4227
f 4349//4349 4350//4350 4227//4227
f 4350//4350 4351//4351 4227//4227
f 4351//4351 4352//4352 4227//4227
f 4352//4352 4353//4353 4227//4227
f 4353//4353 4340//4340 4227//4227
o toenail
usemtl cute_cream
s 1
f 4354//4354 4357//4357 4356//4356
f 4354//4354 4358//4358 4357//4357
f 4354//4354 4359//4359 4358//4358
f 4354//4354 4360//4360 4359//4359
f 4354//4354 4361//4361 4360//4360
f 4354//4354 4362//4362 4361//4361
f 4354//4354 4363//4363 4362//4362
f 4354//4354 4356//4356 4363//4363
f 4356//4356 4357//4357 4364//4364
f 4357//4357 4365//4365 4364//4364
f 4357//4357 4358//4358 4365//4365
f 4358//4358 4366//4366 4365//4365
f 4358//4358 4359//4359 4366//4366
f 4359//4359 4367//4367 4366//4366
f 4359//4359 4360//4360 4367//4367
f 4360//4360 4368//4368 4367//4367
f 4360//4360 4361//4361 4368//4368
f 4361//4361 4369//4369 4368//4368
f 4361//4361 4362//4362 4369//4369
f 4362//4362 4370//4370 4369//4369
f 4362//4362 4363//4363 4370//4370
f 4363//4363 4371//4371 4370//4370
f 4363//4363 4356//4356 4371//4371
f 4356//4356 4364//4364 4371//4371
f 4364//4364 4365//4365 4372//4372
f 4365//4365 4373//4373 4372//4372
f 4365//4365 4366//4366 4373//4373
f 4366//4366 4374//4374 4373//4373
f 4366//4366 4367//4367 4374//4374
f 4367//4367 4375//4375 4374//4374
f 4367//4367 4368//4368 4375//4375
f 4368//4368 4376//4376 4375//4375
f 4368//4368 4369//4369 4376//4376
f 4369//4369 4377//4377 4376//4376
f 4369//4369 4370//4370 4377//4377
f 4370//4370 4378//4378 4377//4377
f 4370//4370 4371//4371 4378//4378
f 4371//4371 4379//4379 4378//4378
f 4371//4371 4364//4364 4379//4379
f 4364//4364 4372//4372 4379//4379
f 4372//4372 4373//4373 4380//4380
f 4373//4373 4381//4381 4380//4380
f 4373//4373 4374//4374 4381//4381
f 4374//4374 4382//4382 4381//4381
f 4374//4374 4375//4375 4382//4382
f 4375//4375 4383//4383 4382//4382
f 4375//4375 4376//4376 4383//4383
f 4376//4376 4384//4384 4383//4383
f 4376//4376 4377//4377 4384//4384
f 4377//4377 4385//4385 4384//4384
f 4377//4377 4378//4378 4385//4385
f 4378//4378 4386//4386 4385//4385
f 4378//4378 4379//4379 4386//4386
f 4379//4379 4387//4387 4386//4386
f 4379//4379 4372//4372 4387//4387
f 4372//4372 4380//4380 4387//4387
f 4380//4380 4381//4381 4388//4388
f 4381//4381 4389//4389 4388//4388
f 4381//4381 4382//4382 4389//4389
f 4382//4382 4390//4390 4389//4389
f 4382//4382 4383//4383 4390//4390
f 4383//4383 4391//4391 4390//4390
f 4383//4383 4384//4384 4391//4391
f 4384//4384 4392//4392 4391//4391
f 4384//4384 4385//4385 4392//4392
f 4385//4385 4393//4393 4392//4392
f 4385//4385 4386//4386 4393//4393
f 4386//4386 4394//4394 4393//4393
f 4386//4386 4387//4387 4394//4394
f 4387//4387 4395//4395 4394//4394
f 4387//4387 4380//4380 4395//4395
f 4380//4380 4388//4388 4395//4395
f 4388//4388 4389//4389 4355//4355
f 4389//4389 4390//4390 4355//4355
f 4390//4390 4391//4391 4355//4355
f 4391//4391 4392//4392 4355//4355
f 4392//4392 4393//4393 4355//4355
f 4393//4393 4394//4394 4355//4355
f 4394//4394 4395//4395 4355//4355
f 4395//4395 4388//4388 4355//4355
o toenail
usemtl cute_cream
s 1
f 4396//4396 4399//4399 4398//4398
f 4396//4396 4400//4400 4399//4399
f 4396//4396 4401//4401 4400//4400
f 4396//4396 4402//4402 4401//4401
f 4396//4396 4403//4403 4402//4402
f 4396//4396 4404//4404 4403//4403
f 4396//4396 4405//4405 4404//4404
f 4396//4396 4398//4398 4405//4405
f 4398//4398 4399//4399 4406//4406
f 4399//4399 4407//4407 4406//4406
f 4399//4399 4400//4400 4407//4407
f 4400//4400 4408//4408 4407//4407
f 4400//4400 4401//4401 4408//4408
f 4401//4401 4409//4409 4408//4408
f 4401//4401 4402//4402 4409//4409
f 4402//4402 4410//4410 4409//4409
f 4402//4402 4403//4403 4410//4410
f 4403//4403 4411//4411 4410//4410
f 4403//4403 4404//4404 4411//4411
f 4404//4404 4412//4412 4411//4411
f 4404//4404 4405//4405 4412//4412
f 4405//4405 4413//4413 4412//4412
f 4405//4405 4398//4398 4413//4413
f 4398//4398 4406//4406 4413//4413
f 4406//4406 4407//4407 4414//4414
f 4407//4407 4415//4415 4414//4414
f 4407//4407 4408//4408 4415//4415
f 4408//4408 4416//4416 4415//4415
f 4408//4408 4409//4409 4416//4416
f 4409//4409 4417//4417 4416//4416
f 4409//4409 4410//4410 4417//4417
f 4410//4410 4418//4418 4417//4417
f 4410//4410 4411//4411 4418//4418
f 4411//4411 4419//4419 4418//4418
f 4411//4411 4412//4412 4419//4419
f 4412//4412 4420//4420 4419//4419
f 4412//4412 4413//4413 4420//4420
f 4413//4413 4421//4421 4420//4420
f 4413//4413 4406//4406 4421//4421
f 4406//4406 4414//4414 4421//4421
f 4414//4414 4415//4415 4422//4422
f 4415//4415 4423//4423 4422//4422
f 4415//4415 4416//4416 4423//4423
f 4416//4416 4424//4424 4423//4423
f 4416//4416 4417//4417 4424//4424
f 4417//4417 4425//4425 4424//4424
f 4417//4417 4418//4418 4425//4425
f 4418//4418 4426//4426 4425//4425
f 4418//4418 4419//4419 4426//4426
f 4419//4419 4427//4427 4426//4426
f 4419//4419 4420//4420 4427//4427
f 4420//4420 4428//4428 4427//4427
f 4420//4420 4421//4421 4428//4428
f 4421//4421 4429//4429 4428//4428
f 4421//4421 4414//4414 4429//4429
f 4414//4414 4422//4422 4429//4429
f 4422//4422 4423//4423 4430//4430
f 4423//4423 4431//4431 4430//4430
f 4423//4423 4424//4424 4431//4431
f 4424//4424 4432//4432 4431//4431
f 4424//4424 4425//4425 4432//4432
f 4425//4425 4433//4433 4432//4432
f 4425//4425 4426//4426 4433//4433
f 4426//4426 4434//4434 4433//4433
f 4426//4426 4427//4427 4434//4434
f 4427//4427 4435//4435 4434//4434
f 4427//4427 4428//4428 4435//4435
f 4428//4428 4436//4436 4435//4435
f 4428//4428 4429//4429 4436//4436
f 4429//4429 4437//4437 4436//4436
f 4429//4429 4422//4422 4437//4437
f 4422//4422 4430//4430 4437//4437
f 4430//4430 4431//4431 4397//4397
f 4431//4431 4432//4432 4397//4397
f 4432//4432 4433//4433 4397//4397
f 4433//4433 4434//4434 4397//4397
f 4434//4434 4435//4435 4397//4397
f 4435//4435 4436//4436 4397//4397
f 4436//4436 4437//4437 4397//4397
f 4437//4437 4430//4430 4397//4397
o toenail
usemtl cute_cream
s 1
f 4438//4438 4441//4441 4440//4440
f 4438//4438 4442//4442 4441//4441
f 4438//4438 4443//4443 4442//4442
f 4438//4438 4444//4444 4443//4443
f 4438//4438 4445//4445 4444//4444
f 4438//4438 4446//4446 4445//4445
f 4438//4438 4447//4447 4446//4446
f 4438//4438 4440//4440 4447//4447
f 4440//4440 4441//4441 4448//4448
f 4441//4441 4449//4449 4448//4448
f 4441//4441 4442//4442 4449//4449
f 4442//4442 4450//4450 4449//4449
f 4442//4442 4443//4443 4450//4450
f 4443//4443 4451//4451 4450//4450
f 4443//4443 4444//4444 4451//4451
f 4444//4444 4452//4452 4451//4451
f 4444//4444 4445//4445 4452//4452
f 4445//4445 4453//4453 4452//4452
f 4445//4445 4446//4446 4453//4453
f 4446//4446 4454//4454 4453//4453
f 4446//4446 4447//4447 4454//4454
f 4447//4447 4455//4455 4454//4454
f 4447//4447 4440//4440 4455//4455
f 4440//4440 4448//4448 4455//4455
f 4448//4448 4449//4449 4456//4456
f 4449//4449 4457//4457 4456//4456
f 4449//4449 4450//4450 4457//4457
f 4450//4450 4458//4458 4457//4457
f 4450//4450 4451//4451 4458//4458
f 4451//4451 4459//4459 4458//4458
f 4451//4451 4452//4452 4459//4459
f 4452//4452 4460//4460 4459//4459
f 4452//4452 4453//4453 4460//4460
f 4453//4453 4461//4461 4460//4460
f 4453//4453 4454//4454 4461//4461
f 4454//4454 4462//4462 4461//4461
f 4454//4454 4455//4455 4462//4462
f 4455//4455 4463//4463 4462//4462
f 4455//4455 4448//4448 4463//4463
f 4448//4448 4456//4456 4463//4463
f 4456//4456 4457//4457 4464//4464
f 4457//4457 4465//4465 4464//4464
f 4457//4457 4458//4458 4465//4465
f 4458//4458 4466//4466 4465//4465
f 4458//4458 4459//4459 4466//4466
f 4459//4459 4467//4467 4466//4466
f 4459//4459 4460//4460 4467//4467
f 4460//4460 4468//4468 4467//4467
f 4460//4460 4461//4461 4468//4468
f 4461//4461 4469//4469 4468//4468
f 4461//4461 4462//4462 4469//4469
f 4462//4462 4470//4470 4469//4469
f 4462//4462 4463//4463 4470//4470
f 4463//4463 4471//4471 4470//4470
f 4463//4463 4456//4456 4471//4471
f 4456//4456 4464//4464 4471//4471
f 4464//4464 4465//4465 4472//4472
f 4465//4465 4473//4473 4472//4472
f 4465//4465 4466//4466 4473//4473
f 4466//4466 4474//4474 4473//4473
f 4466//4466 4467//4467 4474//4474
f 4467//4467 4475//4475 4474//4474
f 4467//4467 4468//4468 4475//4475
f 4468//4468 4476//4476 4475//4475
f 4468//4468 4469//4469 4476//4476
f 4469//4469 4477//4477 4476//4476
f 4469//4469 4470//4470 4477//4477
f 4470//4470 4478//4478 4477//4477
f 4470//4470 4471//4471 4478//4478
f 4471//4471 4479//4479 4478//4478
f 4471//4471 4464//4464 4479//4479
f 4464//4464 4472//4472 4479//4479
f 4472//4472 4473//4473 4439//4439
f 4473//4473 4474//4474 4439//4439
f 4474//4474 4475//4475 4439//4439
f 4475//4475 4476//4476 4439//4439
f 4476//4476 4477//4477 4439//4439
f 4477//4477 4478//4478 4439//4439
f 4478//4478 4479//4479 4439//4439
f 4479//4479 4472//4472 4439//4439
o whitepartofeye
usemtl cute_eyewhite
s 1
f 4480//4480 4483//4483 4482//4482
f 4480//4480 4484//4484 4483//4483
f 4480//4480 4485//4485 4484//4484
f 4480//4480 4486//4486 4485//4485
f 4480//4480 4487//4487 4486//4486
f 4480//4480 4488//4488 4487//4487
f 4480//4480 4489//4489 4488//4488
f 4480//4480 4490//4490 4489//4489
f 4480//4480 4491//4491 4490//4490
f 4480//4480 4492//4492 4491//4491
f 4480//4480 4493//4493 4492//4492
f 4480//4480 4494//4494 4493//4493
f 4480//4480 4495//4495 4494//4494
f 4480//4480 4482//4482 4495//4495
f 4482//4482 4483//4483 4496//4496
f 4483//4483 4497//4497 4496//4496
f 4483//4483 4484//4484 4497//4497
f 4484//4484 4498//4498 4497//4497
f 4484//4484 4485//4485 4498//4498
f 4485//4485 4499//4499 4498//4498
f 4485//4485 4486//4486 4499//4499
f 4486//4486 4500//4500 4499//4499
f 4486//4486 4487//4487 4500//4500
f 4487//4487 4501//4501 4500//4500
f 4487//4487 4488//4488 4501//4501
f 4488//4488 4502//4502 4501//4501
f 4488//4488 4489//4489 4502//4502
f 4489//4489 4503//4503 4502//4502
f 4489//4489 4490//4490 4503//4503
f 4490//4490 4504//4504 4503//4503
f 4490//4490 4491//4491 4504//4504
f 4491//4491 4505//4505 4504//4504
f 4491//4491 4492//4492 4505//4505
f 4492//4492 4506//4506 4505//4505
f 4492//4492 4493//4493 4506//4506
f 4493//4493 4507//4507 4506//4506
f 4493//4493 4494//4494 4507//4507
f 4494//4494 4508//4508 4507//4507
f 4494//4494 4495//4495 4508//4508
f 4495//4495 4509//4509 4508//4508
f 4495//4495 4482//4482 4509//4509
f 4482//4482 4496//4496 4509//4509
f 4496//4496 4497//4497 4510//4510
f 4497//4497 4511//4511 4510//4510
f 4497//4497 4498//4498 4511//4511
f 4498//4498 4512//4512 4511//4511
f 4498//4498 4499//4499 4512//4512
f 4499//4499 4513//4513 4512//4512
f 4499//4499 4500//4500 4513//4513
f 4500//4500 4514//4514 4513//4513
f 4500//4500 4501//4501 4514//4514
f 4501//4501 4515//4515 4514//4514
f 4501//4501 4502//4502 4515//4515
f 4502//4502 4516//4516 4515//4515
f 4502//4502 4503//4503 4516//4516
f 4503//4503 4517//4517 4516//4516
f 4503//4503 4504//4504 4517//4517
f 4504//4504 4518//4518 4517//4517
f 4504//4504 4505//4505 4518//4518
f 4505//4505 4519//4519 4518//4518
f 4505//4505 4506//4506 4519//4519
f 4506//4506 4520//4520 4519//4519
f 4506//4506 4507//4507 4520//4520
f 4507//4507 4521//4521 4520//4520
f 4507//4507 4508//4508 4521//4521
f 4508//4508 4522//4522 4521//4521
f 4508//4508 4509//4509 4522//4522
f 4509//4509 4523//4523 4522//4522
f 4509//4509 4496//4496 4523//4523
f 4496//4496 4510//4510 4523//4523
f 4510//4510 4511//4511 4524//4524
f 4511//4511 4525//4525 4524//4524
f 4511//4511 4512//4512 4525//4525
f 4512//4512 4526//4526 4525//4525
f 4512//4512 4513//4513 4526//4526
f 4513//4513 4527//4527 4526//4526
f 4513//4513 4514//4514 4527//4527
f 4514//4514 4528//4528 4527//4527
f 4514//4514 4515//4515 4528//4528
f 4515//4515 4529//4529 4528//4528
f 4515//4515 4516//4516 4529//4529
f 4516//4516 4530//4530 4529//4529
f 4516//4516 4517//4517 4530//4530
f 4517//4517 4531//4531 4530//4530
f 4517//4517 4518//4518 4531//4531
f 4518//4518 4532//4532 4531//4531
f 4518//4518 4519//4519 4532//4532
f 4519//4519 4533//4533 4532//4532
f 4519//4519 4520//4520 4533//4533
f 4520//4520 4534//4534 4533//4533
f 4520//4520 4521//4521 4534//4534
f 4521//4521 4535//4535 4534//4534
f 4521//4521 4522//4522 4535//4535
f 4522//4522 4536//4536 4535//4535
f 4522//4522 4523//4523 4536//4536
f 4523//4523 4537//4537 4536//4536
f 4523//4523 4510//4510 4537//4537
f 4510//4510 4524//4524 4537//4537
f 4524//4524 4525//4525 4538//4538
f 4525//4525 4539//4539 4538//4538
f 4525//4525 4526//4526 4539//4539
f 4526//4526 4540//4540 4539//4539
f 4526//4526 4527//4527 4540//4540
f 4527//4527 4541//4541 4540//4540
f 4527//4527 4528//4528 4541//4541
f 4528//4528 4542//4542 4541//4541
f 4528//4528 4529//4529 4542//4542
f 4529//4529 4543//4543 4542//4542
f 4529//4529 4530//4530 4543//4543
f 4530//4530 4544//4544 4543//4543
f 4530//4530 4531//4531 4544//4544
f 4531//4531 4545//4545 4544//4544
f 4531//4531 4532//4532 4545//4545
f 4532//4532 4546//4546 4545//4545
f 4532//4532 4533//4533 4546//4546
f 4533//4533 4547//4547 4546//4546
f 4533//4533 4534//4534 4547//4547
f 4534//4534 4548//4548 4547//4547
f 4534//4534 4535//4535 4548//4548
f 4535//4535 4549//4549 4548//4548
f 4535//4535 4536//4536 4549//4549
f 4536//4536 4550//4550 4549//4549
f 4536//4536 4537//4537 4550//4550
f 4537//4537 4551//4551 4550//4550
f 4537//4537 4524//4524 4551//4551
f 4524//4524 4538//4538 4551//4551
f 4538//4538 4539//4539 4552//4552
f 4539//4539 4553//4553 4552//4552
f 4539//4539 4540//4540 4553//4553
f 4540//4540 4554//4554 4553//4553
f 4540//4540 4541//4541 4554//4554
f 4541//4541 4555//4555 4554//4554
f 4541//4541 4542//4542 4555//4555
f 4542//4542 4556//4556 4555//4555
f 4542//4542 4543//4543 4556//4556
f 4543//4543 4557//4557 4556//4556
f 4543//4543 4544//4544 4557//4557
f 4544//4544 4558//4558 4557//4557
f 4544//4544 4545//4545 4558//4558
f 4545//4545 4559//4559 4558//4558
f 4545//4545 4546//4546 4559//4559
f 4546//4546 4560//4560 4559//4559
f 4546//4546 4547//4547 4560//4560
f 4547//4547 4561//4561 4560//4560
f 4547//4547 4548//4548 4561//4561
f 4548//4548 4562//4562 4561//4561
f 4548//4548 4549//4549 4562//4562
f 4549//4549 4563//4563 4562//4562
f 4549//4549 4550//4550 4563//4563
f 4550//4550 4564//4564 4563//4563
f 4550//4550 4551//4551 4564//4564
f 4551//4551 4565//4565 4564//4564
f 4551//4551 4538//4538 4565//4565
f 4538//4538 4552//4552 4565//4565
f 4552//4552 4553//4553 4566//4566
f 4553//4553 4567//4567 4566//4566
f 4553//4553 4554//4554 4567//4567
f 4554//4554 4568//4568 4567//4567
f 4554//4554 4555//4555 4568//4568
f 4555//4555 4569//4569 4568//4568
f 4555//4555 4556//4556 4569//4569
f 4556//4556 4570//4570 4569//4569
f 4556//4556 4557//4557 4570//4570
f 4557//4557 4571//4571 4570//4570
f 4557//4557 4558//4558 4571//4571
f 4558//4558 4572//4572 4571//4571
f 4558//4558 4559//4559 4572//4572
f 4559//4559 4573//4573 4572//4572
f 4559//4559 4560//4560 4573//4573
f 4560//4560 4574//4574 4573//4573
f 4560//4560 4561//4561 4574//4574
f 4561//4561 4575//4575 4574//4574
f 4561//4561 4562//4562 4575//4575
f 4562//4562 4576//4576 4575//4575
f 4562//4562 4563//4563 4576//4576
f 4563//4563 4577//4577 4576//4576
f 4563//4563 4564//4564 4577//4577
f 4564//4564 4578//4578 4577//4577
f 4564//4564 4565//4565 4578//4578
f 4565//4565 4579//4579 4578//4578
f 4565//4565 4552//4552 4579//4579
f 4552//4552 4566//4566 4579//4579
f 4566//4566 4567//4567 4580//4580
f 4567//4567 4581//4581 4580//4580
f 4567//4567 4568//4568 4581//4581
f 4568//4568 4582//4582 4581//4581
f 4568//4568 4569//4569 4582//4582
f 4569//4569 4583//4583 4582//4582
f 4569//4569 4570//4570 4583//4583
f 4570//4570 4584//4584 4583//4583
f 4570//4570 4571//4571 4584//4584
f 4571//4571 4585//4585 4584//4584
f 4571//4571 4572//4572 4585//4585
f 4572//4572 4586//4586 4585//4585
f 4572//4572 4573//4573 4586//4586
f 4573//4573 4587//4587 4586//4586
f 4573//4573 4574//4574 4587//4587
f 4574//4574 4588//4588 4587//4587
f 4574//4574 4575//4575 4588//4588
f 4575//4575 4589//4589 4588//4588
f 4575//4575 4576//4576 4589//4589
f 4576//4576 4590//4590 4589//4589
f 4576//4576 4577//4577 4590//4590
f 4577//4577 4591//4591 4590//4590
f 4577//4577 4578//4578 4591//4591
f 4578//4578 4592//4592 4591//4591
f 4578//4578 4579//4579 4592//4592
f 4579//4579 4593//4593 4592//4592
f 4579//4579 4566//4566 4593//4593
f 4566//4566 4580//4580 4593//4593
f 4580//4580 4581//4581 4594//4594
f 4581//4581 4595//4595 4594//4594
f 4581//4581 4582//4582 4595//4595
f 4582//4582 4596//4596 4595//4595
f 4582//4582 4583//4583 4596//4596
f 4583//4583 4597//4597 4596//4596
f 4583//4583 4584//4584 4597//4597
f 4584//4584 4598//4598 4597//4597
f 4584//4584 4585//4585 4598//4598
f 4585//4585 4599//4599 4598//4598
f 4585//4585 4586//4586 4599//4599
f 4586//4586 4600//4600 4599//4599
f 4586//4586 4587//4587 4600//4600
f 4587//4587 4601//4601 4600//4600
f 4587//4587 4588//4588 4601//4601
f 4588//4588 4602//4602 4601//4601
f 4588//4588 4589//4589 4602//4602
f 4589//4589 4603//4603 4602//4602
f 4589//4589 4590//4590 4603//4603
f 4590//4590 4604//4604 4603//4603
f 4590//4590 4591//4591 4604//4604
f 4591//4591 4605//4605 4604//4604
f 4591//4591 4592//4592 4605//4605
f 4592//4592 4606//4606 4605//4605
f 4592//4592 4593//4593 4606//4606
f 4593//4593 4607//4607 4606//4606
f 4593//4593 4580//4580 4607//4607
f 4580//4580 4594//4594 4607//4607
f 4594//4594 4595//4595 4608//4608
f 4595//4595 4609//4609 4608//4608
f 4595//4595 4596//4596 4609//4609
f 4596//4596 4610//4610 4609//4609
f 4596//4596 4597//4597 4610//4610
f 4597//4597 4611//4611 4610//4610
f 4597//4597 4598//4598 4611//4611
f 4598//4598 4612//4612 4611//4611
f 4598//4598 4599//4599 4612//4612
f 4599//4599 4613//4613 4612//4612
f 4599//4599 4600//4600 4613//4613
f 4600//4600 4614//4614 4613//4613
f 4600//4600 4601//4601 4614//4614
f 4601//4601 4615//4615 4614//4614
f 4601//4601 4602//4602 4615//4615
f 4602//4602 4616//4616 4615//4615
f 4602//4602 4603//4603 4616//4616
f 4603//4603 4617//4617 4616//4616
f 4603//4603 4604//4604 4617//4617
f 4604//4604 4618//4618 4617//4617
f 4604//4604 4605//4605 4618//4618
f 4605//4605 4619//4619 4618//4618
f 4605//4605 4606//4606 4619//4619
f 4606//4606 4620//4620 4619//4619
f 4606//4606 4607//4607 4620//4620
f 4607//4607 4621//4621 4620//4620
f 4607//4607 4594//4594 4621//4621
f 4594//4594 4608//4608 4621//4621
f 4608//4608 4609//4609 4622//4622
f 4609//4609 4623//4623 4622//4622
f 4609//4609 4610//4610 4623//4623
f 4610//4610 4624//4624 4623//4623
f 4610//4610 4611//4611 4624//4624
f 4611//4611 4625//4625 4624//4624
f 4611//4611 4612//4612 4625//4625
f 4612//4612 4626//4626 4625//4625
f 4612//4612 4613//4613 4626//4626
f 4613//4613 4627//4627 4626//4626
f 4613//4613 4614//4614 4627//4627
f 4614//4614 4628//4628 4627//4627
f 4614//4614 4615//4615 4628//4628
f 4615//4615 4629//4629 4628//4628
f 4615//4615 4616//4616 4629//4629
f 4616//4616 4630//4630 4629//4629
f 4616//4616 4617//4617 4630//4630
f 4617//4617 4631//4631 4630//4630
f 4617//4617 4618//4618 4631//4631
f 4618//4618 4632//4632 4631//4631
f 4618//4618 4619//4619 4632//4632
f 4619//4619 4633//4633 4632//4632
f 4619//4619 4620//4620 4633//4633
f 4620//4620 4634//4634 4633//4633
f 4620//4620 4621//4621 4634//4634
f 4621//4621 4635//4635 4634//4634
f 4621//4621 4608//4608 4635//4635
f 4608//4608 4622//4622 4635//4635
f 4622//4622 4623//4623 4481//4481
f 4623//4623 4624//4624 4481//4481
f 4624//4624 4625//4625 4481//4481
f 4625//4625 4626//4626 4481//4481
f 4626//4626 4627//4627 4481//4481
f 4627//4627 4628//4628 4481//4481
f 4628//4628 4629//4629 4481//4481
f 4629//4629 4630//4630 4481//4481
f 4630//4630 4631//4631 4481//4481
f 4631//4631 4632//4632 4481//4481
f 4632//4632 4633//4633 4481//4481
f 4633//4633 4634//4634 4481//4481
f 4634//4634 4635//4635 4481//4481
f 4635//4635 4622//4622 4481//4481
o blackpartofeye
usemtl cute_eyeblack
s 1
f 4636//4636 4639//4639 4638//4638
f 4636//4636 4640//4640 4639//4639
f 4636//4636 4641//4641 4640//4640
f 4636//4636 4642//4642 4641//4641
f 4636//4636 4643//4643 4642//4642
f 4636//4636 4644//4644 4643//4643
f 4636//4636 4645//4645 4644//4644
f 4636//4636 4646//4646 4645//4645
f 4636//4636 4647//4647 4646//4646
f 4636//4636 4648//4648 4647//4647
f 4636//4636 4649//4649 4648//4648
f 4636//4636 4638//4638 4649//4649
f 4638//4638 4639//4639 4650//4650
f 4639//4639 4651//4651 4650//4650
f 4639//4639 4640//4640 4651//4651
f 4640//4640 4652//4652 4651//4651
f 4640//4640 4641//4641 4652//4652
f 4641//4641 4653//4653 4652//4652
f 4641//4641 4642//4642 4653//4653
f 4642//4642 4654//4654 4653//4653
f 4642//4642 4643//4643 4654//4654
f 4643//4643 4655//4655 4654//4654
f 4643//4643 4644//4644 4655//4655
f 4644//4644 4656//4656 4655//4655
f 4644//4644 4645//4645 4656//4656
f 4645//4645 4657//4657 4656//4656
f 4645//4645 4646//4646 4657//4657
f 4646//4646 4658//4658 4657//4657
f 4646//4646 4647//4647 4658//4658
f 4647//4647 4659//4659 4658//4658
f 4647//4647 4648//4648 4659//4659
f 4648//4648 4660//4660 4659//4659
f 4648//4648 4649//4649 4660//4660
f 4649//4649 4661//4661 4660//4660
f 4649//4649 4638//4638 4661//4661
f 4638//4638 4650//4650 4661//4661
f 4650//4650 4651//4651 4662//4662
f 4651//4651 4663//4663 4662//4662
f 4651//4651 4652//4652 4663//4663
f 4652//4652 4664//4664 4663//4663
f 4652//4652 4653//4653 4664//4664
f 4653//4653 4665//4665 4664//4664
f 4653//4653 4654//4654 4665//4665
f 4654//4654 4666//4666 4665//4665
f 4654//4654 4655//4655 4666//4666
f 4655//4655 4667//4667 4666//4666
f 4655//4655 4656//4656 4667//4667
f 4656//4656 4668//4668 4667//4667
f 4656//4656 4657//4657 4668//4668
f 4657//4657 4669//4669 4668//4668
f 4657//4657 4658//4658 4669//4669
f 4658//4658 4670//4670 4669//4669
f 4658//4658 4659//4659 4670//4670
f 4659//4659 4671//4671 4670//4670
f 4659//4659 4660//4660 4671//4671
f 4660//4660 4672//4672 4671//4671
f 4660//4660 4661//4661 4672//4672
f 4661//4661 4673//4673 4672//4672
f 4661//4661 4650//4650 4673//4673
f 4650//4650 4662//4662 4673//4673
f 4662//4662 4663//4663 4674//4674
f 4663//4663 4675//4675 4674//4674
f 4663//4663 4664//4664 4675//4675
f 4664//4664 4676//4676 4675//4675
f 4664//4664 4665//4665 4676//4676
f 4665//4665 4677//4677 4676//4676
f 4665//4665 4666//4666 4677//4677
f 4666//4666 4678//4678 4677//4677
f 4666//4666 4667//4667 4678//4678
f 4667//4667 4679//4679 4678//4678
f 4667//4667 4668//4668 4679//4679
f 4668//4668 4680//4680 4679//4679
f 4668//4668 4669//4669 4680//4680
f 4669//4669 4681//4681 4680//4680
f 4669//4669 4670//4670 4681//4681
f 4670//4670 4682//4682 4681//4681
f 4670//4670 4671//4671 4682//4682
f 4671//4671 4683//4683 4682//4682
f 4671//4671 4672//4672 4683//4683
f 4672//4672 4684//4684 4683//4683
f 4672//4672 4673//4673 4684//4684
f 4673//4673 4685//4685 4684//4684
f 4673//4673 4662//4662 4685//4685
f 4662//4662 4674//4674 4685//4685
f 4674//4674 4675//4675 4686//4686
f 4675//4675 4687//4687 4686//4686
f 4675//4675 4676//4676 4687//4687
f 4676//4676 4688//4688 4687//4687
f 4676//4676 4677//4677 4688//4688
f 4677//4677 4689//4689 4688//4688
f 4677//4677 4678//4678 4689//4689
f 4678//4678 4690//4690 4689//4689
f 4678//4678 4679//4679 4690//4690
f 4679//4679 4691//4691 4690//4690
f 4679//4679 4680//4680 4691//4691
f 4680//4680 4692//4692 4691//4691
f 4680//4680 4681//4681 4692//4692
f 4681//4681 4693//4693 4692//4692
f 4681//4681 4682//4682 4693//4693
f 4682//4682 4694//4694 4693//4693
f 4682//4682 4683//4683 4694//4694
f 4683//4683 4695//4695 4694//4694
f 4683//4683 4684//4684 4695//4695
f 4684//4684 4696//4696 4695//4695
f 4684//4684 4685//4685 4696//4696
f 4685//4685 4697//4697 4696//4696
f 4685//4685 4674//4674 4697//4697
f 4674//4674 4686//4686 4697//4697
f 4686//4686 4687//4687 4698//4698
f 4687//4687 4699//4699 4698//4698
f 4687//4687 4688//4688 4699//4699
f 4688//4688 4700//4700 4699//4699
f 4688//4688 4689//4689 4700//4700
f 4689//4689 4701//4701 4700//4700
f 4689//4689 4690//4690 4701//4701
f 4690//4690 4702//4702 4701//4701
f 4690//4690 4691//4691 4702//4702
f 4691//4691 4703//4703 4702//4702
f 4691//4691 4692//4692 4703//4703
f 4692//4692 4704//4704 4703//4703
f 4692//4692 4693//4693 4704//4704
f 4693//4693 4705//4705 4704//4704
f 4693//4693 4694//4694 4705//4705
f 4694//4694 4706//4706 4705//4705
f 4694//4694 4695//4695 4706//4706
f 4695//4695 4707//4707 4706//4706
f 4695//4695 4696//4696 4707//4707
f 4696//4696 4708//4708 4707//4707
f 4696//4696 4697//4697 4708//4708
f 4697//4697 4709//4709 4708//4708
f 4697//4697 4686//4686 4709//4709
f 4686//4686 4698//4698 4709//4709
f 4698//4698 4699//4699 4710//4710
f 4699//4699 4711//4711 4710//4710
f 4699//4699 4700//4700 4711//4711
f 4700//4700 4712//4712 4711//4711
f 4700//4700 4701//4701 4712//4712
f 4701//4701 4713//4713 4712//4712
f 4701//4701 4702//4702 4713//4713
f 4702//4702 4714//4714 4713//4713
f 4702//4702 4703//4703 4714//4714
f 4703//4703 4715//4715 4714//4714
f 4703//4703 4704//4704 4715//4715
f 4704//4704 4716//4716 4715//4715
f 4704//4704 4705//4705 4716//4716
f 4705//4705 4717//4717 4716//4716
f 4705//4705 4706//4706 4717//4717
f 4706//4706 4718//4718 4717//4717
f 4706//4706 4707//4707 4718//4718
f 4707//4707 4719//4719 4718//4718
f 4707//4707 4708//4708 4719//4719
f 4708//4708 4720//4720 4719//4719
f 4708//4708 4709//4709 4720//4720
f 4709//4709 4721//4721 4720//4720
f 4709//4709 4698//4698 4721//4721
f 4698//4698 4710//4710 4721//4721
f 4710//4710 4711//4711 4722//4722
f 4711//4711 4723//4723 4722//4722
f 4711//4711 4712//4712 4723//4723
f 4712//4712 4724//4724 4723//4723
f 4712//4712 4713//4713 4724//4724
f 4713//4713 4725//4725 4724//4724
f 4713//4713 4714//4714 4725//4725
f 4714//4714 4726//4726 4725//4725
f 4714//4714 4715//4715 4726//4726
f 4715//4715 4727//4727 4726//4726
f 4715//4715 4716//4716 4727//4727
f 4716//4716 4728//4728 4727//4727
f 4716//4716 4717//4717 4728//4728
f 4717//4717 4729//4729 4728//4728
f 4717//4717 4718//4718 4729//4729
f 4718//4718 4730//4730 4729//4729
f 4718//4718 4719//4719 4730//4730
f 4719//4719 4731//4731 4730//4730
f 4719//4719 4720//4720 4731//4731
f 4720//4720 4732//4732 4731//4731
f 4720//4720 4721//4721 4732//4732
f 4721//4721 4733//4733 4732//4732
f 4721//4721 4710//4710 4733//4733
f 4710//4710 4722//4722 4733//4733
f 4722//4722 4723//4723 4734//4734
f 4723//4723 4735//4735 4734//4734
f 4723//4723 4724//4724 4735//4735
f 4724//4724 4736//4736 4735//4735
f 4724//4724 4725//4725 4736//4736
f 4725//4725 4737//4737 4736//4736
f 4725//4725 4726//4726 4737//4737
f 4726//4726 4738//4738 4737//4737
f 4726//4726 4727//4727 4738//4738
f 4727//4727 4739//4739 4738//4738
f 4727//4727 4728//4728 4739//4739
f 4728//4728 4740//4740 4739//4739
f 4728//4728 4729//4729 4740//4740
f 4729//4729 4741//4741 4740//4740
f 4729//4729 4730//4730 4741//4741
f 4730//4730 4742//4742 4741//4741
f 4730//4730 4731//4731 4742//4742
f 4731//4731 4743//4743 4742//4742
f 4731//4731 4732//4732 4743//4743
f 4732//4732 4744//4744 4743//4743
f 4732//4732 4733//4733 4744//4744
f 4733//4733 4745//4745 4744//4744
f 4733//4733 4722//4722 4745//4745
f 4722//4722 4734//4734 4745//4745
f 4734//4734 4735//4735 4637//4637
f 4735//4735 4736//4736 4637//4637
f 4736//4736 4737//4737 4637//4637
f 4737//4737 4738//4738 4637//4637
f 4738//4738 4739//4739 4637//4637
f 4739//4739 4740//4740 4637//4637
f 4740//4740 4741//4741 4637//4637
f 4741//4741 4742//4742 4637//4637
f 4742//4742 4743//4743 4637//4637
f 4743//4743 4744//4744 4637//4637
f 4744//4744 4745//4745 4637//4637
f 4745//4745 4734//4734 4637//4637
o eyeglint
usemtl cute_eyewhite
s 1
f 4746//4746 4749//4749 4748//4748
f 4746//4746 4750//4750 4749//4749
f 4746//4746 4751//4751 4750//4750
f 4746//4746 4752//4752 4751//4751
f 4746//4746 4753//4753 4752//4752
f 4746//4746 4754//4754 4753//4753
f 4746//4746 4755//4755 4754//4754
f 4746//4746 4748//4748 4755//4755
f 4748//4748 4749//4749 4756//4756
f 4749//4749 4757//4757 4756//4756
f 4749//4749 4750//4750 4757//4757
f 4750//4750 4758//4758 4757//4757
f 4750//4750 4751//4751 4758//4758
f 4751//4751 4759//4759 4758//4758
f 4751//4751 4752//4752 4759//4759
f 4752//4752 4760//4760 4759//4759
f 4752//4752 4753//4753 4760//4760
f 4753//4753 4761//4761 4760//4760
f 4753//4753 4754//4754 4761//4761
f 4754//4754 4762//4762 4761//4761
f 4754//4754 4755//4755 4762//4762
f 4755//4755 4763//4763 4762//4762
f 4755//4755 4748//4748 4763//4763
f 4748//4748 4756//4756 4763//4763
f 4756//4756 4757//4757 4764//4764
f 4757//4757 4765//4765 4764//4764
f 4757//4757 4758//4758 4765//4765
f 4758//4758 4766//4766 4765//4765
f 4758//4758 4759//4759 4766//4766
f 4759//4759 4767//4767 4766//4766
f 4759//4759 4760//4760 4767//4767
f 4760//4760 4768//4768 4767//4767
f 4760//4760 4761//4761 4768//4768
f 4761//4761 4769//4769 4768//4768
f 4761//4761 4762//4762 4769//4769
f 4762//4762 4770//4770 4769//4769
f 4762//4762 4763//4763 4770//4770
f 4763//4763 4771//4771 4770//4770
f 4763//4763 4756//4756 4771//4771
f 4756//4756 4764//4764 4771//4771
f 4764//4764 4765//4765 4772//4772
f 4765//4765 4773//4773 4772//4772
f 4765//4765 4766//4766 4773//4773
f 4766//4766 4774//4774 4773//4773
f 4766//4766 4767//4767 4774//4774
f 4767//4767 4775//4775 4774//4774
f 4767//4767 4768//4768 4775//4775
f 4768//4768 4776//4776 4775//4775
f 4768//4768 4769//4769 4776//4776
f 4769//4769 4777//4777 4776//4776
f 4769//4769 4770//4770 4777//4777
f 4770//4770 4778//4778 4777//4777
f 4770//4770 4771//4771 4778//4778
f 4771//4771 4779//4779 4778//4778
f 4771//4771 4764//4764 4779//4779
f 4764//4764 4772//4772 4779//4779
f 4772//4772 4773//4773 4780//4780
f 4773//4773 4781//4781 4780//4780
f 4773//4773 4774//4774 4781//4781
f 4774//4774 4782//4782 4781//4781
f 4774//4774 4775//4775 4782//4782
f 4775//4775 4783//4783 4782//4782
f 4775//4775 4776//4776 4783//4783
f 4776//4776 4784//4784 4783//4783
f 4776//4776 4777//4777 4784//4784
f 4777//4777 4785//4785 4784//4784
f 4777//4777 4778//4778 4785//4785
f 4778//4778 4786//4786 4785//4785
f 4778//4778 4779//4779 4786//4786
f 4779//4779 4787//4787 4786//4786
f 4779//4779 4772//4772 4787//4787
f 4772//4772 4780//4780 4787//4787
f 4780//4780 4781//4781 4747//4747
f 4781//4781 4782//4782 4747//4747
f 4782//4782 4783//4783 4747//4747
f 4783//4783 4784//4784 4747//4747
f 4784//4784 4785//4785 4747//4747
f 4785//4785 4786//4786 4747//4747
f 4786//4786 4787//4787 4747//4747
f 4787//4787 4780//4780 4747//4747
o whitepartofeye
usemtl cute_eyewhite
s 1
f 4788//4788 4791//4791 4790//4790
f 4788//4788 4792//4792 4791//4791
f 4788//4788 4793//4793 4792//4792
f 4788//4788 4794//4794 4793//4793
f 4788//4788 4795//4795 4794//4794
f 4788//4788 4796//4796 4795//4795
f 4788//4788 4797//4797 4796//4796
f 4788//4788 4798//4798 4797//4797
f 4788//4788 4799//4799 4798//4798
f 4788//4788 4800//4800 4799//4799
f 4788//4788 4801//4801 4800//4800
f 4788//4788 4802//4802 4801//4801
f 4788//4788 4803//4803 4802//4802
f 4788//4788 4790//4790 4803//4803
f 4790//4790 4791//4791 4804//4804
f 4791//4791 4805//4805 4804//4804
f 4791//4791 4792//4792 4805//4805
f 4792//4792 4806//4806 4805//4805
f 4792//4792 4793//4793 4806//4806
f 4793//4793 4807//4807 4806//4806
f 4793//4793 4794//4794 4807//4807
f 4794//4794 4808//4808 4807//4807
f 4794//4794 4795//4795 4808//4808
f 4795//4795 4809//4809 4808//4808
f 4795//4795 4796//4796 4809//4809
f 4796//4796 4810//4810 4809//4809
f 4796//4796 4797//4797 4810//4810
f 4797//4797 4811//4811 4810//4810
f 4797//4797 4798//4798 4811//4811
f 4798//4798 4812//4812 4811//4811
f 4798//4798 4799//4799 4812//4812
f 4799//4799 4813//4813 4812//4812
f 4799//4799 4800//4800 4813//4813
f 4800//4800 4814//4814 4813//4813
f 4800//4800 4801//4801 4814//4814
f 4801//4801 4815//4815 4814//4814
f 4801//4801 4802//4802 4815//4815
f 4802//4802 4816//4816 4815//4815
f 4802//4802 4803//4803 4816//4816
f 4803//4803 4817//4817 4816//4816
f 4803//4803 4790//4790 4817//4817
f 4790//4790 4804//4804 4817//4817
f 4804//4804 4805//4805 4818//4818
f 4805//4805 4819//4819 4818//4818
f 4805//4805 4806//4806 4819//4819
f 4806//4806 4820//4820 4819//4819
f 4806//4806 4807//4807 4820//4820
f 4807//4807 4821//4821 4820//4820
f 4807//4807 4808//4808 4821//4821
f 4808//4808 4822//4822 4821//4821
f 4808//4808 4809//4809 4822//4822
f 4809//4809 4823//4823 4822//4822
f 4809//4809 4810//4810 4823//4823
f 4810//4810 4824//4824 4823//4823
f 4810//4810 4811//4811 4824//4824
f 4811//4811 4825//4825 4824//4824
f 4811//4811 4812//4812 4825//4825
f 4812//4812 4826//4826 4825//4825
f 4812//4812 4813//4813 4826//4826
f 4813//4813 4827//4827 4826//4826
f 4813//4813 4814//4814 4827//4827
f 4814//4814 4828//4828 4827//4827
f 4814//4814 4815//4815 4828//4828
f 4815//4815 4829//4829 4828//4828
f 4815//4815 4816//4816 4829//4829
f 4816//4816 4830//4830 4829//4829
f 4816//4816 4817//4817 4830//4830
f 4817//4817 4831//4831 4830//4830
f 4817//4817 4804//4804 4831//4831
f 4804//4804 4818//4818 4831//4831
f 4818//4818 4819//4819 4832//4832
f 4819//4819 4833//4833 4832//4832
f 4819//4819 4820//4820 4833//4833
f 4820//4820 4834//4834 4833//4833
f 4820//4820 4821//4821 4834//4834
f 4821//4821 4835//4835 4834//4834
f 4821//4821 4822//4822 4835//4835
f 4822//4822 4836//4836 4835//4835
f 4822//4822 4823//4823 4836//4836
f 4823//4823 4837//4837 4836//4836
f 4823//4823 4824//4824 4837//4837
f 4824//4824 4838//4838 4837//4837
f 4824//4824 4825//4825 4838//4838
f 4825//4825 4839//4839 4838//4838
f 4825//4825 4826//4826 4839//4839
f 4826//4826 4840//4840 4839//4839
f 4826//4826 4827//4827 4840//4840
f 4827//4827 4841//4841 4840//4840
f 4827//4827 4828//4828 4841//4841
f 4828//4828 4842//4842 4841//4841
f 4828//4828 4829//4829 4842//4842
f 4829//4829 4843//4843 4842//4842
f 4829//4829 4830//4830 4843//4843
f 4830//4830 4844//4844 4843//4843
f 4830//4830 4831//4831 4844//4844
f 4831//4831 4845//4845 4844//4844
f 4831//4831 4818//4818 4845//4845
f 4818//4818 4832//4832 4845//4845
f 4832//4832 4833//4833 4846//4846
f 4833//4833 4847//4847 4846//4846
f 4833//4833 4834//4834 4847//4847
f 4834//4834 4848//4848 4847//4847
f 4834//4834 4835//4835 4848//4848
f 4835//4835 4849//4849 4848//4848
f 4835//4835 4836//4836 4849//4849
f 4836//4836 4850//4850 4849//4849
f 4836//4836 4837//4837 4850//4850
f 4837//4837 4851//4851 4850//4850
f 4837//4837 4838//4838 4851//4851
f 4838//4838 4852//4852 4851//4851
f 4838//4838 4839//4839 4852//4852
f 4839//4839 4853//4853 4852//4852
f 4839//4839 4840//4840 4853//4853
f 4840//4840 4854//4854 4853//4853
f 4840//4840 4841//4841 4854//4854
f 4841//4841 4855//4855 4854//4854
f 4841//4841 4842//4842 4855//4855
f 4842//4842 4856//4856 4855//4855
f 4842//4842 4843//4843 4856//4856
f 4843//4843 4857//4857 4856//4856
f 4843//4843 4844//4844 4857//4857
f 4844//4844 4858//4858 4857//4857
f 4844//4844 4845//4845 4858//4858
f 4845//4845 4859//4859 4858//4858
f 4845//4845 4832//4832 4859//4859
f 4832//4832 4846//4846 4859//4859
f 4846//4846 4847//4847 4860//4860
f 4847//4847 4861//4861 4860//4860
f 4847//4847 4848//4848 4861//4861
f 4848//4848 4862//4862 4861//4861
f 4848//4848 4849//4849 4862//4862
f 4849//4849 4863//4863 4862//4862
f 4849//4849 4850//4850 4863//4863
f 4850//4850 4864//4864 4863//4863
f 4850//4850 4851//4851 4864//4864
f 4851//4851 4865//4865 4864//4864
f 4851//4851 4852//4852 4865//4865
f 4852//4852 4866//4866 4865//4865
f 4852//4852 4853//4853 4866//4866
f 4853//4853 4867//4867 4866//4866
f 4853//4853 4854//4854 4867//4867
f 4854//4854 4868//4868 4867//4867
f 4854//4854 4855//4855 4868//4868
f 4855//4855 4869//4869 4868//4868
f 4855//4855 4856//4856 4869//4869
f 4856//4856 4870//4870 4869//4869
f 4856//4856 4857//4857 4870//4870
f 4857//4857 4871//4871 4870//4870
f 4857//4857 4858//4858 4871//4871
f 4858//4858 4872//4872 4871//4871
f 4858//4858 4859//4859 4872//4872
f 4859//4859 4873//4873 4872//4872
f 4859//4859 4846//4846 4873//4873
f 4846//4846 4860//4860 4873//4873
f 4860//4860 4861//4861 4874//4874
f 4861//4861 4875//4875 4874//4874
f 4861//4861 4862//4862 4875//4875
f 4862//4862 4876//4876 4875//4875
f 4862//4862 4863//4863 4876//4876
f 4863//4863 4877//4877 4876//4876
f 4863//4863 4864//4864 4877//4877
f 4864//4864 4878//4878 4877//4877
f 4864//4864 4865//4865 4878//4878
f 4865//4865 4879//4879 4878//4878
f 4865//4865 4866//4866 4879//4879
f 4866//4866 4880//4880 4879//4879
f 4866//4866 4867//4867 4880//4880
f 4867//4867 4881//4881 4880//4880
f 4867//4867 4868//4868 4881//4881
f 4868//4868 4882//4882 4881//4881
f 4868//4868 4869//4869 4882//4882
f 4869//4869 4883//4883 4882//4882
f 4869//4869 4870//4870 4883//4883
f 4870//4870 4884//4884 4883//4883
f 4870//4870 4871//4871 4884//4884
f 4871//4871 4885//4885 4884//4884
f 4871//4871 4872//4872 4885//4885
f 4872//4872 4886//4886 4885//4885
f 4872//4872 4873//4873 4886//4886
f 4873//4873 4887//4887 4886//4886
f 4873//4873 4860//4860 4887//4887
f 4860//4860 4874//4874 4887//4887
f 4874//4874 4875//4875 4888//4888
f 4875//4875 4889//4889 4888//4888
f 4875//4875 4876//4876 4889//4889
f 4876//4876 4890//4890 4889//4889
f 4876//4876 4877//4877 4890//4890
f 4877//4877 4891//4891 4890//4890
f 4877//4877 4878//4878 4891//4891
f 4878//4878 4892//4892 4891//4891
f 4878//4878 4879//4879 4892//4892
f 4879//4879 4893//4893 4892//4892
f 4879//4879 4880//4880 4893//4893
f 4880//4880 4894//4894 4893//4893
f 4880//4880 4881//4881 4894//4894
f 4881//4881 4895//4895 4894//4894
f 4881//4881 4882//4882 4895//4895
f 4882//4882 4896//4896 4895//4895
f 4882//4882 4883//4883 4896//4896
f 4883//4883 4897//4897 4896//4896
f 4883//4883 4884//4884 4897//4897
f 4884//4884 4898//4898 4897//4897
f 4884//4884 4885//4885 4898//4898
f 4885//4885 4899//4899 4898//4898
f 4885//4885 4886//4886 4899//4899
f 4886//4886 4900//4900 4899//4899
f 4886//4886 4887//4887 4900//4900
f 4887//4887 4901//4901 4900//4900
f 4887//4887 4874//4874 4901//4901
f 4874//4874 4888//4888 4901//4901
f 4888//4888 4889//4889 4902//4902
f 4889//4889 4903//4903 4902//4902
f 4889//4889 4890//4890 4903//4903
f 4890//4890 4904//4904 4903//4903
f 4890//4890 4891//4891 4904//4904
f 4891//4891 4905//4905 4904//4904
f 4891//4891 4892//4892 4905//4905
f 4892//4892 4906//4906 4905//4905
f 4892//4892 4893//4893 4906//4906
f 4893//4893 4907//4907 4906//4906
f 4893//4893 4894//4894 4907//4907
f 4894//4894 4908//4908 4907//4907
f 4894//4894 4895//4895 4908//4908
f 4895//4895 4909//4909 4908//4908
f 4895//4895 4896//4896 4909//4909
f 4896//4896 4910//4910 4909//4909
f 4896//4896 4897//4897 4910//4910
f 4897//4897 4911//4911 4910//4910
f 4897//4897 4898//4898 4911//4911
f 4898//4898 4912//4912 4911//4911
f 4898//4898 4899//4899 4912//4912
f 4899//4899 4913//4913 4912//4912
f 4899//4899 4900//4900 4913//4913
f 4900//4900 4914//4914 4913//4913
f 4900//4900 4901//4901 4914//4914
f 4901//4901 4915//4915 4914//4914
f 4901//4901 4888//4888 4915//4915
f 4888//4888 4902//4902 4915//4915
f 4902//4902 4903//4903 4916//4916
f 4903//4903 4917//4917 4916//4916
f 4903//4903 4904//4904 4917//4917
f 4904//4904 4918//4918 4917//4917
f 4904//4904 4905//4905 4918//4918
f 4905//4905 4919//4919 4918//4918
f 4905//4905 4906//4906 4919//4919
f 4906//4906 4920//4920 4919//4919
f 4906//4906 4907//4907 4920//4920
f 4907//4907 4921//4921 4920//4920
f 4907//4907 4908//4908 4921//4921
f 4908//4908 4922//4922 4921//4921
f 4908//4908 4909//4909 4922//4922
f 4909//4909 4923//4923 4922//4922
f 4909//4909 4910//4910 4923//4923
f 4910//4910 4924//4924 4923//4923
f 4910//4910 4911//4911 4924//4924
f 4911//4911 4925//4925 4924//4924
f 4911//4911 4912//4912 4925//4925
f 4912//4912 4926//4926 4925//4925
f 4912//4912 4913//4913 4926//4926
f 4913//4913 4927//4927 4926//4926
f 4913//4913 4914//4914 4927//4927
f 4914//4914 4928//4928 4927//4927
f 4914//4914 4915//4915 4928//4928
f 4915//4915 4929//4929 4928//4928
f 4915//4915 4902//4902 4929//4929
f 4902//4902 4916//4916 4929//4929
f 4916//4916 4917//4917 4930//4930
f 4917//4917 4931//4931 4930//4930
f 4917//4917 4918//4918 4931//4931
f 4918//4918 4932//4932 4931//4931
f 4918//4918 4919//4919 4932//4932
f 4919//4919 4933//4933 4932//4932
f 4919//4919 4920//4920 4933//4933
f 4920//4920 4934//4934 4933//4933
f 4920//4920 4921//4921 4934//4934
f 4921//4921 4935//4935 4934//4934
f 4921//4921 4922//4922 4935//4935
f 4922//4922 4936//4936 4935//4935
f 4922//4922 4923//4923 4936//4936
f 4923//4923 4937//4937 4936//4936
f 4923//4923 4924//4924 4937//4937
f 4924//4924 4938//4938 4937//4937
f 4924//4924 4925//4925 4938//4938
f 4925//4925 4939//4939 4938//4938
f 4925//4925 4926//4926 4939//4939
f 4926//4926 4940//4940 4939//4939
f 4926//4926 4927//4927 4940//4940
f 4927//4927 4941//4941 4940//4940
f 4927//4927 4928//4928 4941//4941
f 4928//4928 4942//4942 4941//4941
f 4928//4928 4929//4929 4942//4942
f 4929//4929 4943//4943 4942//4942
f 4929//4929 4916//4916 4943//4943
f 4916//4916 4930//4930 4943//4943
f 4930//4930 4931//4931 4789//4789
f 4931//4931 4932//4932 4789//4789
f 4932//4932 4933//4933 4789//4789
f 4933//4933 4934//4934 4789//4789
f 4934//4934 4935//4935 4789//4789
f 4935//4935 4936//4936 4789//4789
f 4936//4936 4937//4937 4789//4789
f 4937//4937 4938//4938 4789//4789
f 4938//4938 4939//4939 4789//4789
f 4939//4939 4940//4940 4789//4789
f 4940//4940 4941//4941 4789//4789
f 4941//4941 4942//4942 4789//4789
f 4942//4942 4943//4943 4789//4789
f 4943//4943 4930//4930 4789//4789
o blackpartofeye
usemtl cute_eyeblack
s 1
f 4944//4944 4947//4947 4946//4946
f 4944//4944 4948//4948 4947//4947
f 4944//4944 4949//4949 4948//4948
f 4944//4944 4950//4950 4949//4949
f 4944//4944 4951//4951 4950//4950
f 4944//4944 4952//4952 4951//4951
f 4944//4944 4953//4953 4952//4952
f 4944//4944 4954//4954 4953//4953
f 4944//4944 4955//4955 4954//4954
f 4944//4944 4956//4956 4955//4955
f 4944//4944 4957//4957 4956//4956
f 4944//4944 4946//4946 4957//4957
f 4946//4946 4947//4947 4958//4958
f 4947//4947 4959//4959 4958//4958
f 4947//4947 4948//4948 4959//4959
f 4948//4948 4960//4960 4959//4959
f 4948//4948 4949//4949 4960//4960
f 4949//4949 4961//4961 4960//4960
f 4949//4949 4950//4950 4961//4961
f 4950//4950 4962//4962 4961//4961
f 4950//4950 4951//4951 4962//4962
f 4951//4951 4963//4963 4962//4962
f 4951//4951 4952//4952 4963//4963
f 4952//4952 4964//4964 4963//4963
f 4952//4952 4953//4953 4964//4964
f 4953//4953 4965//4965 4964//4964
f 4953//4953 4954//4954 4965//4965
f 4954//4954 4966//4966 4965//4965
f 4954//4954 4955//4955 4966//4966
f 4955//4955 4967//4967 4966//4966
f 4955//4955 4956//4956 4967//4967
f 4956//4956 4968//4968 4967//4967
f 4956//4956 4957//4957 4968//4968
f 4957//4957 4969//4969 4968//4968
f 4957//4957 4946//4946 4969//4969
f 4946//4946 4958//4958 4969//4969
f 4958//4958 4959//4959 4970//4970
f 4959//4959 4971//4971 4970//4970
f 4959//4959 4960//4960 4971//4971
f 4960//4960 4972//4972 4971//4971
f 4960//4960 4961//4961 4972//4972
f 4961//4961 4973//4973 4972//4972
f 4961//4961 4962//4962 4973//4973
f 4962//4962 4974//4974 4973//4973
f 4962//4962 4963//4963 4974//4974
f 4963//4963 4975//4975 4974//4974
f 4963//4963 4964//4964 4975//4975
f 4964//4964 4976//4976 4975//4975
f 4964//4964 4965//4965 4976//4976
f 4965//4965 4977//4977 4976//4976
f 4965//4965 4966//4966 4977//4977
f 4966//4966 4978//4978 4977//4977
f 4966//4966 4967//4967 4978//4978
f 4967//4967 4979//4979 4978//4978
f 4967//4967 4968//4968 4979//4979
f 4968//4968 4980//4980 4979//4979
f 4968//4968 4969//4969 4980//4980
f 4969//4969 4981//4981 4980//4980
f 4969//4969 4958//4958 4981//4981
f 4958//4958 4970//4970 4981//4981
f 4970//4970 4971//4971 4982//4982
f 4971//4971 4983//4983 4982//4982
f 4971//4971 4972//4972 4983//4983
f 4972//4972 4984//4984 4983//4983
f 4972//4972 4973//4973 4984//4984
f 4973//4973 4985//4985 4984//4984
f 4973//4973 4974//4974 4985//4985
f 4974//4974 4986//4986 4985//4985
f 4974//4974 4975//4975 4986//4986
f 4975//4975 4987//4987 4986//4986
f 4975//4975 4976//4976 4987//4987
f 4976//4976 4988//4988 4987//4987
f 4976//4976 4977//4977 4988//4988
f 4977//4977 4989//4989 4988//4988
f 4977//4977 4978//4978 4989//4989
f 4978//4978 4990//4990 4989//4989
f 4978//4978 4979//4979 4990//4990
f 4979//4979 4991//4991 4990//4990
f 4979//4979 4980//4980 4991//4991
f 4980//4980 4992//4992 4991//4991
f 4980//4980 4981//4981 4992//4992
f 4981//4981 4993//4993 4992//4992
f 4981//4981 4970//4970 4993//4993
f 4970//4970 4982//4982 4993//4993
f 4982//4982 4983//4983 4994//4994
f 4983//4983 4995//4995 4994//4994
f 4983//4983 4984//4984 4995//4995
f 4984//4984 4996//4996 4995//4995
f 4984//4984 4985//4985 4996//4996
f 4985//4985 4997//4997 4996//4996
f 4985//4985 4986//4986 4997//4997
f 4986//4986 4998//4998 4997//4997
f 4986//4986 4987//4987 4998//4998
f 4987//4987 4999//4999 4998//4998
f 4987//4987 4988//4988 4999//4999
f 4988//4988 5000//5000 4999//4999
f 4988//4988 4989//4989 5000//5000
f 4989//4989 5001//5001 5000//5000
f 4989//4989 4990//4990 5001//5001
f 4990//4990 5002//5002 5001//5001
f 4990//4990 4991//4991 5002//5002
f 4991//4991 5003//5003 5002//5002
f 4991//4991 4992//4992 5003//5003
f 4992//4992 5004//5004 5003//5003
f 4992//4992 4993//4993 5004//5004
f 4993//4993 5005//5005 5004//5004
f 4993//4993 4982//4982 5005//5005
f 4982//4982 4994//4994 5005//5005
f 4994//4994 4995//4995 5006//5006
f 4995//4995 5007//5007 5006//5006
f 4995//4995 4996//4996 5007//5007
f 4996//4996 5008//5008 5007//5007
f 4996//4996 4997//4997 5008//5008
f 4997//4997 5009//5009 5008//5008
f 4997//4997 4998//4998 5009//5009
f 4998//4998 5010//5010 5009//5009
f 4998//4998 4999//4999 5010//5010
f 4999//4999 5011//5011 5010//5010
f 4999//4999 5000//5000 5011//5011
f 5000//5000 5012//5012 5011//5011
f 5000//5000 5001//5001 5012//5012
f 5001//5001 5013//5013 5012//5012
f 5001//5001 5002//5002 5013//5013
f 5002//5002 5014//5014 5013//5013
f 5002//5002 5003//5003 5014//5014
f 5003//5003 5015//5015 5014//5014
f 5003//5003 5004//5004 5015//5015
f 5004//5004 5016//5016 5015//5015
f 5004//5004 5005//5005 5016//5016
f 5005//5005 5017//5017 5016//5016
f 5005//5005 4994//4994 5017//5017
f 4994//4994 5006//5006 5017//5017
f 5006//5006 5007//5007 5018//5018
f 5007//5007 5019//5019 5018//5018
f 5007//5007 5008//5008 5019//5019
f 5008//5008 5020//5020 5019//5019
f 5008//5008 5009//5009 5020//5020
f 5009//5009 5021//5021 5020//5020
f 5009//5009 5010//5010 5021//5021
f 5010//5010 5022//5022 5021//5021
f 5010//5010 5011//5011 5022//5022
f 5011//5011 5023//5023 5022//5022
f 5011//5011 5012//5012 5023//5023
f 5012//5012 5024//5024 5023//5023
f 5012//5012 5013//5013 5024//5024
f 5013//5013 5025//5025 5024//5024
f 5013//5013 5014//5014 5025//5025
f 5014//5014 5026//5026 5025//5025
f 5014//5014 5015//5015 5026//5026
f 5015//5015 5027//5027 5026//5026
f 5015//5015 5016//5016 5027//5027
f 5016//5016 5028//5028 5027//5027
f 5016//5016 5017//5017 5028//5028
f 5017//5017 5029//5029 5028//5028
f 5017//5017 5006//5006 5029//5029
f 5006//5006 5018//5018 5029//5029
f 5018//5018 5019//5019 5030//5030
f 5019//5019 5031//5031 5030//5030
f 5019//5019 5020//5020 5031//5031
f 5020//5020 5032//5032 5031//5031
f 5020//5020 5021//5021 5032//5032
f 5021//5021 5033//5033 5032//5032
f 5021//5021 5022//5022 5033//5033
f 5022//5022 5034//5034 5033//5033
f 5022//5022 5023//5023 5034//5034
f 5023//5023 5035//5035 5034//5034
f 5023//5023 5024//5024 5035//5035
f 5024//5024 5036//5036 5035//5035
f 5024//5024 5025//5025 5036//5036
f 5025//5025 5037//5037 5036//5036
f 5025//5025 5026//5026 5037//5037
f 5026//5026 5038//5038 5037//5037
f 5026//5026 5027//5027 5038//5038
f 5027//5027 5039//5039 5038//5038
f 5027//5027 5028//5028 5039//5039
f 5028//5028 5040//5040 5039//5039
f 5028//5028 5029//5029 5040//5040
f 5029//5029 5041//5041 5040//5040
f 5029//5029 5018//5018 5041//5041
f 5018//5018 5030//5030 5041//5041
f 5030//5030 5031//5031 5042//5042
f 5031//5031 5043//5043 5042//5042
f 5031//5031 5032//5032 5043//5043
f 5032//5032 5044//5044 5043//5043
f 5032//5032 5033//5033 5044//5044
f 5033//5033 5045//5045 5044//5044
f 5033//5033 5034//5034 5045//5045
f 5034//5034 5046//5046 5045//5045
f 5034//5034 5035//5035 5046//5046
f 5035//5035 5047//5047 5046//5046
f 5035//5035 5036//5036 5047//5047
f 5036//5036 5048//5048 5047//5047
f 5036//5036 5037//5037 5048//5048
f 5037//5037 5049//5049 5048//5048
f 5037//5037 5038//5038 5049//5049
f 5038//5038 5050//5050 5049//5049
f 5038//5038 5039//5039 5050//5050
f 5039//5039 5051//5051 5050//5050
f 5039//5039 5040//5040 5051//5051
f 5040//5040 5052//5052 5051//5051
f 5040//5040 5041//5041 5052//5052
f 5041//5041 5053//5053 5052//5052
f 5041//5041 5030//5030 5053//5053
f 5030//5030 5042//5042 5053//5053
f 5042//5042 5043//5043 4945//4945
f 5043//5043 5044//5044 4945//4945
f 5044//5044 5045//5045 4945//4945
f 5045//5045 5046//5046 4945//4945
f 5046//5046 5047//5047 4945//4945
f 5047//5047 5048//5048 4945//4945
f 5048//5048 5049//5049 4945//4945
f 5049//5049 5050//5050 4945//4945
f 5050//5050 5051//5051 4945//4945
f 5051//5051 5052//5052 4945//4945
f 5052//5052 5053//5053 4945//4945
f 5053//5053 5042//5042 4945//4945
o eyeglint
usemtl cute_eyewhite
s 1
f 5054//5054 5057//5057 5056//5056
f 5054//5054 5058//5058 5057//5057
f 5054//5054 5059//5059 5058//5058
f 5054//5054 5060//5060 5059//5059
f 5054//5054 5061//5061 5060//5060
f 5054//5054 5062//5062 5061//5061
f 5054//5054 5063//5063 5062//5062
f 5054//5054 5056//5056 5063//5063
f 5056//5056 5057//5057 5064//5064
f 5057//5057 5065//5065 5064//5064
f 5057//5057 5058//5058 5065//5065
f 5058//5058 5066//5066 5065//5065
f 5058//5058 5059//5059 5066//5066
f 5059//5059 5067//5067 5066//5066
f 5059//5059 5060//5060 5067//5067
f 5060//5060 5068//5068 5067//5067
f 5060//5060 5061//5061 5068//5068
f 5061//5061 5069//5069 5068//5068
f 5061//5061 5062//5062 5069//5069
f 5062//5062 5070//5070 5069//5069
f 5062//5062 5063//5063 5070//5070
f 5063//5063 5071//5071 5070//5070
f 5063//5063 5056//5056 5071//5071
f 5056//5056 5064//5064 5071//5071
f 5064//5064 5065//5065 5072//5072
f 5065//5065 5073//5073 5072//5072
f 5065//5065 5066//5066 5073//5073
f 5066//5066 5074//5074 5073//5073
f 5066//5066 5067//5067 5074//5074
f 5067//5067 5075//5075 5074//5074
f 5067//5067 5068//5068 5075//5075
f 5068//5068 5076//5076 5075//5075
f 5068//5068 5069//5069 5076//5076
f 5069//5069 5077//5077 5076//5076
f 5069//5069 5070//5070 5077//5077
f 5070//5070 5078//5078 5077//5077
f 5070//5070 5071//5071 5078//5078
f 5071//5071 5079//5079 5078//5078
f 5071//5071 5064//5064 5079//5079
f 5064//5064 5072//5072 5079//5079
f 5072//5072 5073//5073 5080//5080
f 5073//5073 5081//5081 5080//5080
f 5073//5073 5074//5074 5081//5081
f 5074//5074 5082//5082 5081//5081
f 5074//5074 5075//5075 5082//5082
f 5075//5075 5083//5083 5082//5082
f 5075//5075 5076//5076 5083//5083
f 5076//5076 5084//5084 5083//5083
f 5076//5076 5077//5077 5084//5084
f 5077//5077 5085//5085 5084//5084
f 5077//5077 5078//5078 5085//5085
f 5078//5078 5086//5086 5085//5085
f 5078//5078 5079//5079 5086//5086
f 5079//5079 5087//5087 5086//5086
f 5079//5079 5072//5072 5087//5087
f 5072//5072 5080//5080 5087//5087
f 5080//5080 5081//5081 5088//5088
f 5081//5081 5089//5089 5088//5088
f 5081//5081 5082//5082 5089//5089
f 5082//5082 5090//5090 5089//5089
f 5082//5082 5083//5083 5090//5090
f 5083//5083 5091//5091 5090//5090
f 5083//5083 5084//5084 5091//5091
f 5084//5084 5092//5092 5091//5091
f 5084//5084 5085//5085 5092//5092
f 5085//5085 5093//5093 5092//5092
f 5085//5085 5086//5086 5093//5093
f 5086//5086 5094//5094 5093//5093
f 5086//5086 5087//5087 5094//5094
f 5087//5087 5095//5095 5094//5094
f 5087//5087 5080//5080 5095//5095
f 5080//5080 5088//5088 5095//5095
f 5088//5088 5089//5089 5055//5055
f 5089//5089 5090//5090 5055//5055
f 5090//5090 5091//5091 5055//5055
f 5091//5091 5092//5092 5055//5055
f 5092//5092 5093//5093 5055//5055
f 5093//5093 5094//5094 5055//5055
f 5094//5094 5095//5095 5055//5055
f 5095//5095 5088//5088 5055//5055
o nostril
usemtl cute_mouth
s 1
f 5096//5096 5099//5099 5098//5098
f 5096//5096 5100//5100 5099//5099
f 5096//5096 5101//5101 5100//5100
f 5096//5096 5102//5102 5101//5101
f 5096//5096 5103//5103 5102//5102
f 5096//5096 5104//5104 5103//5103
f 5096//5096 5105//5105 5104//5104
f 5096//5096 5098//5098 5105//5105
f 5098//5098 5099//5099 5106//5106
f 5099//5099 5107//5107 5106//5106
f 5099//5099 5100//5100 5107//5107
f 5100//5100 5108//5108 5107//5107
f 5100//5100 5101//5101 5108//5108
f 5101//5101 5109//5109 5108//5108
f 5101//5101 5102//5102 5109//5109
f 5102//5102 5110//5110 5109//5109
f 5102//5102 5103//5103 5110//5110
f 5103//5103 5111//5111 5110//5110
f 5103//5103 5104//5104 5111//5111
f 5104//5104 5112//5112 5111//5111
f 5104//5104 5105//5105 5112//5112
f 5105//5105 5113//5113 5112//5112
f 5105//5105 5098//5098 5113//5113
f 5098//5098 5106//5106 5113//5113
f 5106//5106 5107//5107 5114//5114
f 5107//5107 5115//5115 5114//5114
f 5107//5107 5108//5108 5115//5115
f 5108//5108 5116//5116 5115//5115
f 5108//5108 5109//5109 5116//5116
f 5109//5109 5117//5117 5116//5116
f 5109//5109 5110//5110 5117//5117
f 5110//5110 5118//5118 5117//5117
f 5110//5110 5111//5111 5118//5118
f 5111//5111 5119//5119 5118//5118
f 5111//5111 5112//5112 5119//5119
f 5112//5112 5120//5120 5119//5119
f 5112//5112 5113//5113 5120//5120
f 5113//5113 5121//5121 5120//5120
f 5113//5113 5106//5106 5121//5121
f 5106//5106 5114//5114 5121//5121
f 5114//5114 5115//5115 5122//5122
f 5115//5115 5123//5123 5122//5122
f 5115//5115 5116//5116 5123//5123
f 5116//5116 5124//5124 5123//5123
f 5116//5116 5117//5117 5124//5124
f 5117//5117 5125//5125 5124//5124
f 5117//5117 5118//5118 5125//5125
f 5118//5118 5126//5126 5125//5125
f 5118//5118 5119//5119 5126//5126
f 5119//5119 5127//5127 5126//5126
f 5119//5119 5120//5120 5127//5127
f 5120//5120 5128//5128 5127//5127
f 5120//5120 5121//5121 5128//5128
f 5121//5121 5129//5129 5128//5128
f 5121//5121 5114//5114 5129//5129
f 5114//5114 5122//5122 5129//5129
f 5122//5122 5123//5123 5130//5130
f 5123//5123 5131//5131 5130//5130
f 5123//5123 5124//5124 5131//5131
f 5124//5124 5132//5132 5131//5131
f 5124//5124 5125//5125 5132//5132
f 5125//5125 5133//5133 5132//5132
f 5125//5125 5126//5126 5133//5133
f 5126//5126 5134//5134 5133//5133
f 5126//5126 5127//5127 5134//5134
f 5127//5127 5135//5135 5134//5134
f 5127//5127 5128//5128 5135//5135
f 5128//5128 5136//5136 5135//5135
f 5128//5128 5129//5129 5136//5136
f 5129//5129 5137//5137 5136//5136
f 5129//5129 5122//5122 5137//5137
f 5122//5122 5130//5130 5137//5137
f 5130//5130 5131//5131 5097//5097
f 5131//5131 5132//5132 5097//5097
f 5132//5132 5133//5133 5097//5097
f 5133//5133 5134//5134 5097//5097
f 5134//5134 5135//5135 5097//5097
f 5135//5135 5136//5136 5097//5097
f 5136//5136 5137//5137 5097//5097
f 5137//5137 5130//5130 5097//5097
o nostril
usemtl cute_mouth
s 1
f 5138//5138 5141//5141 5140//5140
f 5138//5138 5142//5142 5141//5141
f 5138//5138 5143//5143 5142//5142
f 5138//5138 5144//5144 5143//5143
f 5138//5138 5145//5145 5144//5144
f 5138//5138 5146//5146 5145//5145
f 5138//5138 5147//5147 5146//5146
f 5138//5138 5140//5140 5147//5147
f 5140//5140 5141//5141 5148//5148
f 5141//5141 5149//5149 5148//5148
f 5141//5141 5142//5142 5149//5149
f 5142//5142 5150//5150 5149//5149
f 5142//5142 5143//5143 5150//5150
f 5143//5143 5151//5151 5150//5150
f 5143//5143 5144//5144 5151//5151
f 5144//5144 5152//5152 5151//5151
f 5144//5144 5145//5145 5152//5152
f 5145//5145 5153//5153 5152//5152
f 5145//5145 5146//5146 5153//5153
f 5146//5146 5154//5154 5153//5153
f 5146//5146 5147//5147 5154//5154
f 5147//5147 5155//5155 5154//5154
f 5147//5147 5140//5140 5155//5155
f 5140//5140 5148//5148 5155//5155
f 5148//5148 5149//5149 5156//5156
f 5149//5149 5157//5157 5156//5156
f 5149//5149 5150//5150 5157//5157
f 5150//5150 5158//5158 5157//5157
f 5150//5150 5151//5151 5158//5158
f 5151//5151 5159//5159 5158//5158
f 5151//5151 5152//5152 5159//5159
f 5152//5152 5160//5160 5159//5159
f 5152//5152 5153//5153 5160//5160
f 5153//5153 5161//5161 5160//5160
f 5153//5153 5154//5154 5161//5161
f 5154//5154 5162//5162 5161//5161
f 5154//5154 5155//5155 5162//5162
f 5155//5155 5163//5163 5162//5162
f 5155//5155 5148//5148 5163//5163
f 5148//5148 5156//5156 5163//5163
f 5156//5156 5157//5157 5164//5164
f 5157//5157 5165//5165 5164//5164
f 5157//5157 5158//5158 5165//5165
f 5158//5158 5166//5166 5165//5165
f 5158//5158 5159//5159 5166//5166
f 5159//5159 5167//5167 5166//5166
f 5159//5159 5160//5160 5167//5167
f 5160//5160 5168//5168 5167//5167
f 5160//5160 5161//5161 5168//5168
f 5161//5161 5169//5169 5168//5168
f 5161//5161 5162//5162 5169//5169
f 5162//5162 5170//5170 5169//5169
f 5162//5162 5163//5163 5170//5170
f 5163//5163 5171//5171 5170//5170
f 5163//5163 5156//5156 5171//5171
f 5156//5156 5164//5164 5171//5171
f 5164//5164 5165//5165 5172//5172
f 5165//5165 5173//5173 5172//5172
f 5165//5165 5166//5166 5173//5173
f 5166//5166 5174//5174 5173//5173
f 5166//5166 5167//5167 5174//5174
f 5167//5167 5175//5175 5174//5174
f 5167//5167 5168//5168 5175//5175
f 5168//5168 5176//5176 5175//5175
f 5168//5168 5169//5169 5176//5176
f 5169//5169 5177//5177 5176//5176
f 5169//5169 5170//5170 5177//5177
f 5170//5170 5178//5178 5177//5177
f 5170//5170 5171//5171 5178//5178
f 5171//5171 5179//5179 5178//5178
f 5171//5171 5164//5164 5179//5179
f 5164//5164 5172//5172 5179//5179
f 5172//5172 5173//5173 5139//5139
f 5173//5173 5174//5174 5139//5139
f 5174//5174 5175//5175 5139//5139
f 5175//5175 5176//5176 5139//5139
f 5176//5176 5177//5177 5139//5139
f 5177//5177 5178//5178 5139//5139
f 5178//5178 5179//5179 5139//5139
f 5179//5179 5172//5172 5139//5139
o mouth
usemtl cute_mouth
s 1
f 5180//5180 5181//5181 5188//5188
f 5181//5181 5189//5189 5188//5188
f 5181//5181 5182//5182 5189//5189
f 5182//5182 5190//5190 5189//5189
f 5182//5182 5183//5183 5190//5190
f 5183//5183 5191//5191 5190//5190
f 5183//5183 5184//5184 5191//5191
f 5184//5184 5192//5192 5191//5191
f 5184//5184 5185//5185 5192//5192
f 5185//5185 5193//5193 5192//5192
f 5185//5185 5186//5186 5193//5193
f 5186//5186 5194//5194 5193//5193
f 5186//5186 5187//5187 5194//5194
f 5187//5187 5195//5195 5194//5194
f 5187//5187 5180//5180 5195//5195
f 5180//5180 5188//5188 5195//5195
f 5188//5188 5189//5189 5196//5196
f 5189//5189 5197//5197 5196//5196
f 5189//5189 5190//5190 5197//5197
f 5190//5190 5198//5198 5197//5197
f 5190//5190 5191//5191 5198//5198
f 5191//5191 5199//5199 5198//5198
f 5191//5191 5192//5192 5199//5199
f 5192//5192 5200//5200 5199//5199
f 5192//5192 5193//5193 5200//5200
f 5193//5193 5201//5201 5200//5200
f 5193//5193 5194//5194 5201//5201
f 5194//5194 5202//5202 5201//5201
f 5194//5194 5195//5195 5202//5202
f 5195//5195 5203//5203 5202//5202
f 5195//5195 5188//5188 5203//5203
f 5188//5188 5196//5196 5203//5203
f 5196//5196 5197//5197 5204//5204
f 5197//5197 5205//5205 5204//5204
f 5197//5197 5198//5198 5205//5205
f 5198//5198 5206//5206 5205//5205
f 5198//5198 5199//5199 5206//5206
f 5199//5199 5207//5207 5206//5206
f 5199//5199 5200//5200 5207//5207
f 5200//5200 5208//5208 5207//5207
f 5200//5200 5201//5201 5208//5208
f 5201//5201 5209//5209 5208//5208
f 5201//5201 5202//5202 5209//5209
f 5202//5202 5210//5210 5209//5209
f 5202//5202 5203//5203 5210//5210
f 5203//5203 5211//5211 5210//5210
f 5203//5203 5196//5196 5211//5211
f 5196//5196 5204//5204 5211//5211
f 5204//5204 5205//5205 5212//5212
f 5205//5205 5213//5213 5212//5212
f 5205//5205 5206//5206 5213//5213
f 5206//5206 5214//5214 5213//5213
f 5206//5206 5207//5207 5214//5214
f 5207//5207 5215//5215 5214//5214
f 5207//5207 5208//5208 5215//5215
f 5208//5208 5216//5216 5215//5215
f 5208//5208 5209//5209 5216//5216
f 5209//5209 5217//5217 5216//5216
f 5209//5209 5210//5210 5217//5217
f 5210//5210 5218//5218 5217//5217
f 5210//5210 5211//5211 5218//5218
f 5211//5211 5219//5219 5218//5218
f 5211//5211 5204//5204 5219//5219
f 5204//5204 5212//5212 5219//5219
f 5212//5212 5213//5213 5220//5220
f 5213//5213 5221//5221 5220//5220
f 5213//5213 5214//5214 5221//5221
f 5214//5214 5222//5222 5221//5221
f 5214//5214 5215//5215 5222//5222
f 5215//5215 5223//5223 5222//5222
f 5215//5215 5216//5216 5223//5223
f 5216//5216 5224//5224 5223//5223
f 5216//5216 5217//5217 5224//5224
f 5217//5217 5225//5225 5224//5224
f 5217//5217 5218//5218 5225//5225
f 5218//5218 5226//5226 5225//5225
f 5218//5218 5219//5219 5226//5226
f 5219//5219 5227//5227 5226//5226
f 5219//5219 5212//5212 5227//5227
f 5212//5212 5220//5220 5227//5227
f 5220//5220 5221//5221 5228//5228
f 5221//5221 5229//5229 5228//5228
f 5221//5221 5222//5222 5229//5229
f 5222//5222 5230//5230 5229//5229
f 5222//5222 5223//5223 5230//5230
f 5223//5223 5231//5231 5230//5230
f 5223//5223 5224//5224 5231//5231
f 5224//5224 5232//5232 5231//5231
f 5224//5224 5225//5225 5232//5232
f 5225//5225 5233//5233 5232//5232
f 5225//5225 5226//5226 5233//5233
f 5226//5226 5234//5234 5233//5233
f 5226//5226 5227//5227 5234//5234
f 5227//5227 5235//5235 5234//5234
f 5227//5227 5220//5220 5235//5235
f 5220//5220 5228//5228 5235//5235
f 5228//5228 5229//5229 5236//5236
f 5229//5229 5237//5237 5236//5236
f 5229//5229 5230//5230 5237//5237
f 5230//5230 5238//5238 5237//5237
f 5230//5230 5231//5231 5238//5238
f 5231//5231 5239//5239 5238//5238
f 5231//5231 5232//5232 5239//5239
f 5232//5232 5240//5240 5239//5239
f 5232//5232 5233//5233 5240//5240
f 5233//5233 5241//5241 5240//5240
f 5233//5233 5234//5234 5241//5241
f 5234//5234 5242//5242 5241//5241
f 5234//5234 5235//5235 5242//5242
f 5235//5235 5243//5243 5242//5242
f 5235//5235 5228//5228 5243//5243
f 5228//5228 5236//5236 5243//5243
f 5236//5236 5237//5237 5244//5244
f 5237//5237 5245//5245 5244//5244
f 5237//5237 5238//5238 5245//5245
f 5238//5238 5246//5246 5245//5245
f 5238//5238 5239//5239 5246//5246
f 5239//5239 5247//5247 5246//5246
f 5239//5239 5240//5240 5247//5247
f 5240//5240 5248//5248 5247//5247
f 5240//5240 5241//5241 5248//5248
f 5241//5241 5249//5249 5248//5248
f 5241//5241 5242//5242 5249//5249
f 5242//5242 5250//5250 5249//5249
f 5242//5242 5243//5243 5250//5250
f 5243//5243 5251//5251 5250//5250
f 5243//5243 5236//5236 5251//5251
f 5236//5236 5244//5244 5251//5251
f 5252//5252 5181//5181 5180//5180
f 5252//5252 5182//5182 5181//5181
f 5252//5252 5183//5183 5182//5182
f 5252//5252 5184//5184 5183//5183
f 5252//5252 5185//5185 5184//5184
f 5252//5252 5186//5186 5185//5185
f 5252//5252 5187//5187 5186//5186
f 5252//5252 5180//5180 5187//5187
f 5253//5253 5244//5244 5245//5245
f 5253//5253 5245//5245 5246//5246
f 5253//5253 5246//5246 5247//5247
f 5253//5253 5247//5247 5248//5248
f 5253//5253 5248//5248 5249//5249
f 5253//5253 5249//5249 5250//5250
f 5253//5253 5250//5250 5251//5251
f 5253//5253 5251//5251 5244//5244
